тъ,Pd
васъ,Pp
крьститъ,V-
дх҃омь,Nb
ст҃ъꙇмь,A-
ꙇ,C-
огн҄емь,Nb
Емоуже,Pr
лопата,Nb
въ,R-
рѫкоу,Nb
его,Pp
ꙇ,C-
потрѣбитъ,V-
гоумъно,Nb
свое,Pt
ꙇ,C-
съберетъ,V-
пьшеницѫ,Nb
въ,R-
житьницѫ,Nb
а,C-
плѣвꙑ,Nb
съжежетъ,V-
огн҄емь,Nb
негасимъꙇмь,V-
тогда,Df
приде,V-
ис҃,Ne
отъ,R-
галилеѩ,Ne
на,R-
ꙇор'данъ,Ne
къ,R-
ꙇоӑноу,Ne
крьстити,V-
сѧ,Pk
отъ,R-
н҄его,Pp
ꙇо̆анъ,Ne
же,Df
възбран҄ѣше,V-
емоу,Pp
гл҃ѧ,V-
азъ,Pp
трѣбоуѭ,V-
отъ,R-
тебе,Pp
крьстити,V-
сѧ,Pk
а,C-
тꙑ,Pp
л҃и҃,Df
къ,R-
мнѣ,Pp
грѧдеши,V-
отъвѣштавъ,V-
же,Df
ис҃,Ne
рече,V-
къ,R-
н҄емоу,Pp
остани,V-
нꙑн҄ѣ,Df
тако,Df
бо,Df
подобьно,A-
намъ,Pp
естъ,V-
съкончати,V-
всѣкѫ̆,A-
правъдѫ,Nb
тогда,Df
остави,V-
его,Pp
крьшть,V-
сѧ,Pk
ис҃,Ne
ꙇ,C-
възиде,V-
отъ,R-
водꙑ,Nb
ꙇ,C-
се,I-
отвръзошѧ,V-
сѧ,Pk
емоу,Pp
ꙇ,C-
видѣ,V-
дх҃ъ,Nb
бж҃іи,A-
съxодѧшть,V-
ѣко,Df
голѫбь,Nb
ꙇ,C-
грѧдѫшть,V-
на,R-
н҄ь,Pp
ꙇ,C-
се,I-
гласъ,Nb
съ,R-
нб҃се,Nb
гл҃ѧ,V-
сь,Pd
естъ,V-
сн҃ъ,Nb
мои,Ps
възл҄юбл҄енъꙇ,V-
о,R-
немь,Pp
же,Df
благов[о]лиxъ,V-
тогда,Df
ис҃,Ne
възведенъ,V-
бꙑстъ,V-
дх҃омь,Nb
въ,R-
поустꙑн҄ѭ,Nb
ꙇскоусити,V-
сѧ,Pk
отъ,R-
неприѣзни,Nb
ꙇ,C-
пошть,V-
сѧ,Pk
дьниі,Nb
к҃,Ma
ꙇ,C-
ноштиі,Nb
послѣдь,Df
възлака,V-
Ꙇ,C-
пристѫпи,V-
къ,R-
н҄емоу,Pp
диѣволъ,Nb
ꙇскоушаѩ,V-
и,Pp
ꙇ,C-
рече,V-
аште,G-
сн҃ъ,Nb
еси,V-
бж҃іи,A-
рьци,V-
да,G-
камение,Nb
се,Pd
xлѣби,Nb
бѫдѫтъ,V-
о̆нъ,Pd
же,Df
отъвѣштавъ,V-
рече,V-
пишетъ,V-
не,Df
о,R-
xлѣбѣ,Nb
единомь,Ma
поживетъ,V-
чк҃ъ,Nb
нъ,C-
о̆,R-
всемь,Px
гл҃ѣ,Nb
ꙇсxодѧштиімь,V-
ꙇз,R-
оустъ,Nb
бж҃іи,A-
тогда,Df
поѩтъ,V-
і,Pp
диѣволъ,Nb
вь,R-
ст҃ъꙇ,A-
градъ,Nb
ꙇ,C-
постави,V-
і,Pp
на,R-
крилѣ,Nb
црък'вьнѣемь,A-
ꙇ,C-
гл҃а,V-
емоу,Pp
аште,G-
сн҃ъ,Nb
еси,V-
бж҃іи,A-
поусти,V-
себе,Pk
долоу,Df
пишетъ,V-
бо,Df
ѣко,G-
аꙉл҃омъ,Nb
своимъ,Pt
заповѣстъ,V-
о,R-
тебѣ,Pp
ꙇ,C-
на,R-
рѫкаxъ,Nb
възъмѫтъ,V-
тѧ,Pp
да,G-
не,Df
когда,Df
прѣтъкнеши,V-
о,R-
камен??,Nb
ногѫ,Nb
своѫ,Pt
Рече,V-
же,Df
емоу,Pp
ис҃,Ne
пакꙑ,Df
пишетъ,V-
не,Df
ꙇскоусиши,V-
г҃а,Nb
б҃а,Nb
своего,Pt
пакꙑ,Df
поѩтъ,V-
его,Pp
неприѣзнь,Nb
на,R-
горѫ,Nb
вꙑсокѫ,A-
ꙃѣло,Df
ꙇ,C-
показа,V-
емоу,Pp
вьсѣ,Px
цр҃ствиѣ,Nb
мира,Nb
ꙇ,C-
славѫ,Nb
его,Pp
ꙇ,C-
гл҃а,V-
емоу,Pp
вьсѣ,Px
си,Pd
дамь,V-
ти,Pd
аште,G-
падъ,V-
поклониши,V-
ми,Pp
сѧ,Pk
тогда,Df
гл҃а,V-
емоу,Pp
ис҃,Ne
отиди,V-
диѣвол҄е,Ne
пишетъ,V-
бо,Df
г҃ю,Nb
б҃ѵ,Nb
своемоу,Pt
поклониши,V-
сѧ,Pk
ꙇ,C-
томоу,Pd
единомоу,Ma
послоужиши,V-
тогда,Df
остави,V-
его,Pp
диѣволъ,Nb
ꙇ,C-
се,I-
аꙉл҃и,Nb
пристѫпишѧ,V-
ꙇ,C-
слоужааxѫ,V-
емоу,Pp
Слꙑшавъ,V-
же,Df
ис҃,Ne
ѣко,G-
ꙇоӑнъ,Ne
прѣданъ,V-
бꙑстъ,V-
отиде,V-
въ,R-
галилеѭ,Ne
ꙇ,C-
оставь,V-
назаретъ,Ne
пришедъ,V-
вьсели,V-
сѧ,Pk
въ,R-
каперьнаоумъ,Ne
на,R-
поморие,Nb
въ,R-
область,Nb
завѵлон҄ѭ,A-
ꙇ,C-
невъф'талимл҄ѭ,A-
да,G-
съконьчаатъ,V-
сѧ,Pk
реченое,V-
ꙇсаꙇемь,Ne
пророкомь,Nb
гл҃ѭштем??,V-
земл҄ѣ,Nb
завѵлон҄ѣ,A-
земл҄ѣ,Nb
невъф'талимл҄ѣ,A-
пѫть,Nb
морѣ,Nb
на,R-
ономь,Pd
полоу,Nb
ꙇор'да??,Ne
галилеѣ,Ne
ѩзꙑкомъ,Nb
люди,Nb
сѣдѧштиі,V-
въ,R-
тъмѣ,Nb
видѣшѧ,V-
свѣтъ,Nb
велиі,A-
ꙇ,C-
сѣдѧштиімъ,V-
въ,R-
тъмѣ,Nb
ꙇ,C-
въ,R-
сѣни,Nb
съмрътьнѣ,A-
свѣтъ,Nb
въсиѣетъ,V-
на,R-
насъ,Pp
Ѡтъ толи,Df
начѧтъ,V-
ис҃,Ne
проповѣдати,V-
ꙇ,C-
гл҃ати,V-
покаꙇте,V-
сѧ,Pk
приближи,V-
бо,Df
сѧ,Pk
цр҃ствие,Nb
нб҃ское,A-
xодѧ,V-
же,Df
при,R-
мори,Nb
галилѣꙇсцѣмь,A-
видѣ,V-
дъва,Ma
братра,Nb
симона,Ne
нарицаѭштааго,V-
сѧ,Pk
петра,Ne
ꙇ,C-
ан'дрѣѭ,Ne
братра,Nb
его,Pp
въмѣтаѭшта,V-
мрѣжѧ,Nb
въ,R-
море,Nb
бѣашете,V-
бо,Df
рꙑбарѣ,Nb
ꙇ,C-
гл҃а,V-
ꙇма,Pp
грѧдѣта,V-
въ,R-
слѣдъ,Nb
мене,Pp
ꙇ,C-
сътвор҄ѭ,V-
вꙑ,Pp
чк҃омъ,Nb
ловьца,Nb
она,Pd
же,Df
абие,Df
оставьша,V-
мрѣжѧ,Nb
по,R-
немь,Pp
ꙇдосте,V-
ꙇ,C-
прѣшьдъ,V-
тѫдѣ,Df
видѣ,V-
ꙇна,Px
дъва,Ma
братра,Nb
ꙇѣкова,Ne
зеведео̆ва,A-
ꙇо̆ана,Ne
брата,Nb
емоу,Pp
въ,R-
кораби,Nb
съ,R-
зеведеомь,Ne
оц҃емь,Nb
ею,Pp
завѧзаѭшта,V-
мрѣжѧ,Nb
своѩ,Pt
ꙇ,C-
възъва,V-
ѣ,Pp
о̆на,Pd
же,Df
абие,Df
оставьша,V-
кораб҄ь,Nb
ꙇ,C-
оц҃а,Nb
своего,Pt
по,R-
н҄емь,Pp
ꙇдосте,V-
ꙇ,C-
проxождааше,V-
в'сѭ,Px
галилеѭ,Ne
ис҃,Ne
оучѧ,V-
на,R-
сънъмиштиxъ,Nb
ꙇxъ,Pp
ꙇ,C-
проповѣдаѩ,V-
ев҃аꙉлие,Nb
цр҃ствиѣ,Nb
ꙇ,C-
цѣлѧ,V-
вьсѣкъ,A-
недѫгъ,Nb
ꙇ,C-
всѣкѫ,A-
ѩзѫ,Nb
въ,R-
л҄юдеxъ,Nb
ꙇ,C-
изиде,V-
слоуxъ,Nb
его,Pp
въ,R-
вьсеи,Px
с'ѵриі,Ne
ꙇ,C-
привѣсѧ,V-
емоу,Pp
вьсѧ,Px
болѧштѧѩ,V-
различьнъꙇми,A-
недѫгꙑ,Nb
ꙇ,C-
страстьми,Nb
о̆дръжимꙑ,V-
ꙇ,C-
бѣсънꙑѩ,A-
ꙇ,C-
мѣсѧчьнꙑѩ,A-
зълꙑ,A-
недѫгꙑ,Nb
ꙇмѫштѧ,V-
ꙇ,C-
ослабл҄енꙑ,V-
жилами,Nb
ꙇ,C-
ицѣли,V-
ѩ,Pp
ꙇ,C-
по,R-
н҄емь,Pp
ꙇдошѧ,V-
народи,Nb
мноꙃи,A-
о̆тъ,R-
галилеѩ,Ne
ꙇ,C-
декаполѣӑ,Ne
ꙇ,C-
отъ,R-
ꙇл҃ма,Ne
ꙇ,C-
и юдеѩ,Ne
ꙇ,C-
съ,R-
оного,Pd
полоу,Nb
ꙇо̆рдана,Ne
оузьрѣвъ,V-
же,Df
народꙑ,Nb
вьзиде,V-
на,R-
горѫ,Nb
ꙇ,C-
ѣко,G-
сѣде,V-
пристѫпишѧ,V-
къ,R-
н҄емоу,Pp
оученици,Nb
его,Pp
ꙇ,C-
отвръзъ,V-
оуста,Nb
своѣ,Pt
оучааше,V-
ѩ,Pp
гл҃ѧ,V-
Блажени,A-
ништиі,A-
дх҃омь,Nb
ѣко,G-
тѣxъ,Pd
естъ,V-
цр҃со,Nb
нб҃ское,A-
блажени,A-
плачѫштеи,V-
ѣко,G-
ти,Pd
оутѣшѧтъ,V-
сѧ,Pk
блажени,A-
кротьци,A-
ѣко,G-
ти,Pd
наслѣдѧтъ,V-
земл҄ѭ,Nb
блажени,A-
алꙿчѫштиꙇ,V-
ꙇ,C-
жѧждѫштиі,V-
правъдꙑ,Nb
ради,R-
ѣко,G-
ти,Pd
насꙑтѧтъ,V-
сѧ,Pk
блажени,A-
милостивиі,A-
ѣко,G-
ти,Pd
помиловани,V-
бѫдѫтъ,V-
блажени,A-
чистиі,A-
сръдцемь,Nb
ѣко,G-
ти,Pd
б҃а,Nb
оузьрѧтъ,V-
блажени,A-
съмирѣѭштиі,V-
ѣко,G-
ти,Pd
сн҃о!в!е,Nb
бж҃іи,A-
нарекѫтъ,V-
сѧ,Pk
блажени,A-
ꙇзгънани,V-
правъдꙑ,Nb
ради,R-
ѣко,G-
тѣxъ,Pd
естъ,V-
цр҃ство,Nb
нб҃ское,A-
блажени,A-
есте,V-
егда,Dq
поносѧтъ,V-
вамъ,Pp
ꙇ,C-
ижденѫтъ,V-
вꙑ,Pp
ꙇ,C-
рекѫтъ,V-
вьсѣкъ,A-
зълъ,A-
гл҃ъ,Nb
на,R-
вꙑ,Pp
лъжѫште,V-
мене,Pp
ради,R-
Радоуите,V-
сѧ,Pk
ꙇ,C-
веселите,V-
сѧ,Pk
ѣко,G-
мъзда,Nb
ваша,Ps
многа,A-
естъ,V-
на,R-
небесеxъ,Nb
тако,Df
бо,Df
ꙇзгънашѧ,V-
пророкꙑ,Nb
ꙇже,Pr
бѣшѧ,V-
прѣжде,Df
васъ,Pp
вꙑ,Pp
есте,V-
соль,Nb
земи,Nb
аште,G-
же,Df
соль,Nb
обоуѣетъ,V-
чимь,Pi
осолитъ,V-
сѧ,Pk
ни,Df
чьсомоу,Px
же,Df
бѫдетъ,V-
къ,R-
томоу,Pd
да,G-
ꙇсꙑпана,V-
бѫдетъ,V-
вънъ,Df
ꙇ,C-
попираема,V-
чк҃ꙑ,Nb
Вꙑ,Pp
есте,V-
свѣтъ,Nb
мироу,Nb
не,Df
можетъ,V-
градъ,Nb
оукрꙑти,V-
сѧ,Pk
вр?xоу,R-
горꙑ,Nb
стоѩ,V-
ни,C-
въжагаѭтъ,V-
свѣтильника,Nb
ꙇ,C-
поставл҄ѣѭтъ,V-
его,Pp
подъ,R-
спѫдомь,Nb
нъ,C-
на,R-
свѣштьницѣ,Nb
ꙇ,C-
свѣтитъ,V-
вьсѣмъ,Px
ꙇже,Pr
въ,R-
xраминѣ,Nb
сѫтъ,V-
тако,Df
да,Df
просвѣтититъ,V-
сѧ,Pk
свѣтъ,Nb
вашь,Ps
прѣдъ,R-
чк҃ꙑ,Nb
да,G-
оузьрѧтъ,V-
дѣла,Nb
ваша,Ps
добраѣ,A-
ꙇ,C-
прославѧтъ,V-
оц҃а,Nb
вашего,Ps
ꙇжь,Pr
естъ,V-
на,R-
нбx҃ъ,Nb
Не,Df
мните,V-
ѣко,G-
придъ,V-
разоритъ,V-
закона,Nb
ли,C-
пророкъ,Nb
не,Df
придъ,V-
разоритъ,V-
нъ,C-
ꙇсплънитъ,V-
аминꙿ ,I-
аминꙿ ,I-
гл҃ѭ,V-
вамъ,Pp
доꙇдеже,G-
прѣꙇдетъ,V-
нб҃о,Nb
ꙇ,C-
земл҄ѣ,Nb
писмѧ,Nb
едино,Ma
ли,C-
едина,Ma
чръта,Nb
не,Df
прѣꙇдеть,V-
отъ,R-
закона,Nb
доꙇдеже,G-
всѣ,Px
бѫдѫтъ,V-
ꙇже,Pr
бо,Df
разоритъ,V-
единѫ,Ma
заповѣдь,Nb
ꙇ,R-
сиxъ,Pd
малъꙇxъ,A-
ꙇ,C-
наоучить,V-
тако,Df
чк҃ꙑ,Nb
мьниі,A-
наречетъ,V-
сѧ,Pk
въ,R-
цр҃си,Nb
нб҃сцѣмь,A-
а,C-
ꙇжь,Pr
сътворитъ,V-
ꙇ,C-
наоучитъ,V-
сь,Pd
велиі,A-
наречетъ,V-
сѧ,Pk
въ,R-
цр҃си,Nb
нб҃сцѣмь,A-
Г҃л҄ѭ,V-
бо,Df
вамъ,Pp
ѣко,G-
аште,G-
не,Df
ꙇзбѫдетъ,V-
правъда,Nb
ваша,Ps
паче,Df
кънижьникъ,Nb
ꙇ,C-
фарисеи,Nb
не,Df
ꙇмате,V-
вьнити,V-
въ,R-
цр҃со,Nb
нб҃ское,A-
слꙑшасте,V-
ѣко,G-
речено,V-
бꙑстъ,V-
древьниімъ,A-
не,Df
оубиеши,V-
ꙇжь,Pr
бо,Df
оубиетъ,V-
повиненъ,A-
естъ,V-
сѫдоу,Nb
азъ,Pp
же,Df
гл҃ѭ,V-
вамъ,Pp
ѣко,G-
гнѣваѩ ꙇ,V-
сѧ,Pk
на,R-
брата,Nb
своего,Pt
спꙑти,Df
повиненъ,A-
естъ,V-
сѫдоу,Nb
ꙇжь,Pr
бо,Df
речетъ,V-
братоу,Nb
своемоу,Pt
ракꙿка,F-
повиннъ,A-
естъ,V-
сънъмиштю,Nb
а,C-
ꙇжь,Pr
речетъ,V-
боуе,A-
повиненъ,A-
естъ,V-
ꙉеонѣ,Nb
огньнѣи,A-
аште,G-
оубо,Df
принесеши,V-
даръ,Nb
свои,Pt
къ,R-
олꙿтар҄ю,Nb
ꙇ,C-
тоу,Df
помѣнеши,V-
ѣко,G-
бръ,Nb
твои,Ps
ꙇматъ,V-
нѣчто,Px
на,R-
тѧ,Pp
остави,V-
даръ,Nb
твои,Ps
тоу,Df
прѣдъ,R-
олꙿтаремь,Nb
ꙇ,C-
шедъ,V-
прѣжде,Df
съмири,V-
сѧ,Pk
съ,R-
бротомь,Nb
твоімь,Ps
ꙇ,C-
тъгда,Df
пришьдъ,V-
принеси,V-
даръ,Nb
свои,Pt
Бѫди,V-
оувѣштаѩ,V-
сѧ,Pk
съ,R-
сѫпьрьмь,Nb
своꙇмь,Pt
скоро,Df
доꙇдеже,G-
еси,V-
на,R-
пѫти,Nb
съ,R-
н҄имь,Pp
да,G-
не,Df
прѣдастъ,V-
тебе,Pp
сѫпьрь,Nb
сѫдиі,Nb
ꙇ,C-
сѫдиі,Nb
тѧ,Pp
прѣдастъ,V-
слоуꙃѣ,Nb
ꙇ,C-
въ,R-
темьницѫ,Nb
въвръжетъ,V-
тѧ,Pp
ам҃нь,I-
г҃л҄ѭ,V-
ти,Pp
не,Df
ꙇзидеши,V-
отъ тѫдѣ,Df
доньдеже,G-
въздаси,V-
послѣдьниі,A-
конъдратъ,Nb
Слꙑшасте,V-
ѣко,G-
речено,V-
бꙑстъ,V-
древьн҄имъ,A-
не,Df
прѣл҄юбꙑ,Nb
сътвориши,V-
азъ,Pp
же,Df
г҃л҄ѭ,V-
вамъ,Pp
ѣко,G-
вьсѣкъ,A-
ꙇже,Pr
възьритъ,V-
на,R-
женѫ,Nb
съ,R-
поxотиѭ,Nb
о̆уже ,Df
л҄юбꙑ,Nb
сътвори,V-
съ,R-
н҄еѭ,Pp
въ,R-
сръдьци,Nb
своемь,Pt
аште,G-
же,Df
око,Nb
твое,Ps
десное,A-
съблажн҄ѣетъ,V-
тѧ,Pp
ꙇстъкни,V-
е,Pp
ꙇ,C-
отъвръзи,V-
о̆тъ,R-
себе,Pk
добрѣе,Df
бо,Df
ти,Pp
естъ,V-
да,G-
погꙑбл҄етъ,V-
единъ,Ma
оудъ,Nb
твоꙇxъ,Ps
а,C-
не,Df
все,Px
тѣло,Nb
твое,Ps
въвръжено,V-
бѫдетъ,V-
въ,R-
ꙉео̆нѫ,Nb
ꙇ,C-
аште,G-
деснаѣ,A-
твоѣ,Ps
рѫка,Nb
съблажнаетъ,V-
тѧ,Pp
оусѣце,V-
ѭ,Pp
ꙇ,C-
о̆тъвръзи,V-
о̆тъ,R-
себе,Pk
добрѣе,Df
бо,Df
ти,Pp
естъ,V-
да,G-
погꙑбл҄етъ,V-
единъ,Ma
оудъ,Nb
твоꙇxъ,Ps
а,C-
не,Df
все,Px
тѣло,Nb
твое,Ps
въвръжено,V-
бѫдетъ,V-
въ,R-
ꙉеонѫ,Nb
речено,V-
же,Df
бꙑстъ,V-
ꙇже,Pr
ӑште,G-
поуститъ,V-
женѫ,Nb
своѭ,Pt
дастъ,V-
еи,Pp
кънигꙑ,Nb
распоустънꙑѩ,A-
азъ,Pp
же,Df
г҃л҄ѭ,V-
вамъ,Pp
ѣко,G-
вьсѣкъ,A-
поуштаѩи,V-
женѫ,Nb
своѭ,Pt
развѣ,R-
словесе,Nb
л҄юбодѣꙇнааго,A-
творитъ,V-
ѭ,Pp
прѣл҄юбꙑ,Nb
дѣати,V-
ꙇ,C-
иже,Pr
подъпѣгѫ,Nb
поемл҄етъ,V-
прѣл҄юбꙑ,Nb
дѣетъ,V-
пакꙑ,Df
слꙑшасте,V-
ѣко,G-
речено,V-
бꙑстъ,V-
древьн҄иімъ,A-
нъ,C-
въ,R-
лъже,Nb
кльнеши,V-
сѧ,Pk
въздаси,V-
же,Df
г҃ви,Nb
клѧтвꙑ,Nb
своѩ,Pt
азъ,Pp
же,Df
г҃л҄ѭ,V-
вамъ,Pp
не,Df
клѧти,V-
сѧ,Pk
вамъ,Pp
не,Df
клѧти,V-
сѧ,Pk
отънѫдь,Df
небомь,Nb
ѣко,G-
прѣстолъ,Nb
естъ,V-
бж҃іи,A-
ни,C-
земл҄ѭ,Nb
ѣко,G-
подъножие,Nb
естъ,V-
ногама,Nb
его,Pp
ни,C-
е҃лммь,Ne
ѣко,G-
градъ,Nb
естъ,V-
великааго,A-
цр҃ѣ,Nb
ни,C-
главоѭ,Nb
своеѭ,Pt
кльни,V-
сѧ,Pk
ѣко,G-
не,Df
можеши,V-
власа,Nb
единого,Ma
бѣла,A-
ли,C-
чръна,A-
сътворити,V-
бѫди,V-
же,Df
слово,Nb
ваше,Ps
еи,I-
еи,I-
ꙇ,C-
ни,I-
ни,I-
лиxое,A-
бо,Df
сею,Pd
отъ,R-
неприѣзни,Nb
естъ,V-
слꙑшасте,V-
ѣко,G-
речено,V-
б҃ъіⷭ҇,V-
око,Nb
за,R-
око,Nb
ꙇ,C-
зѫбъ,Nb
за,R-
зѫбъ,Nb
азъ,Pp
г҃л҄ѭ,V-
вамъ,Pp
не,Df
противити,V-
сѧ,Pk
зълоу,A-
нъ,C-
аште,G-
къто,Px
тѧ,Pp
оударитъ,V-
въ,R-
деснѫѭ,A-
ланитѫ,Nb
о̆брати,V-
сѧ,Pk
емоу,Pp
дроугѫѭ,A-
ꙇ,C-
xотѧштюмоу,V-
сѫдъ,Nb
приѩти,V-
съ,R-
тобоѭ,Pp
ꙇ,C-
ризѫ,Nb
твоѭ,Ps
вьзѧти,V-
о̆тъпоусти,V-
емоу,Pp
ꙇ,Df
срачицѫ,Nb
твоѭ,Ps
ꙇ,C-
аште,G-
къто,Px
поꙇметъ,V-
тѧ,Pp
по,R-
силѣ,Nb
пръпьриште,Nb
едино,Ma
ꙇди,V-
съ,R-
н҄имь,Pp
двѣ,Ma
Просѧштюмоу,V-
оу,R-
тебе,Pp
даи,V-
ꙇ,C-
xотѧштааго,V-
отъ,R-
тебе,Pp
заѩти,V-
не,Df
отъврати,V-
слꙑшасте,V-
ѣко,G-
речено,V-
бъіⷭ҇,V-
вьзлюбиши,V-
подроуга,Nb
своего,Pt
ꙇ,C-
възненавидиши,V-
врагꙑ,Nb
своѩ,Pt
Азъ,Pp
же,Df
г҃л҄ѭ,V-
вамъ,Pp
л҄юбите,V-
врагꙑ,Nb
вашѧ,Ps
благословите,V-
клънѫштѧѩ,V-
вꙑ,Pp
добро,A-
творите,V-
ненавидѧштиімъ,V-
васъ,Pp
ꙇ,C-
молите,V-
за,R-
творѧштѧѩ,V-
вамъ,Pp
напасти,Nb
ꙇ,C-
изгонѧштѧѩ,V-
вꙑ,Pp
да,G-
бѫдете,V-
сн҃ове,Nb
оц҃а,Nb
вашего,Ps
ꙇжь,Pr
естъ,V-
на,R-
небесеxъ,Nb
ѣко,G-
слъньце,Nb
свое,Pt
сиѣетъ,V-
на,R-
зълꙑ,A-
ꙇ,C-
благꙑ,A-
ꙇ,C-
дъждитъ,V-
на,R-
праведънꙑѩ,A-
ꙇ,C-
неправьдънꙑ,A-
аште,G-
л҄юбите,V-
л҄юбѧштѧѩ,V-
вꙑ,Pp
кѫѭ,Pi
мъздѫ,Nb
ꙇмате,V-
не,Df
ꙇ,Df
мьздоꙇмьци,Nb
ли,Du
тожде,Pd
творѧтъ,V-
ꙇ,C-
аште,G-
цѣлоуете,V-
дроугꙑ,Nb
вашѧ,Ps
токмо,Df
чьто,Pi
творите,V-
не,Df
ꙇ,Df
мьздоꙇмьци,Nb
ли,Du
тожде,Pd
творѧтъ,V-
бѫдѣте,V-
оубо,Df
съвръшени,A-
ѣко,Dq
ꙇ,C-
оц҃ь,Nb
вашь,Ps
нб҃с(къ),A-
съвръшенъ,A-
естъ,V-
Вънемл҄ѣте,V-
милостꙑн҄ѧ,Nb
вашѧ,Ps
не,Df
творити,V-
прѣдъ,R-
ч҃къ[і,Nb
да,G-
видими,V-
бѫдете,V-
ꙇми,Pp
аште,G-
ли,Df
же,Df
ни,Df
мъздꙑ,Nb
не,Df
ꙇмате,V-
отъ,R-
о҃ца,Nb
вашего,Ps
ꙇжь,Pr
естъ,V-
на,R-
небесехъ,Nb
егда,Dq
оубо,Df
твориши,V-
милостꙑн҄ѭ,Nb
не,Df
въстрѫби,V-
прѣдъ,R-
собоѭ,Pk
ѣко,Dq
упокрити,Nb
творѧтъ,V-
въ,R-
сънъмиштихъ,Nb
ꙇ,C-
въ,R-
стъгнахъ,Nb
да,G-
прославѧтъ,V-
сѧ,Pk
отъ,R-
ч҃къ,Nb
аминь,I-
г҃л҄ѭ,V-
вамъ,Pp
въсприімѫтъ,V-
мъздѫ,Nb
своѭ,Pt
тебѣ,Pp
же,Df
творѧштю,V-
милостꙑн҄ѭ,Nb
да,Df
не,Df
чюетъ,V-
шюꙇца,Nb
твоѣ,Ps
чьто,Pi
творитъ,V-
десница,Nb
твоѣ,Ps
да,G-
бѫдетъ,V-
милостꙑн҄и,Nb
твоѣ,Ps
въ,R-
таꙇнѣ,Nb
ꙇ,C-
о҃ць,Nb
твои,Ps
видѧ,V-
въ,R-
таꙇнѣ,Nb
въздастъ,V-
тебѣ,Pp
авѣ,Df
ꙇ,C-
егда,Dq
молиши,V-
сѧ,Pk
не,Df
бѫди,V-
ѣко,Df
ꙇ,Df
лицемѣръ,Nb
ѣко,Df
л҄юбѧтъ,V-
на,R-
сънъмиштихъ,Nb
ꙇ,C-
въ,R-
стъгнахъ,Nb
на,R-
распѫтиꙇхъ,Nb
стоѩште,V-
молити,V-
сѧ,Pk
да,G-
ѣвѧтъ,V-
сѧ,Pk
ч҃комъ,Nb
аминь,I-
г҃л҄ѭ,V-
вамъ,Pp
ѣко,G-
въспримѫтъ,V-
мъздѫ,Nb
своѭ,Pt
тꙑ,Pp
же,Df
егда,Dq
молиши,V-
сѧ,Pk
въниди,V-
въ,R-
клѣть,Nb
твоѭ,Ps
ꙇ,C-
затворь,V-
двьри,Nb
твоѩ,Ps
помоли,V-
сѧ,Pk
о҃цю,Nb
твоемоу,Ps
въ,R-
таꙇнѣ,Nb
ꙇ,C-
о҃ць,Nb
твои,Ps
видѧи,V-
въ,R-
таꙇнѣ,Nb
въздастъ,V-
тебѣ,Pp
авѣ,Df
Молѧште,V-
же,Df
сѧ,Pk
не,Df
лихо,A-
г҃лѣте,V-
ѣкоже,Df
ꙇ,Df
ѩзꙑчьници,Nb
мьнѧтъ,V-
сѧ,Pk
ѣко,G-
въ,R-
мноѕѣ,A-
г҃лани,Nb
своемь,Pt
оуслꙑшани,V-
бѫдѫтъ,V-
не,Df
подобите,V-
сѧ,Pk
оубо,Df
ꙇмъ,Pp
вѣстъ,V-
бо,Df
о҃ць,Nb
вашь,Ps
ꙇхъже,Pr
трѣбоуете,V-
прѣжде,R-
прошениѣ,Nb
вашего,Ps
тако,Df
оубо,Df
молите,V-
сѧ,Pk
вꙑ,Pp
Ѡ҃че,Nb
нашь,Ps
ꙇже,Pr
еси,V-
на,R-
небесехъ,Nb
да,Df
с҃титъ,V-
сѧ,Pk
ꙇмѧ,Nb
твое,Ps
да,Df
придетъ,V-
ц҃рствие,Nb
твое,Ps
да,Df
бѫдетъ,V-
вол҄ѣ,Nb
твоѣ,Ps
ѣко,Df
на,R-
н҃си,Nb
ꙇ,C-
на,R-
земл҄и,Nb
хлѣбъ,Nb
нашь,Ps
настоѩшт,V-
даждь,V-
намъ,Pp
днесь,Df
ꙇ,C-
отъпоусти,V-
намъ,Pp
дльгꙑ,Nb
нашѧ,Ps
ѣко,Dq
ꙇ,Df
мꙑ,Pp
отъпоуштаемъ,V-
дльжьникомъ,Nb
нашимъ,Ps
ꙇ,C-
не,Df
въведи,V-
насъ,Pp
въ,R-
напасть,Nb
нъ,C-
ꙇзбави,V-
нꙑ,Pp
отъ,R-
неприѣзни,Nb
ѣко,G-
твое,Ps
естъ,V-
ц҃рствие,Nb
ꙇ,C-
сила,Nb
ꙇ,C-
с҃лав,Nb
въ,R-
вѣк,Nb
вѣк[омъ,Nb
аминь,I-
Аште,G-
бо,Df
отъпоуштаете,V-
ч҃комъ,Nb
съгрѣшениѣ,Nb
ꙇхъ,Pp
отъпоуститъ,V-
ꙇ,Df
вамъ,Pp
о҃ць,Nb
вашь,Ps
н҃бскъꙇ,A-
отъпоуститъ,V-
вамъ,Pp
съгрѣшениі,Nb
вашихъ,Ps
Егда,Dq
постите,V-
сѧ,Pk
не,Df
бѫдѣте,V-
ѣко,Df
упокрити,Nb
сѣтоуѭште,V-
просмраждаѭште,V-
бо,Df
лица,Nb
своѣ,Pt
да,G-
бишѧ,V-
сѧ,Pk
авили,V-
ч҃комъ,Nb
постѧште,V-
аминь,I-
г҃л҄ѭ,V-
вамъ,Pp
ѣко,G-
въсприімѫтъ,V-
мъздѫ,Nb
своѭ,Pt
тꙑ,Pp
же,Df
постѧ,V-
сѧ,Pk
помажи,V-
си,Pk
главѫ,Nb
своѭ,Pt
ꙇ,C-
лице,Nb
твое,Ps
оумꙑ,V-
да,G-
не,Df
авиши,V-
сѧ,Pk
ч҃комъ,Nb
постѧ,V-
сѧ,Pk
нъ,C-
о҃цю,Nb
твоемоу,Ps
ꙇжь,Pr
естъ,V-
въ,R-
таꙇнѣ,Nb
ꙇ,C-
о҃ць,Nb
твои,Ps
видѧи,V-
въ,R-
таꙇнѣ,Nb
въздастъ,V-
тебѣ,Pp
авѣ,Df
не,Df
съкрꙑваите,V-
себѣ,Pk
съкровишта,Nb
на,R-
земи,Nb
ꙇдеже,Dq
чръвь,Nb
ꙇ,C-
тьл҄ѣ,Nb
тьлитъ,V-
ꙇдеже,Dq
татие,Nb
подъкопаваѭтъ,V-
ꙇ,C-
крадѫтъ,V-
съкрꙑваꙇте,V-
себѣ,Pk
съкровишта,Nb
на,R-
н҃бсе,Nb
ꙇдеже,Dq
ни,C-
чръвь,Nb
ни,C-
тьл҄ѣ,Nb
тьлитъ,V-
ꙇдеже,Dq
ни,Df
татие,Nb
подъкопаѭтъ,V-
ни,C-
крадѫтъ,V-
ꙇдеже,Dq
бо,Df
естъ,V-
съкровиште,Nb
ваше,Ps
тоу,Df
естъ,V-
ꙇ,Df
срдьце,Nb
ваше,Ps
Свѣтильникъ,Nb
тѣлоу,Nb
естъ,V-
око,Nb
аште,G-
оубо,Df
бѫдетъ,V-
око,Nb
твое,Ps
просто,A-
все,Px
тѣло,Nb
твое,Ps
бѫдетъ,V-
свѣтъло,A-
аште,G-
ли,Df
око,Nb
твое,Ps
лѫкаво,A-
бѫдетъ,V-
все,Px
тѣло,Nb
твое,Ps
тьмъно,A-
бѫдетъ,V-
аште,G-
оубо,Df
свѣтъ,Nb
ꙇже,Pr
въ,R-
тебѣ,Pp
тъма,Nb
естъ,V-
тѣ,Df
тъма,Nb
кольми,Du
Никъꙇ же,Px
рабъ,Nb
не,Df
можетъ,V-
двѣма,Ma
г҃ма,Nb
работати,V-
ли,C-
бо,Df
единого,Ma
възненавидитъ,V-
а,C-
дроугаго,A-
възлюбитъ,V-
ли,C-
единого,Ma
дръжитъ,V-
сѧ,Pk
а,C-
о,R-
дроуѕѣмь,A-
небрѣшти,V-
въчьнетъ,V-
не,Df
можете,V-
б҃у,Nb
работати,V-
ꙇ,C-
мамонѣ,Nb
Сего,Pd
ради,R-
г҃л҄ѭ,V-
вамъ,Pp
не,Df
пⸯцѣте,V-
сѧ,Pk
д҃шеѭ,Nb
своеѭ,Pt
чьто,Pi
ѣсте,V-
ꙇли,C-
что,Pi
пиете,V-
ни,C-
тѣломь,Nb
вашимь,Ps
въ,R-
что,Pi
облѣчете,V-
сѧ,Pk
не,Df
д҃ша,Nb
ли,Du
больши,A-
естъ,V-
пиштѧ,Nb
ꙇ,C-
тѣло,Nb
одеждѧ,Nb
възьрите,V-
на,R-
птицѧ,Nb
н҃бскꙑѩ,A-
како,Du
не,Df
сѣѭтъ,V-
ни,C-
жьн҄ѭтъ,V-
ни,C-
събираѭтъ,V-
въ,R-
житьницѫ,Nb
ꙇ,C-
о҃ць,Nb
вашь,Ps
н҃ебскъꙇ,A-
питѣетъ,V-
ѩ,Pp
не,Df
вꙑ,Pp
ли,Du
паче,Df
лоучьши,A-
ꙇхъ,Pp
есте,V-
кⸯто,Pi
же,Df
отъ,R-
васъ,Pp
пекꙑ,V-
сѧ,Pk
можетъ,V-
приложити,V-
тѣлеси,Nb
своемь,Pt
лакъть,Nb
единъ,Ma
ꙇ,C-
о,R-
одежди,Nb
чьто,Pi
сѧ,Pk
печете,V-
съмотрите,V-
цвѣтъ,Nb
селънъꙇхъ,A-
како,Du
растѫтъ,V-
не,Df
троуждаѭтъ,V-
сѧ,Pk
ни,C-
придѫтъ,V-
г҃л҄ѭ,V-
же,Df
вамъ,Pp
ѣко,G-
ни,Df
соломунъ,Ne
въ,R-
всеи,Px
славѣ,Nb
своеи,Pt
облѣче,V-
сѧ,Pk
ѣко,Df
единъ,Ma
отъ,R-
сихъ,Pd
аште,G-
же,Df
сѣно,Nb
дьньсь,Df
сѫштее,V-
а,C-
оутрѣ,Df
въ,R-
огн҄ь,Nb
въмѣтаемо,V-
б҃ъ,Nb
тако,Df
одѣетъ,V-
колми,Du
паче,Df
васъ,Pp
маловѣри,A-
не,Df
пⸯцѣте,V-
сѧ,Pk
оубо,Df
г҃л҄ѭште,V-
чьто,Pi
ѣмъ,V-
ли,C-
чьто,Pi
пиемъ,V-
ли,C-
чимь,Pi
одеждемъ,V-
сѧ,Pk
всѣхъ,Px
бо,Df
сихъ,Pd
ѩзꙑци,Nb
ꙇштѫтъ,V-
вѣстъ,V-
бо,Df
о҃ць,Nb
вашь,Ps
н҃ебскꙑ,A-
ѣко,G-
трѣбоуете,V-
сихъ,Pd
вьсѣхъ,Px
ꙇштѣте,V-
же,Df
прѣжде,Df
ц҃рствиѣ,Nb
б҃жиѣ,A-
ꙇ,C-
правъдꙑ,Nb
его,Pp
ꙇ,C-
си,Pd
всѣ,Px
приложѧтъ,V-
сѧ,Pk
вамъ,Pp
Не,Df
пⸯцѣте,V-
сѧ,Pk
оубо,Df
на,R-
оутрѣи,A-
оутрьн҄и,A-
бо,Df
днь,Nb
собоѭ,Pk
печетъ,V-
сѧ,Pk
довьл҄етъ,V-
дьни,Nb
зълоба,Nb
своѣ,Pt
Не,Df
осѫждаите,V-
да,G-
не,Df
осѫждени,V-
бѫдете,V-
ꙇмьже,Pr
бо,Df
сѫдомь,Nb
сѫдите,V-
сѫдѧтъ,V-
вамъ,Pp
ꙇ,C-
вь,R-
н҄ѭже,Pr
мѣрѫ,Nb
мѣрите,V-
възмѣрѧтъ,V-
вамъ,Pp
чьто,Pi
же,Df
видиши,V-
сѫчьць,Nb
ꙇжь,Pr
естъ,V-
въ,R-
оцѣ,Nb
братра,Nb
твоего,Ps
а,C-
брьв҄на,Nb
еже,Pr
естъ,V-
въ,R-
оцѣ,Nb
твоемь,Ps
не,Df
чюеши,V-
ли,C-
како,Du
речеши,V-
братоу,Nb
своемоу,Pt
остави,V-
ꙇ,C-
изъмѫ,V-
сѫчець,Nb
ꙇз,R-
очесе,Nb
твоего,Ps
ꙇ,C-
се,I-
бръвъно,Nb
въ,R-
оцѣ,Nb
твоемь,Ps
лицемѣре,Nb
ꙇзъми,V-
пръвѣе,Df
бръвъно,Nb
ꙇз,R-
очесе,Nb
твоего,Ps
ꙇ,C-
тъгда,Df
оузьриши,V-
ꙇзѧти,V-
ꙇ,Df
сѫчьць,Nb
ꙇз,R-
очесе,Nb
брата,Nb
твоего,Ps
Не,Df
дадите,V-
с҃таго,A-
псомъ,Nb
ни,C-
помѣтаꙇте,V-
бисеръ,Nb
вашихъ,Ps
прѣдъ,R-
свин҄иѣми,Nb
да,G-
не,Df
поперѫтъ,V-
ꙇхъ,Pp
ногами,Nb
своꙇми,Pt
ꙇ,C-
враштьшѧ,V-
сѧ,Pk
растръгнѫтъ,V-
вꙑ,Pp
Просите,V-
ꙇ,C-
дастъ,V-
сѧ,Pk
вамъ,Pp
ꙇштѣте,V-
ꙇ,C-
обрѧштете,V-
тлъцѣте,V-
ꙇ,C-
отвръзетъ,V-
сѧ,Pk
вамъ,Pp
вьсѣкъ,A-
бо,Df
просѧи,V-
приемл҄етъ,V-
ꙇ,C-
иштѧи,V-
обрѣтаетъ,V-
ꙇ,C-
тлъкѫштоумоу,V-
отвръзетъ,V-
сѧ,Pk
ли,Du
къто,Pi
естъ,V-
отъ,R-
васъ,Pp
ч҃къ,Nb
еже,Pr
аште,G-
въспроситъ,V-
с҃нъ,Nb
твои,Ps
хлѣба,Nb
еда,Du
камень,Nb
подастъ,V-
емоу,Pp
ли,C-
аште,G-
рꙑбꙑ,Nb
подаси,V-
ли,Du
емоу,Pp
змиѭ,Nb
аште,G-
оубо,Df
вꙑ,Pp
лѫкавьни,A-
сѫште,V-
оумѣете,V-
дааниѣ,Nb
блага,A-
даѣти,V-
чѧдомъ,Nb
вашимъ,Ps
колⸯми,Du
паче,Df
о҃ць,Nb
вашь,Ps
ꙇжь,Pr
естъ,V-
на,R-
н҃бхъ,Nb
дастъ,V-
благаѣ,A-
просѧштиімъ,V-
оу,R-
н҄его,Pp
Вьсѣ,Px
оубо,Df
елико,Pr
хоштете,V-
да,G-
творѧтъ,V-
вамъ,Pp
ч҃ци,Nb
тако,Df
ꙇ,Df
вꙑ,Pp
творите,V-
ꙇмъ,Pp
се,Pd
бо,Df
естъ,V-
законъ,Nb
ꙇ,C-
пророци,Nb
вьнидѣте,V-
ѫзъкꙑми,A-
вратꙑ,Nb
ѣко,Df
пространа,A-
врата,Nb
ꙇ,C-
широкъ,A-
пѫть,Nb
въводѧи,V-
въ,R-
пагоубѫ,Nb
ꙇ,C-
мнози,A-
сѫтъ,V-
въходѧшти,V-
ꙇмь,Pp
коль,Du
ѫзъка,A-
врата,Nb
ꙇ,C-
тѣснъ,A-
пѫть,Nb
въводѧі,V-
въ,R-
животъ,Nb
ꙇ,C-
мало,Df
ꙇхъ,Pp
естъ,V-
ꙇже,Pr
ꙇ,Pp
обрѣтаѭ,V-
Вънемл҄ѣте,V-
отъ,R-
лъжиіхъ,A-
пророкъ,Nb
ꙇже,Pr
приходѧтъ,V-
къ,R-
вамъ,Pp
въ,R-
одеждахъ,Nb
овьчахъ,A-
вънѫтрьѭдоу,Df
же,Df
сѫтъ,V-
вльци,Nb
хꙑштьници,Nb
отъ,R-
плодъ,Nb
ꙇхъ,Pp
познаете,V-
ѩ,Pp
Еда,Du
обьемл҄ѭтъ,V-
отъ,R-
тръниѣ,Nb
гроздꙑ,Nb
ли,C-
отъ,R-
рѣпьѣ,Nb
смокъви,Nb
тако,Df
всѣко,A-
дрѣво,Nb
добро,A-
плодꙑ,Nb
добрꙑ,A-
творитъ,V-
а,C-
зъло,A-
дрѣво,Nb
плодꙑ,Nb
зълꙑ,A-
творитъ,V-
не,Df
можетъ,V-
дрѣво,Nb
добро,A-
плода,Nb
зъла,A-
творити,V-
ни,C-
дрѣво,Nb
зъло,A-
добра,A-
плода,Nb
творити,V-
всѣко,A-
дрѣво,Nb
еже,Pr
не,Df
сътворитъ,V-
плода,Nb
добра,A-
посѣкаѭтъ,V-
ꙇ,C-
въ,R-
огн҄ь,Nb
въметаѭтъ,V-
Тѣмь,Pd
же,Df
оубо,Df
отъ,R-
плодъ,Nb
ꙇхъ,Pp
познаете,V-
ѩ,Pp
не,Df
всѣкъ,A-
г҃лѧи,V-
мнѣ,Pp
г҃и,Nb
г҃и,Nb
вьнидетъ,V-
въ,R-
ц҃рство,Nb
н҃бское,A-
нъ,C-
творѧи,V-
вол҄ѭ,Nb
о҃ца,Nb
моего,Ps
ꙇжь,Pr
естъ,V-
на,R-
н҃бсхъ,Nb
Мноѕи,A-
рекѫтъ,V-
мнѣ,Pp
въ,R-
тъ,Pd
дⸯнь,Nb
г҃и,Nb
г҃и,Nb
не,Df
въ,R-
твое,Ps
ли,Du
ꙇмѧ,Nb
пророчьствовахомъ,V-
ꙇ,C-
твоꙇмь,Ps
ꙇменемь,Nb
бѣсꙑ,Nb
ꙇзгънахомъ,V-
ꙇ,C-
твоꙇмь,Ps
ꙇменемь,Nb
силꙑ,Nb
многꙑ,A-
сътворихомъ,V-
ꙇ,C-
тогда,Df
ꙇсповѣмь,V-
ꙇмъ,Pp
ѣко,G-
николиже,Df
знахъ,V-
васъ,Pp
отидѣте,V-
отъ,R-
мене,Pp
дѣлаѭштиі,V-
безаконие,Nb
Всѣкъ,A-
оубо,Df
ꙇже,Pr
слꙑшитъ,V-
словеса,Nb
моѣ,Ps
си,Pd
ꙇ,C-
сътворитъ,V-
ѣ,Pp
оуподобл҄ѭ,V-
и,Pp
мѫжю,Nb
мѫдроу,A-
ꙇжь,Pr
съзъда,V-
храминѫ,Nb
своѭ,Pt
на,R-
камене,Nb
ꙇ,C-
сънидѫ,V-
дъжди,Nb
ꙇ,C-
придѫ,V-
рѣкꙑ,Nb
ꙇ,C-
вьзвѣашѧ,V-
вѣтри,Nb
ꙇ,C-
нападѫ,V-
на,R-
храминѫ,Nb
тѫ,Pd
ꙇ,C-
не,Df
паде,V-
сѧ,Pk
основана,V-
бо,Df
бѣ,V-
на,R-
камени,Nb
ꙇ,C-
всѣкъ,A-
слꙑшѧи,V-
словеса,Nb
моѣ,Ps
си,Pd
ꙇ,C-
не,Df
творѧ,V-
ꙇхъ,Pp
оуподобитъ,V-
сѧ,Pk
мѫжю,Nb
боую,A-
ꙇжь,Pr
съзъда,V-
храминѫ,Nb
своѭ,Pt
на,R-
пѣсъцѣ,Nb
ꙇ,C-
съниде,V-
дъждь,Nb
ꙇ,C-
придѫ,V-
рѣкꙑ,Nb
ꙇ,C-
възвѣѣшѧ,V-
вѣтри,Nb
ꙇ,C-
опьрѣшѧ,V-
сѧ,Pk
храминѣ,Nb
тои,Pd
ꙇ,C-
паде,V-
сѧ,Pk
ꙇ,C-
бѣ,V-
раздроушение,Nb
еѩ,Pp
велие,A-
ѕѣло,Df
Ꙇ,C-
бꙑстъ,V-
егда,Dq
съконча,V-
и҃с,Ne
всѣ,Px
словеса,Nb
си,Pd
дивл҄ѣахѫ,V-
сѧ,Pk
народи,Nb
о,R-
оучениі,Nb
его,Pp
бѣ,V-
бо,Df
оучѧ,V-
ѣко,Df
власть,Nb
ꙇмꙑ,V-
ꙇ,C-
не,Df
ѣко,Df
кънижьници,Nb
ꙇхъ,Pp
ꙇ,C-
фарисеи,Nb
Съшедъшю,V-
же,Df
емоу,Pp
съ,R-
горꙑ,Nb
въ,R-
слѣдъ,Nb
его,Pp
ꙇдѫ,V-
народи,Nb
мнози,A-
ꙇ,C-
се,I-
прокаженъ,A-
пристѫпь,V-
клан҄ѣаше,V-
сѧ,Pk
емоу,Pp
ꙇ,C-
г҃лѧ,V-
г҃и,Nb
аште,G-
хоштеши,V-
можеши,V-
мѧ,Pp
ꙇштистити,V-
ꙇ,C-
простьръ,V-
рѫкѫ,Nb
и҃с,Ne
коснѫ,V-
и,Pp
г҃л҄ѧ,V-
хоштѫ,V-
ꙇштисти,V-
сѧ,Pk
ꙇ,C-
абие,Df
ꙇштисти,V-
сѧ,Pk
отъ,R-
проказꙑ,Nb
ꙇ,C-
рече,V-
емоу,Pp
и҃с,Ne
бл҄юди,V-
никомоуже,Px
не,Df
повѣждь,V-
нъ,C-
шьдъ,V-
покажи,V-
сѧ,Pk
арⸯхиереови,Nb
ꙇ,C-
неси,V-
даръ,Nb
ꙇже,Pr
повелѣ,V-
моси,Ne
въ,R-
съвѣдѣние,Nb
ꙇмъ,Pp
Въшедъшю,V-
же,Df
емоу,Pp
въ,R-
кафⸯерънаоумъ,Ne
пристѫпи,V-
къ,R-
н҄емоу,Pp
сътьникъ,Nb
молѧ,V-
и,Pp
ꙇ,C-
г҃҄лѧ,V-
г҃и,Nb
отрокъ,Nb
мои,Ps
лежитъ,V-
въ,R-
домоу,Nb
ослабл҄енъ,V-
л҄ютѣ,Df
ѣко,Df
страждѧ,V-
ꙇ,C-
г҃ла,V-
емоу,Pp
и҃с,Ne
азъ,Pp
пришедъ,V-
ꙇсцⸯѣл҄ѭ,V-
и,Pp
ꙇ,C-
отъвѣштавъ,V-
сътьникъ,Nb
рече,V-
емоу,Pp
г҃и,Nb
нѣсмь,V-
достоꙇнъ,A-
да,G-
въ,R-
домъ,Nb
мои,Ps
вьнидеши,V-
нъ,C-
тъкⸯмо,Df
рци,V-
слово,Nb
ꙇ,C-
ицѣлѣетъ,V-
отрокъ,Nb
мои,Ps
ꙇбо,Df
азъ,Pp
ч҃къ,Nb
есмь,V-
подъ,R-
владꙑкоѭ,Nb
ꙇмꙑ,V-
подъ,R-
собоѭ,Pk
воꙇнꙑ,Nb
ꙇ,C-
гл҄ѭ,V-
семоу,Pd
ꙇди,V-
ꙇ,C-
идетъ,V-
ꙇ,C-
дроугоумоу,A-
приди,V-
ꙇ,C-
придетъ,V-
ꙇ,C-
рабоу,Nb
моемоу,Ps
сътвори,V-
се,Pd
ꙇ,C-
сътворитъ,V-
слꙑшавъ,V-
же,Df
и҃с,Ne
диви,V-
сѧ,Pk
емоу,Pp
ꙇ,C-
г҃ла,V-
грѧдѫштиімъ,V-
по,R-
н҄емь,Pp
аминⸯ,I-
г҃л҄ѭ,V-
вамъ,Pp
ни,Df
въ,R-
ꙇ҃ли,Ne
толикꙑ,Pd
вѣрꙑ,Nb
не,Df
обрѣтъ,V-
г҃л҄ѭ,V-
же,Df
вамъ,Pp
ѣко,G-
мноѕи,A-
отъ,R-
въстокъ,Nb
ꙇ,C-
западъ,Nb
придѫтъ,V-
ꙇ,C-
възглагол҄ѭтъ,V-
съ,R-
авраамомь,Ne
ꙇ,C-
исакомь,Ne
ꙇ,C-
ѣковомь,Ne
въ,R-
ц҃рси,Nb
н҃бсцѣмь,A-
а,C-
с҃нове,Nb
ц҃рствиѣ,Nb
ꙇзгънани,V-
бѫдѫтъ,V-
въ,R-
тъмѫ,Nb
кромѣшьн҄ѭѭ,A-
тоу,Df
бѫдетъ,V-
плачь,Nb
ꙇ,C-
скрьжьтъ,Nb
зѫбомъ,Nb
Ꙇ,C-
рече,V-
и҃с,Ne
сътьникоу,Nb
ꙇди,V-
ѣкоже,Dq
вѣрова,V-
бѫди,V-
тебѣ,Pp
ꙇ,C-
ицѣлѣ,V-
отрокъ,Nb
его,Pp
въ,R-
тъ,Pd
часъ,Nb
ꙇ,C-
обрашть,V-
сѧ,Pk
сътьникъ,Nb
въ,R-
тъ,Pd
часъ,Nb
въ,R-
домъ,Nb
свои,Pt
обрѣте,V-
и,Pp
съдрава,A-
Ꙇ,C-
пришедъ,V-
и҃с,Ne
въ,R-
домъ,Nb
петровъ,A-
видѣ,V-
тъштѫ,Nb
его,Pp
лежѫштѫ,V-
огн҄емь,Nb
жегомѫ,V-
ꙇ,C-
прикоснѫ,V-
сѧ,Pk
рѫцѣ,Nb
еѩ,Pp
ꙇ,C-
остави,V-
ѭ,Pp
огн҄ь,Nb
ꙇ,C-
въста,V-
ꙇ,C-
слоужааше,V-
емоу,Pp
поздѣ,Df
же,Df
бꙑвъшю,V-
привѣсѧ,V-
къ,R-
н҄емоу,Pp
бѣсънꙑ,A-
многꙑ,A-
ꙇ,C-
изгъна,V-
словомь,Nb
доухꙑ,Nb
ꙇ,C-
вьсѧ,Px
недѫжьнꙑѩ,A-
ꙇцѣли,V-
да,G-
събѫдетъ,V-
сѧ,Pk
реченое,V-
пророкомь,Nb
ꙇсаиемь,Ne
г҃л҄ѭштемь,V-
тъ,Pd
недѫгꙑ,Nb
нашѧ,Ps
приѩтъ,V-
ꙇ,C-
болѣзни,Nb
понесе,V-
оузьрѣвъ,V-
же,Df
и҃с,Ne
многꙑ,A-
народꙑ,Nb
окръстъ,R-
себе,Pk
повелѣ,V-
ꙇти,V-
на,R-
онъ,Pd
полъ,Nb
Ꙇ,C-
пристѫпь,V-
единъ,Px
кънижьникъ,Nb
рече,V-
емоу,Pp
оучител҄ю,Nb
ꙇдѫ,V-
по,R-
тебѣ,Pp
ѣможе,Dq
колиждо,Df
ꙇдеши,V-
ꙇ,C-
г҃ла,V-
емоу,Pp
и҃с,Ne
лиси,Nb
ѣзвинꙑ,Nb
ꙇмѫтъ,V-
ꙇ,C-
пⸯтицѧ,Nb
н҃ебскꙑѩ,A-
гнѣзда,Nb
а,C-
с҃нъ,Nb
ч҃скъꙇ,A-
не,Df
ꙇматъ,V-
кде,Du
главꙑ,Nb
подъклонити,V-
дроугꙑ,A-
же,Df
отъ,R-
оученикъ,Nb
рече,V-
емоу,Pp
г҃и,Nb
повели,V-
м҃и,Pp
прѣжде,Df
ꙇти,V-
ꙇ,C-
погрети,V-
о҃ца,Nb
моего,Ps
и҃с,Ne
же,Df
г҃ла,V-
емоу,Pp
грѧди,V-
по,R-
мнѣ,Pp
ꙇ,C-
остави,V-
мрътвꙑѩ,A-
погрети,V-
своѩ,Pt
мрътвьцѧ,Nb
Ꙇ,C-
вълѣзъшоу,V-
емоу,Pp
въ,R-
корабл҄ь,Nb
по,R-
н҄емь,Pp
ꙇдошѧ,V-
оученици,Nb
его,Pp
ꙇ,C-
се,I-
трѫсъ,Nb
вели,A-
бꙑстъ,V-
въ,R-
мори,Nb
ѣко,G-
покрꙑвати,V-
сѧ,Pk
корабл҄ю,Nb
вльнами,Nb
а,C-
тъ,Pd
съпааше,V-
ꙇ,C-
пришедъше,V-
оученици,Nb
его,Pp
възбоудишѧ,V-
и,Pp
г҃лѭште,V-
г҃и,Nb
с҃пи,V-
нꙑ,Pp
погꙑбнемъ,V-
ꙇ,C-
г҃ла,V-
ꙇмъ,Pp
чьто,Pi
страшиви,A-
есте,V-
маловѣри,A-
тъгда,Df
въставъ,V-
запрѣти,V-
вѣтромъ,Nb
ꙇ,C-
мор҄ю,Nb
ꙇ,C-
бꙑстъ,V-
тишина,Nb
велиѣ,A-
ч҃ци,Nb
же,Df
чюдишѧ,V-
сѧ,Pk
г҃лѭште,V-
къто,Pi
сь,Pd
естъ,V-
ѣко,G-
вѣтри,Nb
ꙇ,C-
море,Nb
послоушаѭтъ,V-
его,Pp
ꙇ,C-
пришьдъшюмоу,V-
на,R-
онъ,Pd
полъ,Nb
въ,R-
странѫ,Nb
ꙉерⸯꙉесинⸯскѫ,A-
сърѣтосте,V-
и,Pp
дъва,Ma
бѣсъна,A-
отъ,R-
гребишть,Nb
ꙇхъ,Pp
ꙇсходѧшта,V-
л҄юта,A-
ѕѣло,Df
ѣко,G-
не,Df
можааше,V-
никⸯтоже,Px
минѫти,V-
пѫтемь,Nb
тѣмь,Pd
ꙇ,C-
се,I-
възъписте,V-
г҃л҄ѭшта,V-
чьто,Pi
естъ,V-
нама,Pp
ꙇ,C-
тебѣ,Pp
и҃се,Ne
с҃не,Nb
б҃жіи,A-
пришелъ,V-
ли,Du
еси,V-
сѣмо,Df
прѣжде,R-
врѣмене,Nb
мѫчитъ,V-
насъ,Pp
бѣ,V-
же,Df
далече,Df
отъ,R-
н҄ею,Pp
стадо,Nb
свин҄иі,Nb
много,A-
пасомо,V-
бѣси,Nb
же,Df
мол҄ѣахѫ,V-
и,Pp
г҃л҄ѭште,V-
аште,G-
ꙇзгониши,V-
нꙑ,Pp
повели,V-
намъ,Pp
ꙇти,V-
въ,R-
стадо,Nb
свиное,A-
ꙇ,C-
рече,V-
ꙇмъ,Pp
ꙇдѣте,V-
они,Pd
же,Df
шьдъше,V-
вънидѫ,V-
въ,R-
свиниѩ,Nb
ꙇ,C-
абие,Df
оустръми,V-
сѧ,Pk
стадо,Nb
все,Px
по,R-
брѣгоу,Nb
въ,R-
море,Nb
ꙇ,C-
оумрѣшѧ,V-
ꙇ,C-
оутопошѧ,V-
въ,R-
водахъ,Nb
ꙇ,C-
пасѫштеи,V-
бѣжашѧ,V-
ꙇ,C-
шьдъше,V-
въ,R-
градъ,Nb
възвѣстишѧ,V-
вⸯсѣ,Px
ꙇ,Df
о,R-
бѣсъноую,A-
ꙇ,C-
се,I-
всь,Px
градъ,Nb
ꙇзиде,V-
противѫ,R-
и҃сви,Ne
ꙇ,C-
видѣвъше,V-
и,Pp
молишѧ,V-
да,G-
би,V-
прѣшьлъ,V-
отъ,R-
прѣдѣлъ,Nb
ꙇхъ,Pp
ꙇ,C-
вьлѣзъ,V-
въ,R-
корабь,Nb
и҃с,Ne
прѣѣде,V-
ꙇ,C-
приде,V-
въ,R-
свои,Pt
г҃рад,Nb
Ꙇ,C-
се,I-
принесошѧ,V-
емоу,Pp
ослабл҄енъ,V-
жилами,Nb
на,R-
одрѣ,Nb
лежѧшть,V-
ꙇ,C-
видѣвъ,V-
и҃с,Ne
вѣрѫ,Nb
ꙇхъ,Pp
рече,V-
ослабл҄еноуемоу,V-
дръзаи,V-
чѧдо,Nb
отъпоуштаѭтъ,V-
ти,Pp
сѧ,Pk
грѣси,Nb
твои,Ps
ꙇ,C-
се,I-
етери,Px
отъ,R-
кънижьникъ,Nb
рѣшѧ,V-
къ,R-
себѣ,Pk
сь,Pd
власвимисаетъ,V-
ꙇ,C-
видѣвъ,V-
и҃с,Ne
помꙑшл҄ениѣ,Nb
ꙇхъ,Pp
рече,V-
въскѫѭ,Du
вꙑ,Pp
мꙑслите,V-
зъло,A-
въ,R-
сръдьцихъ,Nb
вашихъ,Ps
чьто,Pi
бо,Df
естъ,V-
оудобѣе,A-
решти,V-
отъпоуштаѭтъ,V-
ти,Pp
сѧ,Pk
грѣси,Nb
твои,Ps
ли,C-
решти,V-
въставъ,V-
ходи,V-
нъ,C-
да,G-
оувѣсте,V-
ѣко,G-
власть,Nb
ꙇматъ,V-
с҃нъ,Nb
ч҃скъꙇ,A-
на,R-
зем҄и,Nb
отъпоуштати,V-
грѣхꙑ,Nb
тъгда,Df
г҃ла,V-
ослабл҄еноумоу,V-
въставъ,V-
възьми,V-
одръ,Nb
твои,Ps
ꙇ,C-
иди,V-
въ,R-
домъ,Nb
твои,Ps
видѣвъше,V-
же,Df
народи,Nb
чюдишѧ,V-
сѧ,Pk
ꙇ,C-
прославишѧ,V-
б҃а,Nb
давъшааго,V-
власть,Nb
такѫ,Pd
ч҃комъ,Nb
Ꙇ,C-
прѣходѧ,V-
и҃с,Ne
отътѫдоу,Df
видѣ,V-
ч҃ка,Nb
на,R-
мьздьници,Nb
сѣдѧшта,V-
ꙇменемь,Nb
матⸯтⸯеа,Ne
ꙇ,C-
г҃ла,V-
емоу,Pp
по,R-
мнѣ,Pp
грѧди,V-
ꙇ,C-
въставъ,V-
по,R-
н҄емь,Pp
ꙇде,V-
ꙇ,C-
бꙑс,V-
емоу,Pp
вьзлежѧштю,V-
въ,R-
домоу,Nb
Ꙇ,C-
се,I-
мнози,A-
грѣшьници,Nb
ꙇ,C-
мьздоꙇмьци,Nb
пришедъше,V-
възлежаахѫ,V-
съ,R-
и҃сомь,Ne
ꙇ,C-
съ,R-
оученикꙑ,Nb
его,Pp
ꙇ,C-
видѣвъше,V-
фарисѣи,Nb
г҃лаахѫ,V-
оученикомъ,Nb
его,Pp
по,R-
чьто,Pi
съ,R-
мъздоꙇмьци,Nb
ꙇ,C-
грѣшьникꙑ,Nb
оучител҄ь,Nb
вашь,Ps
ѣстъ,V-
и҃с,Ne
же,Df
слꙑшавъ,V-
рече,V-
ꙇмъ,Pp
не,Df
трѣбоу,V-
с҃пена,V-
бѫдѫ,V-
и҃с,Ne
же,Df
обрашть,V-
сѧ,Pk
ꙇ,C-
видѣвъ,V-
ѭ,Pp
рече,V-
дръзаи,V-
дъшти,Nb
вѣра,Nb
твоѣ,Ps
с҃пе,V-
тѧ,Pp
ꙇ,C-
с҃пена,V-
бꙑс,V-
жена,Nb
отъ,R-
часа,Nb
того,Pd
ꙇ,C-
пришедъ,V-
и҃с,Ne
въ,R-
домъ,Nb
кънѧжь,A-
ꙇ,C-
видѣвъ,V-
свирⸯцѧ,Nb
ꙇ,C-
народъ,Nb
мльвѧшть,V-
г҃ла,V-
ꙇмъ,Pp
отидѣте,V-
не,Df
оумрѣтъ,V-
бо,Df
дѣвица,Nb
нъ,C-
съпитъ,V-
ꙇ,C-
рѫгахѫ,V-
сѧ,Pk
емоу,Pp
егдаже,Dq
ꙇзгънанъ,V-
бꙑс,V-
народъ,Nb
въшьдъ,V-
же,Df
ѩтъ,V-
ѭ,Pp
за,R-
рѫкѫ,Nb
ꙇ,C-
въста,V-
дѣвица,Nb
ꙇ,C-
изиде,V-
вѣсть,Nb
си,Pd
по,R-
всеи,Px
земи,Nb
тоі,Pd
Ꙇ,C-
прѣходѧштю,V-
и҃сви,Ne
по,R-
н҄емь,Pp
ꙇдете,V-
б҃,Ma
слѣпца,Nb
зовѫшта,V-
ꙇ,C-
г҃л҄ѭшта,V-
помилоуꙇ,V-
нꙑ,Pp
и҃с,Ne
с҃не,Nb
д҃авъ,A-
пришьдъшоу,V-
же,Df
емоу,Pp
въ,R-
домъ,Nb
пристѫписте,V-
къ,R-
н҄емоу,Pp
слѣпⸯца,Nb
ꙇ,C-
г҃ла,V-
ꙇма,Pp
и҃с,Ne
вѣроуета,V-
ли,Du
ѣко,G-
могѫ,V-
се,Pd
створити,V-
г҃ласте,V-
емоу,Pp
еі,I-
г҃и,Nb
тъгда,Df
коснѫ,V-
ѣ,Pp
въ,R-
очи,Nb
г҃л҄ѧ,V-
по,R-
вѣрѣ,Nb
ваю,Pp
бѫди,V-
вама,Pp
ꙇ,C-
отвръзосте,V-
сѧ,Pk
очи,Nb
ꙇма,Pp
ꙇ,C-
запрѣти,V-
ꙇма,Pp
и҃с,Ne
г҃лѧ,V-
бл҄юдѣта,V-
да,G-
никтоже,Px
не,Df
оувѣстъ,V-
она,Pd
же,Df
шедъша,V-
прослависте,V-
и,Pp
по,R-
всеи,Px
земи,Nb
тои,Pd
тѣма,Pd
же,Df
ꙇсходѧштема,V-
се,I-
привѣсѧ,V-
ч҃къ,Nb
къ,R-
н҄емоу,Pp
нѣмъ,A-
бѣсенъ,A-
ꙇ,C-
изгънаноу,V-
бѣсоу,Nb
п҃рогла,V-
нѣмꙑ,A-
ꙇ,C-
дивишѧ,V-
сѧ,Pk
народи,Nb
г҃лѭште,V-
николиже,Df
ави,V-
сѧ,Pk
тако,Df
въ,R-
ꙇ҃ли,Ne
Фарисеи,Nb
же,Df
г҃лахѫ,V-
о,R-
кънѧзи,Nb
бѣсъ,Nb
ꙇзгонитъ,V-
бѣсꙑ,Nb
ꙇ,C-
прохождааше,V-
и҃с,Ne
градꙑ,Nb
всѧ,Px
ꙇ,C-
вси,Nb
оучѧ,V-
на,R-
сънъмиштихъ,Nb
ꙇхъ,Pp
ꙇ,C-
проповѣдаѩ,V-
е҃ваꙉлие,Nb
ц҃рсиѣ,Nb
ꙇ,C-
ицѣлѣѩ,V-
всѣкъ,A-
недѫгъ,Nb
ꙇ,C-
вьсѣкѫ,A-
ѩзѫ,Nb
въ,R-
л҄юдехъ,Nb
Видѣвъ,V-
же,Df
народꙑ,Nb
и҃с,Ne
милосръдова,V-
о,R-
н҄ихъ,Pp
ѣко,G-
бѣахѫ,V-
съмѧтени,V-
ꙇ,C-
отъвръжени,V-
ѣкоже,Dq
овьцѧ,Nb
не,Df
ꙇмѫштѧ,V-
пастоуха,Nb
тъгда,Df
г҃ла,V-
оученикомъ,Nb
своꙇмъ,Pt
жѧтва,Nb
оубо,Df
многа,A-
а,C-
дѣлател҄ь,Nb
мало,Df
молите,V-
сѧ,Pk
оубо,Df
г҃дноу,Nb
жѧтвѣ,Nb
да,G-
ꙇзведетъ,V-
дѣлател҄ѧ,Nb
на,R-
жѧтвѫ,Nb
своѭ:,Pt
Ꙇ,C-
призъвавъ,V-
оба,Ma
на,R-
десѧте,Ma
оученика,Nb
своѣ,Pt
дастъ,V-
ꙇмъ,Pp
власть,Nb
на,R-
доусѣхъ,Nb
нечистꙑхъ,A-
да,G-
ꙇзгонѧтъ,V-
ѩ,Pp
ꙇ,C-
ицѣлѧтъ,V-
вьсѣкъ,A-
недѫгъ,Nb
ꙇ,C-
вьсѣкѫ,A-
болѣзнь,Nb
Ѡбѣма,Ma
же,Df
на,R-
десѧте,Ma
а҃полома,Nb
ꙇмена,Nb
сѫтъ,V-
си,Pd
пръвъꙇ,Mo
же,Df
симонъ,Ne
ꙇже,Pr
нарицаетъ,V-
сѧ,Pk
петрь,Ne
ꙇ,C-
анⸯдрѣа,Ne
братъ,Nb
емоу,Pp
филипъ,Ne
ꙇ,C-
варⸯтоломѣи,Ne
ꙇ,C-
тⸯома,Ne
ꙇ,C-
матⸯтеи,Ne
мꙑтарь,Nb
ꙇѣковъ,Ne
алфⸯеовъ,A-
ꙇ,C-
келевеи,Ne
нареченъꙇ,V-
тадеи,Ne
симонъ,Ne
кананѣі,Nb
ꙇ,C-
юда,Ne
ꙇскариотьскъꙇ,A-
ꙇже,Pr
ꙇ,Pp
прѣдастъ,V-
Сиѩ,Pd
оба,Ma
на,R-
десѧте,Ma
посъла,V-
и҃с,Ne
заповѣдѣвъ,V-
ꙇмъ,Pp
г҃лѧ,V-
на,R-
пѫть,Nb
ѩзꙑкомъ,Nb
не,Df
ꙇдѣте,V-
ꙇ,C-
въ,R-
градъ,Nb
самарѣнъ,Nb
не,Df
вънидѣте,V-
ꙇдѣте,V-
же,Df
паче,Df
къ,R-
овьцамъ,Nb
погꙑбъшиімъ,V-
домоу,Nb
ꙇ҃лева,A-
ходѧште,V-
же,Df
проповѣдаꙇте,V-
г҃лѭште,V-
ѣко,G-
приближи,V-
сѧ,Pk
ц҃рсие,Nb
н҃ебское,A-
Болѧштѧѩ,V-
ꙇцѣлите,V-
мрътвꙑѩ,A-
въскрѣшаите,V-
прокаженꙑѩ,A-
очиштаите,V-
бѣсꙑ,Nb
ꙇзгоните,V-
тоуне,Df
приѩсте,V-
тоуне,Df
же,Df
дадите,V-
Не,Df
сътѧжите,V-
злата,Nb
ни,C-
съребра,Nb
ни,C-
мѣди,Nb
при,R-
поѣсѣхъ,Nb
вашихъ,Ps
ни,C-
мошьнꙑ,Nb
на,R-
пѫти,Nb
ни,C-
дъвою,Ma
ризоу,Nb
ни,C-
сапогъ,Nb
ни,C-
а,Nb
достоꙇнъ,A-
бо,Df
естъ,V-
дѣлатель,Nb
пиштѧ,Nb
своеѩ,Pt
Въ,R-
н҄ьже,Pr
колиждо,Df
градъ,Nb
ли,C-
въ,R-
вьсь,Nb
вьнидете,V-
ꙇспꙑтаꙇте,V-
къто,Pi
вь,R-
н҄емь,Pp
достоꙇнъ,A-
естъ,V-
ꙇ,C-
тоу,Df
прѣбѫдѣте,V-
доньдеже,G-
ꙇзидете,V-
въходѧште,V-
же,Df
въ,R-
домъ,Nb
цѣлоуꙇте,V-
и,Pp
Ꙇ,C-
аште,G-
оубо,Df
бѫдетъ,V-
домъ,Nb
достоꙇнъ,A-
придетъ,V-
миръ,Nb
вашь,Ps
на,R-
н҄ь,Pp
аште,G-
ли,Df
же,Df
не,Df
бѫдетъ,V-
достоꙇнъ,A-
миръ,Nb
вашь,Ps
къ,R-
вамъ,Pp
възвратитъ,V-
сѧ,Pk
Ꙇ,C-
иже,Pr
колижьдо,Df
не,Df
приметъ,V-
васъ,Pp
ни,C-
послоушаѭтъ,V-
словесъ,Nb
вашихъ,Ps
Ꙇсходѧште,V-
ꙇз,R-
домоу,Nb
ли,C-
ꙇз,R-
града,Nb
того,Pd
отътрѧсѣте,V-
прахъ,Nb
отъ,R-
ногъ,Nb
вашихъ,Ps
амин,I-
г҃л҄ѭ,V-
вамъ,Pp
отърадьнѣе,Df
бѫдетъ,V-
земи,Nb
содомьсцѣ,A-
ꙇ,C-
земи,Nb
гоморсцѣ,A-
въ,R-
дьнь,Nb
сѫдънъꙇ,A-
неже ли,Df
градоу,Nb
томоу,Pd
Се,I-
азъ,Pp
съл҄ѭ,V-
вꙑ,Pp
ѣко,Df
овⸯцѧ,Nb
посрѣдѣ,R-
влькъ,Nb
бѫдѣте,V-
же,Df
мѫдри,A-
акꙑ,Df
змиѩ,Nb
ꙇ,C-
цѣли,A-
ѣко,Df
ꙇ,Df
голѫбие,Nb
вънемл҄ѣте,V-
же,Df
отъ,R-
ч҃къ,Nb
прѣдадѧтъ,V-
бо,Df
вꙑ,Pp
на,R-
сънъмꙑ,Nb
ꙇ,C-
на,R-
сънъмиштихъ,Nb
вашихъ,Ps
оубьѭтъ,V-
вꙑ,Pp
ꙇ,C-
прѣдъ,R-
владꙑкꙑ,Nb
же,Df
ꙇ,C-
ц҃рѧ,Nb
ведени,V-
бѫдете,V-
мене,Pp
ради,R-
въ,R-
съвѣдѣние,Nb
ꙇмъ,Pp
ꙇ,C-
ѩзꙑкомъ,Nb
Егда,Dq
же,Df
прѣдадѧтъ,V-
вꙑ,Pp
не,Df
пцѣте,V-
сѧ,Pk
како,Du
ли,C-
чьто,Pi
в҃ъзгл҄ете,V-
дастъ,V-
бо,Df
сѧ,Pk
вамъ,Pp
въ,R-
тъ,Pd
часъ,Nb
чьто,Pi
г҃лете,V-
не,Df
вꙑ,Pp
бо,Df
есте,V-
г҃лѭштеі,V-
нъ,C-
д҃хъ,Nb
о҃ца,Nb
вашего,Ps
г҃лѧи,V-
въ,R-
васъ,Pp
прѣдастъ,V-
же,Df
братъ,Nb
брата,Nb
на,R-
съмръть,Nb
ꙇ,C-
о҃ць,Nb
чѧдо,Nb
ꙇ,C-
въстанѫтъ,V-
чѧда,Nb
на,R-
родител҄ѧ,Nb
ꙇ,C-
оубиѭтъ,V-
ѩ,Pp
ꙇ,C-
бѫдете,V-
ненавидими,V-
всѣми,Px
ꙇмене,Nb
моего,Ps
ради,R-
прѣтръпѣвꙑ,V-
же,Df
до,R-
конца,Nb
с҃пенъ,V-
бѫдетъ,V-
Егда,Dq
же,Df
гонѧтъ,V-
вꙑ,Pp
въ,R-
градѣ,Nb
семь,Pd
бѣгаите,V-
въ,R-
дроугъꙇ,A-
аминь,I-
бо,Df
г҃л҄ѭ,V-
вамъ,Pp
ѣко,G-
не,Df
ꙇматъ,V-
ꙇсконьчати,V-
сѧ,Pk
градъ,Nb
ꙇ҃левъ,A-
донⸯдеже,G-
придетъ,V-
с҃нъ,Nb
ч҃скъꙇ,A-
Нѣстъ,V-
оученикъ,Nb
надъ,R-
оучител҄емь,Nb
ни,C-
рабъ,Nb
надъ,R-
г҃мь,Nb
своꙇмь,Pt
довьл҄етъ,V-
оученикоу,Nb
да,G-
бѫдетъ,V-
ѣкоже,Df
ꙇ,Df
оучител҄ь,Nb
его,Pp
ꙇ,C-
рабоу,Nb
ѣкоже,Df
ꙇ,Df
г҃ьнъ,Nb
его,Pp
аште,G-
г҃ина,Nb
домоу,Nb
вельзѣвола,Ne
нарѣшѧ,V-
колми,Du
паче,Df
домашьн҄ѩѩ,A-
его,Pp
не,Df
оубоꙇте,V-
сѧ,Pk
ꙇхъ,Pp
Ничьтоже,Px
бо,Df
естъ,V-
покръвено,V-
еже,Pr
не,Df
окръвено,V-
бѫдетъ,V-
таꙇно,A-
еже,Pr
не,Df
оувѣдѣно,V-
бѫдетъ,V-
Еже,Pr
г҃л҄ѭ,V-
азъ,Pp
въ,R-
тъмѣ,Nb
рьцѣте,V-
въ,R-
свѣтѣ,Nb
ꙇ,C-
еже,Pr
въ,R-
оухо,Nb
слꙑшите,V-
проповѣдите,V-
на,R-
кровѣхъ,Nb
ꙇ,C-
не,Df
оубоꙇте,V-
сѧ,Pk
оубиваѭштиіхъ,V-
тѣло,Nb
а,C-
д҃шѧ,Nb
не,Df
могѫшть,V-
оубити,V-
оубоите,V-
сѧ,Pk
паче,Df
могѫштааго,V-
ꙇ,C-
д҃шѫ,Nb
ꙇ,C-
тѣло,Nb
погоубити,V-
въ,R-
ꙉеонѣ,Nb
не,Df
дьвѣ,Ma
ли,Du
птици,Nb
пѣнѧзоу,Nb
вѣните,V-
сѧ,Pk
ꙇ,C-
едина,Ma
же,Df
отъ,R-
н҄ею,Pp
не,Df
падетъ,V-
на,R-
земи,Nb
безо,R-
о҃ца,Nb
вашего,Ps
вамъ,Pp
же,Df
ꙇ,Df
власи,Nb
главꙑ,Nb
вси,Px
ꙇштьтени,V-
сѫтъ,V-
не,Df
оубоꙇте,V-
сѧ,Pk
оубо,Df
мнозѣхъ,A-
птиць,Nb
лоучьше,A-
есте,V-
вꙑ,Pp
Вьсѣкъ,A-
оубо,Df
ꙇже,Pr
ꙇсповѣстъ,V-
мѧ,Pp
прѣдъ,R-
ч҃кꙑ,Nb
ꙇсповѣмь,V-
і,Df
азъ,Pp
прѣдъ,R-
о҃цмь,Nb
моимь,Ps
ꙇже,Pr
естъ,V-
на,R-
н҃бхъ,Nb
а,C-
ꙇже,Pr
отъвръжетъ,V-
сѧ,Pk
мене,Pp
прѣдъ,R-
ч҃кꙑ,Nb
отъвръгѫ,V-
сѧ,Pk
ꙇ,Df
азъ,Pp
его,Pp
прѣдъ,R-
о҃цемь,Nb
моꙇмь,Ps
ꙇже,Pr
естъ,V-
на,R-
н҃бсхъ,Nb
не,Df
мьните,V-
ѣко,G-
придъ,V-
положити,V-
мира,Nb
на,R-
земи,Nb
не,Df
придъ,V-
положити,V-
мира,Nb
нъ,C-
мечь,Nb
придъ,V-
бо,Df
ч҃ка,Nb
на,R-
о҃ца,Nb
своего,Pt
ꙇ,C-
дъштерь,Nb
на,R-
м҃рь,Nb
своѭ,Pt
ꙇ,C-
невѣстѫ,Nb
на,R-
свекръве,Nb
своѭ,Pt
ꙇ,C-
врази,Nb
ч҃коу,Nb
домашьн҄иі,A-
его,Pp
Ꙇже,Pr
л҄юбитъ,V-
о҃ца,Nb
ли,C-
матерь,Nb
паче,Df
мене,Pp
нѣстъ,V-
мене,Pp
достоꙇнъ,A-
ꙇзе,Pr
любитъ,V-
с҃на,Nb
ли,C-
дъштерь,Nb
паче,Df
мене,Pp
нѣстъ,V-
мене,Pp
достоꙇнъ,A-
ꙇ,C-
иже,Pr
не,Df
прііметъ,V-
к҃рста,Nb
своего,Pt
ꙇ,C-
въ,R-
слѣдъ,Nb
мене,Pp
грѧдетъ,V-
нѣстъ,V-
мене,Pp
достоꙇнъ,A-
Ѡбрѣтъꙇ,V-
д҃шѫ,Nb
своѭ,Pt
погоубитъ,V-
ѭ,Pp
а,C-
ꙇже,Pr
погоубитъ,V-
д҃шѫ,Nb
своѭ,Pt
мене,Pp
ради,R-
обрѧштетъ,V-
ѭ,Pp
ꙇже,Pr
вꙑ,Pp
приметъ,V-
мѧ,Pp
приемлетъ,V-
ꙇ,C-
иже,Pr
приемлетъ,V-
мѧ,Pp
приемлетъ,V-
посълавъшаго,V-
мѧ,Pp
приемл҄ѧі,V-
пророка,Nb
въ,R-
ꙇмѧ,Nb
пророче,A-
мъздѫ,Nb
пророчѫ,A-
приметъ,V-
ꙇ,C-
приемл҄ѧи,V-
праведьника,Nb
въ,R-
ꙇмѧ,Nb
праведьниче,A-
мъздѫ,Nb
праведьничѫ,A-
приметъ,V-
Ꙇ,C-
иже,Pr
колижьдо,Df
напоꙇтъ,V-
единого,Ma
отъ,R-
малъꙇхъ,A-
сихъ,Pd
чашѫ,Nb
стоуденꙑ,A-
водꙑ,Nb
токмо,Df
въ,R-
ꙇмѧ,Nb
оучениче,A-
аминⸯ,I-
г҃л҄ѭ,V-
вамъ,Pp
не,Df
погоубитъ,V-
мъздꙑ,Nb
своеѩ,Pt
Ꙇ,C-
бꙑстъ,V-
егда,Dq
съконьча,V-
и҃с,Ne
заповѣдаѩ,V-
обѣма,Ma
на,R-
десѧте,Ma
оученикома,Nb
своꙇма,Pt
прѣꙇдѣте,V-
отътѫдѣ,Df
оучитъ,V-
ꙇ,C-
проповѣдатъ,V-
въ,R-
градѣхъ,Nb
ꙇхъ,Pp
Ꙇоанъ,Ne
же,Df
слꙑшавъ,V-
въ,R-
ѫзилишти,Nb
дѣла,Nb
х҃ва,A-
посълавъ,V-
оученикꙑ,Nb
своꙇми,Pt
рече,V-
къ,R-
н҄емоу,Pp
тꙑ,Pp
ли,Du
еси,V-
грѧдꙙи,V-
ꙇли,C-
ꙇного,Px
чаемъ,V-
Ꙇ,C-
отъвѣштавъ,V-
и҃с,Ne
рече,V-
ꙇмъ,Pp
шедъше,V-
възвѣстите,V-
ꙇоанови,Ne
слѣпиі,A-
прозираѭтъ,V-
ꙇ,C-
хроми,A-
ходѧтъ,V-
прокажениі,A-
очиштаѭтъ,V-
сѧ,Pk
ꙇ,C-
глоусиі,A-
слꙑшѧтъ,V-
ꙇ,C-
мрътвиі,A-
въстаѭтъ,V-
ꙇ,C-
блаженъстъ,A-
ꙇже,Pr
не,Df
съблазнитъ,V-
сѧ,Pk
о,R-
мнѣ,Pp
тѣмъ,Pd
же,Df
ꙇсходѧштемъ,V-
начѧтъ,V-
и҃с,Ne
г҃лати,V-
народомъ,Nb
о,R-
ꙇоаннѣ,Ne
чесо,Pi
видѣтъ,V-
ꙇзидете,V-
въ,R-
поустꙑн҄ѭ,Nb
трьсти,Nb
ли,Du
вѣтромь,Nb
колѣбл҄емꙑ,V-
нъ,C-
чьсо,Pi
ꙇзидосте,V-
видѣтъ,V-
ч҃ка,Nb
ли,Du
въ,R-
мѧкъкꙑ,A-
ризꙑ,Nb
обльчена,V-
се,I-
ꙇже,Pr
мѧкка,A-
носѧтъ,V-
въ,R-
домохъ,Nb
ц҃рихъ,A-
сѫтъ,V-
нъ,C-
чьсо,Pi
ꙇзидосте,V-
видѣтъ,V-
пророка,Nb
ли,Du
еі,I-
г҃л҄ѭ,V-
вамъ,Pp
ꙇ,C-
лише,A-
пророка,Nb
Сь,Pd
бо,Df
естъ,V-
о,R-
н҄емьже,Pr
естъ,V-
псано,V-
се,I-
азъ,Pp
посъл҄ѭ,V-
а҃ꙉлъ,Nb
мои,Ps
прѣдъ,R-
лицемь,Nb
твоꙇмь,Ps
ꙇ,C-
оуготоваетъ,V-
пѫть,Nb
твои,Ps
прѣдъ,R-
тобоѭ,Pp
амин,I-
г҃л҄ѭ,V-
вамъ,Pp
не,Df
въста,V-
въ,R-
рожденъꙇхъ,V-
женами,Nb
бол҄иі,A-
ꙇоана,Ne
крстител҄ѣ,Nb
мьн҄и,A-
же,Df
въ,R-
ц҃рсѣ,Nb
н҃бсцѣемь,A-
бол҄иі,A-
его,Pp
естъ,V-
Ѡтъ,R-
дьниі,Nb
же,Df
ꙇоана,Ne
кр҄стител҄ѣ,Nb
доселѣ,Df
ц҃рсо,Nb
н҃ебское,A-
нѫдитъ,V-
сѧ,Pk
ꙇ,C-
нѫждьници,Nb
въсхꙑтаѭтъ,V-
е,Pp
вси,Px
бо,Df
пророци,Nb
ꙇ,C-
законъ,Nb
до,R-
ꙇоана,Ne
прорѣшѧ,V-
ꙇ,C-
аште,G-
хоштете,V-
приѩти,V-
тъ,Pd
естъ,V-
ꙇлиѣ,Ne
хотѧі,V-
прити,V-
ꙇмѣѩи,V-
оуши,Nb
слꙑшати,V-
да,Df
слꙑшитъ,V-
Комоу,Pi
же,Df
оуподобл҄ѭ,V-
родо,Nb
сь,Pd
подобенъ,A-
естъ,V-
дѣтиштемъ,Nb
сѣдѧштемъ,V-
на,R-
тръжиштихъ,Nb
ꙇже,Pr
възглашаѭтъ,V-
дроугомъ,Nb
своꙇмъ,Pt
ꙇ,C-
г҃л҄ѭтъ,V-
свирахомъ,V-
вамъ,Pp
ꙇ,C-
не,Df
плѧсасте,V-
плакахомъ,V-
вамъ,Pp
ꙇ,C-
не,Df
рꙑдасте,V-
приде,V-
бо,Df
ꙇоанъ,Ne
ни,C-
пиѩ,V-
ни,C-
ѣдꙑ,V-
ꙇ,C-
г҃лѭт,V-
бѣсъ,Nb
ꙇматъ,V-
приде,V-
с҃нъ,Nb
ч҃скꙑ,A-
ѣдꙑ,V-
ꙇ,C-
пиѩ,V-
ꙇ,C-
г҃л҄ѭтъ,V-
се,I-
ч҃къ,Nb
ѣдьца,Nb
ꙇ,C-
пивьца,Nb
мъздоꙇмьцемъ,Nb
дроугъ,Nb
ꙇ,C-
грѣшьникомъ,Nb
ꙇ,C-
оправди,V-
сѧ,Pk
Прѣмѫдрость,Nb
отъ,R-
дѣлъ,Nb
чѧдъ,Nb
своꙇхъ,Pt
тъгда,Df
начѧтъ,V-
поносити,V-
градомъ,Nb
вь,R-
н҄ихъже,Pr
бꙑшѧ,V-
множаꙇшѧ,A-
силꙑ,Nb
зан҄е,G-
не,Df
покаашѧ,V-
сѧ,Pk
горе,I-
тебѣ,Pp
хоразинъ,Ne
горе,I-
тебѣ,Pp
витⸯъсаꙇда,Ne
ѣко,Df
аште,G-
въ,R-
тⸯурѣ,Ne
ꙇ,C-
сидонѣ,Ne
бишѧ,V-
силꙑ,Nb
бꙑлꙑ,V-
бꙑвъшѧѩ,V-
въ,R-
васъ,Pp
древл҄е,Df
оубо,Df
въ,R-
врѣтишти,Nb
ꙇ,C-
попелѣ,Nb
покаали,V-
сѧ,Pk
бишѧ,V-
обаче,Df
г҃л҄ѭ,V-
вамъ,Pp
тⸯуроу,Ne
ꙇ,C-
сидоноу,Ne
отърадьнѣе,Df
бѫдетъ,V-
вь,R-
дьнь,Nb
сѫдънъꙇ,A-
неже,Df
вама,Pp
Ꙇ,C-
тꙑ,Pp
кафⸯерънаоумъ,Ne
вьзнесꙑ,V-
сѧ,Pk
до,R-
н҃ебсъ,Nb
до,R-
ада,Nb
сънидеши,V-
зан҄е,G-
аште,G-
въ,R-
содомѣхъ,Ne
бишѧ,V-
силꙑ,Nb
бꙑлꙑ,V-
бꙑвъшѧѩ,V-
въ,R-
тебѣ,Pp
прѣбꙑлꙑ,V-
бꙑшѧ,V-
до,R-
дьнесън҄ѣаго,A-
дⸯне,Nb
обаче,Df
г҃л҄ѭ,V-
вамъ,Pp
ѣко,G-
земли,Nb
содомьсцѣ,A-
отърадьнѣе,Df
бѫдетъ,V-
въ,R-
днь,Nb
сѫдънъꙇ,A-
неже,Df
вамъ,Pp
Въ,R-
то,Pd
врѣмѧ,Nb
отъвѣштавъ,V-
и҃с,Ne
рече,V-
ꙇсповѣдаѭ,V-
сѧ,Pk
тебѣ,Pp
о҃че,Nb
г҃и,Nb
небоу,Nb
ꙇ,C-
земли,Nb
ѣко,G-
оутаꙇлъ,V-
еси,V-
си,Pd
отъ,R-
прѣмѫдръꙇхъ,A-
ꙇ,C-
разоумънъꙇхъ,A-
ꙇ,C-
авилъ,V-
ѣ,Pp
еси,V-
младеньцемъ,Nb
еи,I-
о҃че,Nb
ѣко,G-
тако,Df
бꙑс,V-
вол҄ѣ,Nb
прѣдъ,R-
тобоѭ,Pp
Вьсѣ,Px
мнѣ,Pp
прѣдана,V-
сѫтъ,V-
о҃цемь,Nb
моꙇмь,Ps
ꙇ,C-
никтоже,Px
не,Df
знаетъ,V-
с҃на,Nb
тъкмо,Df
о҃ць,Nb
Ни,C-
о҃ца,Nb
кто,Px
знаетъ,V-
тъкмо,Df
с҃нъ,Nb
ꙇ,C-
емоуже,Pr
волитъ,V-
с҃нъ,Nb
отъкрꙑти,V-
придѣте,V-
къ,R-
мнѣ,Pp
вси,Px
троуждаѭштеꙇ,V-
сѧ,Pk
ꙇ,C-
обрѣмен҄ениі,V-
ꙇ,C-
азъ,Pp
покоѭ,V-
вꙑ,Pp
вьзьмѣте,V-
ꙇго,Nb
мое,Ps
на,R-
себѣ,Pk
ꙇ,C-
наоучите,V-
сѧ,Pk
отъ,R-
мене,Pp
ѣко,G-
кротъкъ,A-
есмь,V-
ꙇ,C-
съмѣренъ,V-
сръдⸯцемь,Nb
ꙇ,C-
обрѧштете,V-
покои,Nb
д҃шамъ,Nb
вашимъ,Ps
ꙇго,Nb
мое,Ps
благо,A-
ꙇ,C-
брѣмѧ,Nb
мое,Ps
льгъко,A-
естъ,V-
Въ,R-
то,Pd
врѣмѧ,Nb
приде,V-
и҃с,Ne
въ,R-
сѫботѫ,Nb
сквозѣ,R-
сѣаниѣ,Nb
оученици,Nb
же,Df
его,Pp
възлакашѧ,V-
ꙇ,C-
начѧшѧ,V-
въстръгати,V-
класꙑ,Nb
ꙇ,C-
ѣсти,V-
фарисѣꙇ,Nb
же,Df
видѣвъше,V-
рѣшѧ,V-
емоу,Pp
се,I-
оученици,Nb
твои,Ps
творѧтъ,V-
егоже,Pr
не,Df
достоꙇтъ,V-
творити,V-
въ,R-
сѫботꙑ,Nb
онъ,Pd
же,Df
рече,V-
ꙇмъ,Pp
нѣсте,V-
ли,Du
чьли,V-
чьто,Pi
твори,V-
д҃адъ,Ne
егда,Dq
възлака,V-
самъ,Pd
ꙇ,C-
сѫштеи,V-
съ,R-
н҄имь,Pp
како,Du
вьниде,V-
въ,R-
храмъ,Nb
б҃жіи,A-
ꙇ,C-
хлѣбꙑ,Nb
прѣдъложениѣ,Nb
сънѣстъ,V-
ꙇхъже,Pr
не,Df
достоꙇно,A-
емоу,Pp
бѣ,V-
ѣсти,V-
ни,C-
сѫштіимъ,V-
съ,R-
н҄имь,Pp
тъкмо,Df
ꙇереомъ,Nb
единѣмъ,Ma
Ли,C-
нѣсте,V-
чьли,V-
въ,R-
законѣ,Nb
ѣко,G-
въ,R-
сѫботꙑ,Nb
ꙇереи,Nb
въ,R-
цркъве,Nb
сѫботѫ,Nb
скврънѧтъ,V-
ꙇ,C-
не повиньни,A-
сѫтъ,V-
г҃л҄ѭ,V-
вамъ,Pp
ѣко,G-
цркъве,Nb
ꙇ,Df
бол҄иі,A-
естъ,V-
сьде,Df
аште,G-
ли,Df
бисте,V-
вѣдѣли,V-
чьто,Pi
естъ,V-
милости,Nb
хоштѫ,V-
а,C-
не,Df
жрътвѣ,Nb
николиже,Df
оубо,Df
бисте,V-
осѫдили,V-
неповинъ[нъ]ꙇхъ,A-
г҃ь,Nb
бо,Df
естъ,V-
сѫботѣ,Nb
с҃нъ,Nb
ч҃скꙑ,A-
Ꙇ,C-
прѣходѧ,V-
отътѫдѣ,Df
и҃с,Ne
приде,V-
на,R-
сънъмиште,Nb
ꙇхъ,Pp
ꙇ,C-
се,I-
ч҃къ,Nb
бѣ,V-
тоу,Df
рѫкѫ,Nb
ꙇмꙑ,V-
соухѫ,A-
ꙇ,C-
въпросишѧ,V-
и,Pp
гл҄ѭште,V-
аште,G-
достоꙇтъ,V-
въ,R-
сѫботѫ,Nb
цѣлити,V-
да,G-
на,R-
н҄ь,Pp
възглагол҄ѭтъ,V-
онъ,Pd
же,Df
рече,V-
ꙇмъ,Pp
къто,Pi
естъ,V-
отъ,R-
васъ,Pp
ч҃къ,Nb
ꙇже,Pr
ꙇматъ,V-
овьчѧ,Nb
едино,Ma
ꙇ,C-
аште,G-
въпадетъ,V-
сѧ,Pk
въ,R-
сѫботѫ,Nb
въ,R-
ѣмѫ,Nb
не,Df
ꙇзъметъ,V-
ли,Du
его,Pp
кольми,Du
оубо,Df
лоучиі,A-
естъ,V-
ч҃къ,Nb
овьчѧте,Nb
тѣм,Pd
же,Df
достоꙇтъ,V-
въ,R-
сѫботѫ,Nb
добро,A-
творити,V-
тъгда,Df
г҃ла,V-
ч҃коу,Nb
простьри,V-
рѫкѫ,Nb
твоѭ,Ps
ꙇ,C-
простьрѣтъ,V-
рѫкѫ,Nb
ꙇ,C-
оутвръди,V-
сѧ,Pk
емоу,Pp
ꙇ,C-
бꙑстъ,V-
цѣла,A-
ѣко,Df
ꙇ,Df
дроугаѣ,A-
Фарисѣꙇ,Nb
же,Df
ꙇшьдъше,V-
съвѣтъ,Nb
створишѧ,V-
на,R-
н҄ь,Pp
како,Du
и,Pp
погоубѧтъ,V-
ꙇ҃с,Ne
же,Df
разоумѣвъ,V-
отиде,V-
отътѫдѣ,Df
ꙇ,C-
по,R-
н҄емь,Pp
ꙇдошѧ,V-
народи,Nb
мноѕи,A-
ꙇ,C-
ицѣли,V-
ѩ,Pp
всѧ,Px
ꙇ,C-
запрѣти,V-
ꙇмъ,Pp
да,G-
не,Df
авѣ,Df
его,Pp
сътворѧтъ,V-
да,G-
събѫдетъ,V-
сѧ,Pk
пророкомь,Nb
ꙇсаꙇемь,Ne
г҃л҄ѭштемь,V-
се,I-
отрокъ,Nb
мои,Ps
егоже,Pr
ꙇзволихъ,V-
възл҄юбл҄енꙑ,V-
мои,Ps
на,R-
н҄ьже,Pr
благоꙇзволи,V-
д҃ша,Nb
моѣ,Ps
положѫ,V-
д҃хъ,Nb
мои,Ps
на,R-
н҄емь,Pp
ꙇ,C-
сѫдъ,Nb
ѩзꙑкомъ,Nb
вьзвѣститъ,V-
не,Df
прѣречетъ,V-
ни,C-
възъпиетъ,V-
не,Df
оуслꙑшитъ,V-
никⸯтоже,Px
на,R-
распѫтиꙇхъ,Nb
гласа,Nb
его,Pp
трьсти,Nb
съкроушенꙑ,V-
не,Df
приломитъ,V-
ꙇ,C-
пръта,Nb
не,Df
вънемъша,V-
сѧ,Pk
не,Df
оугаситъ,V-
донⸯдеже,G-
възведетъ,V-
на,R-
побѣдѫ,Nb
сѫдъ,Nb
ꙇ,C-
на,R-
ꙇмѧ,Nb
его,Pp
ѩзꙑци,Nb
оупъваѭтъ,V-
Тогда,Df
привѣсѧ,V-
емоу,Pp
бѣсъноуѭшть,V-
сѧ,Pk
слѣпъ,A-
ꙇ,C-
нѣмъ,A-
ꙇ,C-
ицѣли,V-
і,Pp
ѣко,G-
слѣпъ,A-
ꙇ,C-
глоухъ,Nb
ꙇ,C-
г҃лаше,V-
ꙇ,C-
глѧдааше,V-
ꙇ,C-
дивл҄ѣахѫ,V-
сѧ,Pk
вси,Px
народи,Nb
г҃л҄ѭште,V-
еда,Du
сь,Pd
естъ,V-
с҃нъ,Nb
д҃авъ,A-
Фарисѣи,Nb
же,Df
слꙑшавъше,V-
рѣшѧ,V-
сь,Pd
не,Df
ꙇзгонитъ,V-
бѣсъ,Nb
тъкмо,Df
о,R-
вельзѣволѣ,Ne
кънѧзи,Nb
бѣсъ,Nb
вѣдꙑ,V-
же,Df
и҃с,Ne
мꙑсли,Nb
ꙇмъ,Pp
ꙇ,C-
рече,V-
ꙇмъ,Pp
всѣко,A-
ц҃рство,Nb
раздѣл҄ь,V-
сѧ,Pk
на,R-
сѧ,Pk
запоустѣетъ,V-
ꙇ,C-
вьсѣкъ,A-
градъ,Nb
ли,C-
домъ,Nb
раздѣл҄ь,V-
сѧ,Pk
на,R-
сѧ,Pk
не,Df
станетъ,V-
ꙇ,C-
аште,G-
сотона,Nb
сотонѫ,Nb
ꙇзгонитъ,V-
на,R-
сѧ,Pk
раздѣлилъ,V-
сѧ,Pk
естъ,V-
како,Pi
оубо,Df
ц҃рсо,Nb
его,Pp
ꙇ,C-
аште,G-
азъ,Pp
о,R-
вельзѣволѣ,Ne
ꙇзгон҄ѭ,V-
бѣсꙑ,Nb
с҃нове,Nb
вашѧ,Ps
о,R-
комь,Pi
ꙇзгонѧтъ,V-
сего,Pd
рити,R-
вамъ,Pp
бѫдѫтъ,V-
сѫдиѩ,Nb
аште,G-
ли,Df
о,R-
д҃сѣ,Nb
б҃жіи,A-
азъ,Pp
ꙇзгон҄ѭ,V-
бѣсꙑ,Nb
оубо,Df
пости же,V-
на,R-
васъ,Pp
ц҃рсие,Nb
б҃жие,A-
ли,C-
како,Du
можетъ,V-
кто,Px
вьнити,V-
въ,R-
домъ,Nb
крѣпъкааго,A-
ꙇ,C-
съсѫдꙑ,Nb
его,Pp
расхꙑтити,V-
аште,G-
не,Df
пръвѣе,Df
съвѧжетъ,V-
крѣпъкааго,A-
ꙇ,C-
тъгда,Df
домъ,Nb
его,Pp
расхꙑтити,V-
ꙇже,Pr
нѣстъ,V-
съ,R-
мноѭ,Pp
на,R-
мѧ,Pp
естъ,V-
ꙇ,C-
иже,Pr
не,Df
събираетъ,V-
съ,R-
мноѭ,Pp
растачаетъ,V-
Сего,Pd
ради,R-
г҃л҄ѭ,V-
вамъ,Pp
всѣкъ,A-
грѣхъ,Nb
ꙇ,C-
власвимиѣ,Nb
отъпоуститъ,V-
сѧ,Pk
ч҃комъ,Nb
а,C-
ѣже,Pr
на,R-
д҃хъ,Nb
власвимиѣ,Nb
не,Df
отъпоуститъ,V-
сѧ,Pk
ч҃комъ,Nb
ꙇ,C-
иже,Pr
колижьдо,Df
речетъ,V-
слово,Nb
на,R-
с҃нъ,Nb
ч҃скъ,A-
отъпоуститъ,V-
сѧ,Pk
емоу,Pp
а,C-
ꙇже,Pr
речетъ,V-
на,R-
д҃хъ,Nb
с҃тъꙇ,A-
не,Df
отъпоуститъ,V-
сѧ,Pk
емоу,Pp
ни,C-
вь,R-
сь,Pd
вѣкъ,Nb
ни,C-
въ,R-
грѧдѫштиі,V-
Ли,C-
сътворите,V-
дрѣво,Nb
добро,A-
ꙇ,C-
плодъ,Nb
его,Pp
добръ,A-
ли,C-
сътворите,V-
дрѣво,Nb
зъло,A-
ꙇ,C-
плодь,Nb
его,Pp
зълъ,A-
отъ,R-
плода,Nb
бо,Df
дрѣво,Nb
познано,V-
бѫдетъ,V-
ꙇштѧдиѣ,Nb
ехиднова,A-
како,Du
можете,V-
добро,A-
творити,V-
зьли,A-
сѫште,V-
отъ,R-
ꙇзбꙑтъка,Nb
бо,Df
сръдьцю,Nb
оуста,Nb
г҃л҄ѭтъ,V-
Добръꙇ,A-
ч҃къ,Nb
отъ,R-
добрааго,A-
съкровишта,Nb
ꙇзноситъ,V-
добраа,A-
ꙇ,C-
зълъꙇ,A-
ч҃къ,Nb
отъ,R-
зълааго,A-
съкровишта,Nb
ꙇзноситъ,V-
зълаѣ,A-
глѭ,V-
же,Df
вамъ,Pp
ѣко,G-
всѣко,A-
слово,Nb
праздьно,A-
еже,Pr
аште,Df
рекѫтъ,V-
ч҃ци,Nb
въздадѧтъ,V-
о,R-
н҄емь,Pp
слово,Nb
вь,R-
дьнь,Nb
сѫдънъꙇ,A-
отъ,R-
словесъ,Nb
бо,Df
сво҄ꙇхъ,Pt
оправьдиши,V-
сѧ,Pk
ꙇ,C-
словесꙑ,Nb
своꙇми,Pt
осѫдиши,V-
сѧ,Pk
Тъгда,Df
отъвѣшташѧ,V-
етериі,Px
отъ,R-
кънижьникъ,Nb
ꙇ,C-
фарисѣи,Nb
г҃л҄ѭште,V-
оучител҄ю,Nb
хоштемъ,V-
отъ,R-
тебе,Pp
знамение,Nb
видѣти,V-
Ѡнъ,Pd
же,Df
отъвѣштавъ,V-
рече,V-
ꙇмъ,Pp
родъ,Nb
лѫкавъ,A-
ꙇ,C-
л҄юбодѣи,A-
знамениѣ,Nb
ꙇштетъ,V-
ꙇ,C-
знамение,Nb
не,Df
дастъ,V-
сѧ,Pk
емоу,Pp
тъкмо,Df
знамение,Nb
ꙇонꙑ,Ne
пророка,Nb
ѣко,Dq
бо,Df
бѣ,V-
ꙇона,Ne
вь,R-
чрѣвѣ,Nb
к҄итовѣ,A-
три,Ma
дни,Nb
три,Ma
же,Df
ношти,Nb
тако,Df
бѫдетъ,V-
с҃нъ,Nb
ч҃скъꙇ,A-
въ,R-
с҃рдци,Nb
земл҄ѧ,Nb
три,Ma
дни,Nb
ꙇ,C-
три,Ma
ношти,Nb
мѫжи,Nb
невьꙉитьсці,A-
въстанѫтъ,V-
на,R-
сѫдъ,Nb
съ,R-
родомь,Nb
симь,Pd
ꙇ,C-
осѫдѧтъ,V-
ꙇ,Pp
ѣко,G-
покаашѧ,V-
сѧ,Pk
проповѣдиѭ,Nb
ꙇониноѭ,A-
ꙇ,C-
се,I-
бол҄е,A-
ꙇонꙑ,Ne
сьде,Df
ц҃рица,Nb
южьскаа,A-
въстанетъ,V-
на,R-
сѫдъ,Nb
съ,R-
родомь,Nb
симь,Pd
ꙇ,C-
осѫдѧтъ,V-
ꙇ,Pp
ѣко,Df
приде,V-
отъ,R-
конць,Nb
земл҄ѧ,Nb
слꙑшатъ,V-
прѣмѫдрости,Nb
соломон҄ѧ,A-
ꙇ,C-
се,I-
бол҄е,A-
соломона,Ne
сьде,Df
Егда,Dq
же,Df
нечистъꙇ,A-
д҃хъ,Nb
ꙇзидетъ,V-
отъ,R-
ч҃ка,Nb
прѣходитъ,V-
сквозѣ,R-
бездънаѣ,A-
мѣста,Nb
ꙇштѧ,V-
покоѣ,Nb
ꙇ,C-
не,Df
обрѣтаетъ,V-
тъгда,Df
речетъ,V-
възвраштѫ,V-
сѧ,Pk
въ,R-
храмъ,Nb
мои,Ps
отьноудоуже,Df
ꙇзидъ,V-
ꙇ,C-
пришьдъ,V-
обрѧштетъ,V-
праздьнъ,A-
пометенъ,V-
ꙇ,C-
оукрашенъ,V-
тъгда,Df
ꙇдетъ,V-
ꙇ,C-
поꙇметъ,V-
съ,R-
собоѭ,Pk
ж҃,Ma
ꙇнѣхъ,Px
д҃хъ,Nb
л҄юштьшь,A-
себе,Pk
ꙇ,C-
въшедъше,V-
живѫтъ,V-
ꙇ,C-
бѫдѫтъ,V-
послѣдьн҄ѣѣ,A-
ч҃ка,Nb
того,Pd
горьша,A-
пръвъꙇхъ,Mo
тако,Df
бѫдетъ,V-
ꙇ,Df
родоу,Nb
семоу,Pd
лѫкавъноуемоу,A-
Еште,Df
емоу,Pp
г҃л҄ѭштю,V-
къ,R-
народомъ,Nb
се,I-
мати,Nb
ꙇ,C-
братриѣ,Nb
его,Pp
стоѣхѫ,V-
вьнѣ,Df
ꙇскѫште,V-
г҃лати,V-
емоу,Pp
рече,V-
же,Df
етеръ,Px
къ,R-
н҄емоу,Pp
м҃ти,Nb
твоѣ,Ps
ꙇ,C-
братриѣ,Nb
твоѣ,Ps
вьнѣ,Df
стоѩтъ,V-
хотѧште,V-
г҃лати,V-
къ,R-
тебѣ,Pp
онъ,Pd
же,Df
отъвѣштавъ,V-
рече,V-
къ,R-
г҃л҄ѭштоумоу,V-
къто,Pi
естъ,V-
мати,Nb
моѣ,Ps
ꙇ,C-
къто,Pi
сѫтъ,V-
братриѣ,Nb
моѣ,Ps
ꙇ,C-
простьръ,V-
рѫкѫ,Nb
своѭ,Pt
на,R-
оученикꙑ,Nb
своѩ,Pt
рече,V-
се,I-
мати,Nb
моѣ,Ps
ꙇ,C-
братриѣ,Nb
моѣ,Ps
ꙇже,Pr
бо,Df
аште,Df
творитъ,V-
вол҄ѭ,Nb
о҃ца,Nb
моего,Ps
ꙇже,Pr
естъ,V-
на,R-
н҃бсхъ,Nb
тъ,Pd
братъ,Nb
мои,Ps
ꙇ,C-
сестра,Nb
ꙇ,C-
м҃ти,Nb
естъ,V-
Въ,R-
тъжде,Pd
днь,Nb
ꙇшьдъ,V-
и҃с,Ne
ꙇз,R-
домоу,Nb
сѣдѣаше,V-
при,R-
мори,Nb
ꙇ,C-
събърашѧ,V-
сѧ,Pk
къ,R-
н҄емоу,Pp
народи,Nb
мнози,A-
ꙇ,Df
ѣко,G-
вълѣзъ,V-
въ,R-
корабь,Nb
сѣде,V-
ꙇ,C-
вⸯсь,Px
народъ,Nb
на,R-
помориі,Nb
стоѣше,V-
слъньцю,Nb
въсиѣвъшю,V-
присвѧдѫ,V-
зане,G-
не,Df
ꙇмѣхѫ,V-
корениѣ,Nb
ꙇ,C-
исъхошѧ,V-
не,Df
ꙇматъ,V-
же,Df
корене,Nb
вь,R-
себѣ,Pk
нъ,C-
врѣменъно,Df
естъ,V-
бꙑвъши,V-
же,Df
печали,Nb
ꙇ,C-
гон҄ению,Nb
словесе,Nb
ради,R-
абье,Df
съблажн҄ѣетъ,V-
сѧ,Pk
съпѧштемъ,V-
же,Df
ч҃комъ,Nb
приде,V-
врагъ,Nb
его,Pp
ꙇ,C-
всѣ,V-
плѣвелъ,Nb
посрѣдѣ,R-
пьшеницѧ,Nb
ꙇ,C-
отиде,V-
Тъгда,Df
пристѫпишѧ,V-
къ,R-
ꙇ҃сви,Ne
ꙇже,Pr
бѣахѫ,V-
въ,R-
ꙇ҃лмѣ,Ne
кънижьници,Nb
ꙇ,C-
фарисѣи,Nb
г҃л҄ѭште,V-
по,R-
чьто,Pi
оученици,Nb
твои,Ps
прѣстѫпаѭтъ,V-
прѣдаание,Nb
старьць,Nb
не,Df
омꙑваѭтъ,V-
бо,Df
рѫкъ,Nb
своꙇхъ,Pt
егда,Dq
хлѣбъ,Nb
ѣдѧтъ,V-
онъ,Pd
же,Df
отъвѣштавъ,V-
рече,V-
ꙇмъ,Pp
по,R-
чьто,Pi
вꙑ,Pp
прѣстѫпаете,V-
заповѣдь,Nb
б҃жиѭ,A-
за,R-
прѣдание,Nb
ваше,Ps
б҃ъ,Nb
бо,Df
заповѣдѣ,V-
г҃л҄ѧ,V-
чьти,V-
о҃ца,Nb
ꙇ,C-
м҃рь,Nb
ꙇ,C-
иже,Pr
зълословитъ,V-
о҃ца,Nb
ли,C-
м҃рь,Nb
съмрътиѭ,Nb
да,Df
оумьретъ,V-
вꙑ,Pp
же,Df
г҃лете,V-
ꙇ,C-
разористе,V-
законъ,Nb
б҃жіи,A-
за,R-
прѣдаание,Nb
ваше,Ps
лицемѣри,Nb
добрѣ,Df
пророчьствова,V-
о,R-
вас,Pp
ꙇсаꙇѣ,Ne
г҃л҄ѧ,V-
приближаѭтъ,V-
сѧ,Pk
л҄юдие,Nb
сиі,Pd
оустꙑ,Nb
своꙇми,Pt
ꙇ,C-
оустънами,Nb
чьтѫтъ,V-
мѧ,Pp
а,C-
сръдьце,Nb
ꙇхъ,Pp
далече,Df
отъстоꙇтъ,V-
отъ,R-
мене,Pp
соуе,A-
же,Df
чьтѫтъ,V-
мѧ,Pp
оучѧште,V-
оучениѣ,Nb
заповѣди,Nb
ч҃скꙑ,A-
ꙇ,C-
призъвавъ,V-
же,Df
народꙑ,Nb
рече,V-
ꙇмъ,Pp
Слꙑшите,V-
ꙇ,C-
разоумѣꙇте,V-
не,Df
въходѧштее,V-
въ,R-
оуста,Nb
скврънитъ,V-
ч҃ка,Nb
нъ,C-
ꙇсходѧштее,V-
ꙇз,R-
оустъ,Nb
скврънитъ,V-
ч҃ка,Nb
Тъгда,Df
пристѫпьше,V-
оученици,Nb
рѣшѧ,V-
емоу,Pp
вѣси,V-
ли,Du
ѣко,G-
фарисеи,Nb
слꙑшавъше,V-
слово,Nb
съблажнишѧ,V-
сѧ,Pk
онъ,Pd
же,Df
отъвѣштавъ,V-
рече,V-
всѣкъ,A-
садъ,Nb
егоже,Pr
насади,V-
о҃ць,Nb
мои,Ps
н҃ебскъꙇ,A-
ꙇскоренитъ,V-
сѧ,Pk
ѡстанѣте,V-
ꙇхъ,Pp
вожди,Nb
сѫтъ,V-
слѣпи,A-
слѣпьцемъ,Nb
слѣпъ,A-
же,Df
слѣпьца,Nb
аште,G-
водитъ,V-
оба,Ma
въ,R-
ѣмѫ,Nb
въпадета,V-
сѧ,Pk
Ѡтъвѣштавъ,V-
же,Df
петръ,Ne
рече,V-
емоу,Pp
съкажи,V-
намъ,Pp
притъчѫ,Nb
сиѭ,Pd
и҃с,Ne
же,Df
рече,V-
емоу,Pp
едъначе,Df
ли,Df
вꙑ,Pp
безд,R-
разоума,Nb
есте,V-
не,Df
оу,Df
ли,Du
разоумѣваете,V-
ѣко,G-
всѣко,A-
еже,Pr
въходитъ,V-
въ,R-
оуста,Nb
въ,R-
чрѣво,Nb
въмѣштаетъ,V-
сѧ,Pk
ꙇ,C-
афредомь,Nb
ꙇсходитъ,V-
а,C-
ꙇсходѧштаа,V-
ꙇз,R-
оустъ,Nb
отъ,R-
сръдⸯца,Nb
ꙇсходѧтъ,V-
ꙇ,C-
та,Pd
скврънѧтъ,V-
ч҃ка,Nb
отъ,R-
сръдца,Nb
бо,Df
ꙇсходѧтъ,V-
помꙑшл҄ениѣ,Nb
зълаѣ,A-
оубиіства,Nb
прѣл҄юбодѣаниѣ,Nb
татьбꙑ,Nb
лъжесъвѣдѣниѣ,Nb
власвимиѣ,Nb
си,Pd
сѫтъ,V-
скврънѧштаа,V-
ч҃ка,Nb
а,C-
еже,G-
не,Df
оумъвенами,V-
рѫками,Nb
ѣсти,V-
не,Df
скврънѧтъ,V-
ч҃ка,Nb
ꙇ,C-
ишьдъ,V-
отътѫдоу,Df
и҃с,Ne
отиде,V-
въ,R-
странѫ,Nb
тоурьскѫ,A-
ꙇ,C-
сидоньскѫ,A-
И,C-
се,I-
жена,Nb
хананѣꙇска,A-
отъ,R-
прѣдѣлъ,Nb
тѣхъ,Pd
шьдъши,V-
възъпи,V-
г҃лѭшти,V-
помилоуꙇ,V-
мѧ,Pp
г҃и,Nb
с҃ноу,Nb
д҃авъ,A-
дъшти,Nb
моѣ,Ps
зьлѣ,Df
бѣсъноуетъ,V-
сѧ,Pk
онъ,Pd
же,Df
не,Df
отьвѣшта,V-
еі,Pp
словесе,Nb
ꙇ,C-
пристѫпьше,V-
оученици,Nb
его,Pp
мол҄ѣахѫ,V-
и,Pp
г҃л҄ѭште,V-
отъпоусти,V-
ѭ,Pp
ѣко,G-
въпиетъ,V-
въ,R-
слѣдъ,Nb
насъ,Pp
Онъ,Pd
же,Df
отьвѣштавъ,V-
рече,V-
нѣсмь,V-
посъланъ,V-
тъкⸯмо,Df
къ,R-
овьцамъ,Nb
погꙑбъшиімъ,V-
домоу,Nb
ꙇ҃лева,A-
Ѡна,Pd
же,Df
пришьдъши,V-
поклони,V-
сѧ,Pk
емоу,Pp
г҃л҄ѭшти,V-
г҃и,Nb
помози,V-
ми,Pp
онъ,Pd
же,Df
отъвѣштавъ,V-
рече,V-
нѣстъ,V-
добро,A-
отѧти,V-
хлѣба,Nb
чѧдомъ,Nb
ꙇ,C-
поврѣшти,V-
пьсомъ,Nb
она,Pd
же,Df
рече,V-
еі,I-
г҃и,Nb
ꙇбо,Df
ꙇ,C-
пси,Nb
ѣдѧтъ,V-
отъ,R-
кроупиць,Nb
падаѭштиіхъ,V-
отъ,R-
трепезꙑ,Nb
г҃иі,Nb
своꙇхъ,Pt
тъгда,Df
отъвѣштавъ,V-
и҃с,Ne
рече,V-
еи,Pp
ѡ,I-
жено,Nb
велиѣ,A-
естъ,V-
вѣра,Nb
твоѣ,Ps
бѫди,V-
тебѣ,Pp
ѣкоже,Dq
хоштеши,V-
ꙇ,C-
ицѣлѣ,V-
дъшти,Nb
еѩ,Pp
въ,R-
тъ,Pd
часъ,Nb
Ꙇ,C-
пришьдъ,V-
отътѫдѣ,Df
и҃с,Ne
ꙇде,V-
при,R-
мори,Nb
галилѣꙇстѣмь,A-
ꙇ,C-
въшьдъ,V-
на,R-
горѫ,Nb
сѣде,V-
тоу,Df
ꙇ,C-
пристѫпишѧ,V-
къ,R-
н҄емоу,Pp
народи,Nb
мнози,A-
ꙇмѫште,V-
съ,R-
собоѭ,Pk
хромꙑ,A-
нѣмꙑ,A-
слѣпꙑ,A-
бѣсънꙑ,A-
ꙇ,C-
инꙑ,Px
многꙑ,A-
ꙇ,C-
привѣсѧ,V-
ѩ,Pp
ꙇ,C-
привръгѫ,V-
ѩ,Pp
къ,R-
ногама,Nb
и҃свама,A-
ꙇ,C-
ицѣли,V-
ѩ,Pp
ѣко,G-
народоу,Nb
дивити,V-
сѧ,Pk
видѧште,V-
нѣмꙑѩ,A-
г҃л҄ѭштѧ,V-
бѣсънꙑѩ,A-
съдравꙑ,A-
ꙇ,C-
хромꙑ,A-
ходѧштѧ,V-
ꙇ,C-
слѣпꙑ,A-
видѧштѧ,V-
ꙇ,C-
славл҄ѣхѫ,V-
б҃а,Nb
ꙇ҃злева,A-
ис,Ne
же,Df
призъвавъ,V-
оученикꙑ,Nb
своѩ,Pt
рече,V-
ꙇмъ,Pp
милосръдоуѭ,V-
о,R-
народѣ,Nb
ѣко,G-
оуже,Df
три,Ma
дⸯни,Nb
присѣдѧтъ,V-
мⸯнѣ,Pp
ꙇ,C-
не,Df
ꙇмѫтъ,V-
чесо,Px
ѣсти,V-
ꙇ,C-
отъпоустити,V-
ꙇхъ,Pp
не,Df
хоштѫ,V-
не,Df
ѣдъшь,V-
да,G-
не,Df
како,Du
ослабѣѭтъ,V-
на,R-
пѫти,Nb
ꙇ,C-
г҃лашѧ,V-
емоу,Pp
оученици,Nb
отъкѫдоу,Du
вьзъмемъ,V-
на,R-
поустѣ,A-
мѣстѣ,Nb
хлѣбꙑ,Nb
насꙑтити,V-
толико,Df
народа,Nb
ꙇ,C-
г҃ла,V-
ꙇмъ,Pp
и҃с,Ne
колико,Du
хлѣбъ,Nb
ꙇмате,V-
они,Pd
же,Df
рѣшѧ,V-
ж҃,Ma
ꙇ,C-
мало,Df
рꙑбиць,Nb
ꙇ,C-
повелѣ,V-
народоу,Nb
възлешти,V-
на,R-
земли,Nb
ꙇ,C-
приꙇмъ,V-
ж҃,Ma
хлѣбъ,Nb
ꙇ,C-
рꙑбꙑ,Nb
хвалѫ,Nb
въздавъ,V-
прѣломи,V-
ꙇ,C-
дастъ,V-
оученикомъ,Nb
своꙇмъ,Pt
оученици,Nb
же,Df
народомъ,Nb
ꙇ,C-
ѣшѧ,V-
вси,Px
ꙇ,C-
насꙑтишѧ,V-
сѧ,Pk
ꙇ,C-
вьзѧшѧ,V-
ꙇзбꙑтькꙑ,Nb
оукроухъ,Nb
ж҃,Ma
кошьниць,Nb
ꙇсплънь,A-
ꙇ,C-
ѣдъшиіхъ,V-
бѣаше,V-
четꙑри,Ma
тꙑсѧштѧ,Ma
мѫжь,Nb
развѣ,R-
женъ,Nb
ꙇ,C-
дѣтиі,Nb
ꙇ,C-
отъпоушть,V-
народꙑ,Nb
Вълѣзъ,V-
въ,R-
корабь,Nb
ꙇ,C-
приде,V-
въ,R-
прѣдѣлꙑ,Nb
магдаланьскꙑ,A-
Ꙇ,C-
бꙑстъ,V-
егда,Dq
съконьча,V-
и҃с,Ne
всѣ,Px
словеса,Nb
си,Pd
рече,V-
оученикомъ,Nb
своꙇмъ,Pt
Ꙇ,C-
вьниде,V-
пакꙑ,Df
къ,R-
н҄емоу,Pp
въ,R-
каперънаоумъ,Ne
по,R-
дьньхъ,Nb
Ꙇ,C-
слоухъ,Nb
бꙑс,V-
ѣко,G-
въ,R-
домоу,Nb
естъ,V-
ꙇ,C-
абье,Df
събърашѧ,V-
сѧ,Pk
мнози,A-
ѣко,G-
къ,R-
томоу,Pd
не,Df
въмѣштаахѫ,V-
сѧ,Pk
ни,Df
прѣдъ,R-
двьрьми,Nb
ꙇ,C-
г҃лааше,V-
ꙇмъ,Pp
слово,Nb
Ꙇ,C-
придошѧ,V-
къ,R-
н҄емоу,Pp
носѧште,V-
ослабл҄ена,V-
жилами,Nb
носимъ,V-
четꙑрьми,Ma
ꙇ,C-
не,Df
могѫште,V-
пристѫпити,V-
къ,R-
н҄емоу,Pp
за,R-
народъ,Nb
отъкрꙑшѧ,V-
покровъ,Nb
ꙇдеже,Dq
бѣ,V-
ꙇ,C-
прокопавъше,V-
съвѣсишѧ,V-
одръ,Nb
на,R-
н҄емьже,Pr
ослабл҄енъꙇ,V-
сь,Pd
лежааше,V-
видѣвъ,V-
же,Df
и҃с,Ne
вѣрѫ,Nb
ꙇхъ,Pp
г҃ла,V-
ослабл҄еноуемоу,V-
чѧдо,Nb
отъпоуштаѭтъ,V-
сѧ,Pk
тебѣ,Pp
грѣси,Nb
твои,Ps
бѣахѫ,V-
же,Df
етериі,Px
отъ,R-
кънижьникъ,Nb
тоу,Df
сѣдѧште,V-
ꙇ,C-
помꙑшл҄ѣѭште,V-
въ,R-
сръдьцихъ,Nb
своꙇхъ,Pt
чьто,Pi
сь,Pd
тако,Df
г҃летъ,V-
власвимиѭ,Nb
къто,Pi
можетъ,V-
отъпоуштати,V-
грѣхꙑ,Nb
тъкъмо,Df
единъ,Ma
б҃ъ,Nb
ꙇ,C-
разоумѣвъ,V-
и҃с,Ne
д҃хомь,Nb
своꙇмь,Pt
ѣко,G-
тако,Df
ти,Pd
помꙑшл҄ѣѭтъ,V-
въ,R-
себѣ,Pk
рече,V-
ꙇмъ,Pp
чьто,Pi
тако,Df
помꙑшл҄ѣете,V-
въ,R-
сръдьцихъ,Nb
вашихъ,Ps
чьто,Pi
естъ,V-
оудобѣе,A-
решти,V-
ослабл҄еноуемоу,V-
отъпоуштаѭтъ,V-
ти,Pp
сѧ,Pk
грѣси,Nb
ли,C-
решти,V-
въстани,V-
ꙇ,C-
възъми,V-
одръ,Nb
твои,Ps
ꙇ,C-
ходи,V-
нъ,C-
да,G-
вѣсте,V-
ѣко,G-
власть,Nb
ꙇмать,V-
с҃нъ,Nb
ч҃скꙑ,A-
ѡтьпоуштати,V-
на,R-
земи,Nb
грѣхꙑ,Nb
г҃ла,V-
ослабленоумоу,V-
тебѣ,Pp
г҃л҄ѭ,V-
въстани,V-
възъми,V-
одръ,Nb
твои,Ps
ꙇ,C-
иди,V-
въ,R-
домъ,Nb
твоꙇ,Ps
ꙇ,C-
въста,V-
абие,Df
ꙇ,C-
възьмъ,V-
одръ,Nb
ꙇзиде,V-
прѣдъ,R-
вьсѣми,Px
ѣко,G-
дивл҄ѣахѫ,V-
сѧ,Pk
вси,Px
ꙇ,C-
славл҄ѣахѫ,V-
б҃а,Nb
г҃л҄ѭште,V-
ѣко,G-
николиже,Df
тако,Pd
видѣхомъ,V-
ꙇ,C-
изиде,V-
и҃с,Ne
къ,R-
мор҄ю,Nb
ꙇ,C-
вьсь,Px
народъ,Nb
ꙇдѣаше,V-
къ,R-
н҄емоу,Pp
ꙇ,C-
оучааше,V-
ѩ,Pp
Ꙇ,C-
мимогрѧдꙑ,V-
и҃с,Ne
видѣ,V-
леуꙉиѭ,Ne
альфеова,A-
сѣдѧшта,V-
на,R-
мꙑтьници,Nb
ꙇ,C-
г҃ла,V-
емоу,Pp
по,R-
мнѣ,Pp
грѧди,V-
ꙇ,C-
въставъ,V-
въ,R-
слѣдъ,Nb
его,Pp
ꙇде,V-
Ꙇ,C-
бꙑстъ,V-
възлежѧштю,V-
емоу,Pp
въ,R-
домоу,Nb
его,Pp
ꙇ,C-
мнози,A-
мꙑтаре,Nb
ꙇ,C-
грѣшьници,Nb
възлежаахѫ,V-
съ,R-
и҃смь,Ne
ꙇ,C-
съ,R-
оученикꙑ,Nb
его,Pp
бѣахѫ,V-
бо,Df
мнози,A-
ꙇ,C-
по,R-
н҄емь,Pp
ꙇдошѧ,V-
ꙇ,C-
кънижьници,Nb
ꙇ,C-
фарисѣи,Nb
видѣвъше,V-
і,Pp
ѣдѫшть,V-
съ,R-
мꙑтари,Nb
ꙇ,C-
грѣшьникꙑ,Nb
г҃лаахѫ,V-
оученикомъ,Nb
его,Pp
по,R-
чьто,Pi
съ,R-
мꙑтари,Nb
ꙇ,C-
грѣшьникꙑ,Nb
ѣстъ,V-
ꙇ,C-
пьетъ,V-
Ꙇ,C-
слꙑшавъ,V-
и҃с,Ne
г҃ла,V-
ꙇмъ,Pp
не,Df
трѣбоуѭтъ,V-
съдравиі,A-
врачевъ,Nb
нъ,C-
болѧштеі,V-
не,Df
придъ,V-
бо,Df
призъватъ,V-
правьдьникъ,Nb
нъ,C-
грѣшьникъ,Nb
въ,R-
покаание,Nb
ꙇ,C-
бѣахѫ,V-
оученици,Nb
ꙇоанови,A-
ꙇ,C-
фарисеі,Nb
постѧште,V-
сѧ,Pk
ꙇ,C-
придошѧ,V-
ꙇ,C-
рѣшѧ,V-
емоу,Pp
по,R-
чьто,Pi
оученици,Nb
ꙇоанови,A-
ꙇ,C-
фарисѣꙇсци,A-
постѧтъ,V-
сѧ,Pk
а,C-
твоі,Ps
оученици,Nb
не,Df
постѧтъ,V-
сѧ,Pk
ꙇ,C-
рече,V-
ꙇмъ,Pp
и҃с,Ne
еда,Du
могѫтъ,V-
с҃нове,Nb
брачьниі,A-
постити,V-
сѧ,Pk
доньдеже,G-
съ,R-
н҄ими,Pp
естъ,V-
женихъ,Nb
елико,Pr
врѣмѧ,Nb
съ,R-
собоѭ,Pk
ꙇмѫтъ,V-
жениха,Nb
не,Df
ꙇмѫтъ,V-
постити,V-
сѧ,Pk
придѫтъ,V-
же,Df
дьние,Nb
егда,Dq
отъꙇметъ,V-
сѧ,Pk
отъ,R-
нихъ,Pp
женихъ,Nb
ꙇ,C-
тъгда,Df
постѧтъ,V-
сѧ,Pk
въ,R-
тꙑ,Pd
дьни,Nb
никътоже,Px
приставл҄ениѣ,Nb
плата,Nb
не,Df
бѣл҄ена,V-
не,Df
приставл҄ѣетъ,V-
ризѣ,Nb
ветъсѣ,A-
аште,G-
ли,Df
же,Df
ни,Df
възъметъ,V-
коньць,Nb
отъ,R-
н҄еѩ,Pp
новое,A-
отъ,R-
ветъхаего,A-
ꙇ,C-
горьши,A-
дирѣ,Nb
бѫдетъ,V-
ꙇ,C-
никътоже,Px
ни,Df
въливаетъ,V-
вина,Nb
нова,A-
въ,R-
мѣхꙑ,Nb
вьтъхꙑ,A-
аште,G-
ли,Df
же,Df
ни,Df
просадитъ,V-
вино,Nb
ново,A-
ꙇ,C-
вино,Nb
пролѣетъ,V-
сѧ,Pk
ꙇ,C-
мѣси,Nb
погꙑбнѫтъ,V-
нъ,C-
вино,Nb
новое,A-
въ,R-
мѣхꙑ,Nb
новꙑ,A-
вьльѣти,V-
Ꙇ,C-
бꙑстъ,V-
мимоходѧштоу,V-
емоу,Pp
въ,R-
сѫботꙑ,Nb
сквѣзѣ,R-
сѣѣниѣ,Nb
ꙇ,C-
начѧшѧ,V-
оученици,Nb
его,Pp
пѫть,Nb
творити,V-
въстръгаѭште,V-
класꙑ,Nb
ꙇ,C-
фарисѣі,Nb
г҃лахѫ,V-
емоу,Pp
виждь,V-
чьто,Pi
творѧтъ,V-
въ,R-
сѫботꙑ,Nb
егоже,Pr
не,Df
достоꙇтъ,V-
ꙇ,C-
тъ,Pd
г҃лааше,V-
ꙇмъ,Pp
нѣсте,V-
ли,Du
николиже,Df
чьли,V-
чьто,Pi
створи,V-
д҃адъ,Ne
егда,Dq
трѣбова,V-
ꙇ,C-
възлака,V-
самъ,Pd
ꙇ,C-
иже,Pr
бѣахѫ,V-
съ,R-
н҄имь,Pp
како,Du
вьниде,V-
въ,R-
храмъ,Nb
б҃жіи,A-
при,R-
ѣви[авиа]фарѣ,Ne
арⸯхиереи,Nb
ꙇ,C-
хлѣбꙑ,Nb
прѣдъложениѣ,Nb
сънѣстъ,V-
ꙇхъже,Pr
не,Df
достоѣше,V-
ѣсти,V-
тъкмо,Df
ꙇереомъ,Nb
Ꙇ,C-
г҃лааше,V-
ꙇмъ,Pp
и҃с,Ne
сѫбота,Nb
ч҃ка,Nb
ради,R-
бꙑстъ,V-
а,C-
не,Df
ч҃къ,Nb
сѫботꙑ,Nb
ради,R-
Тѣмь,Pd
же,Df
г҃ь,Nb
естъ,V-
с҃нъ,Nb
ч҃скꙑ,A-
сѫботѣ,Nb
ꙇ,C-
въниде,V-
пакꙑ,Df
въ,R-
сънъмиште,Nb
Ꙇ,C-
бѣ,V-
тоу,Df
ч҃къ,Nb
соухѫ,A-
рѫкѫ,Nb
ꙇмꙑ,V-
ꙇ,C-
назираахѫ,V-
і,Pp
аште,G-
въ,R-
сѫботѫ,Nb
ꙇцѣлитъ,V-
і,Pp
да,G-
на,R-
н҄ь,Pp
в҃ъзглѭтъ,V-
ꙇ,C-
г҃ла,V-
ч҃коу,Nb
ꙇмѫштоуемоу,V-
соухѫ,A-
рѫкѫ,Nb
стани,V-
посрѣдѣ,Df
ꙇ,C-
г҃ли,V-
ꙇмъ,Pp
достоꙇ,V-
ли,Du
въ,R-
сѫботꙑ,Nb
добро,A-
творити,V-
ли,C-
зъло,A-
творити,V-
д҃шѫ,Nb
с҃псти,V-
ли,C-
погоубити,V-
они,Pd
же,Df
мльчаахѫ,V-
възърѣвъ,V-
на,R-
н҄ѧ,Pp
съ,R-
гнѣвомь,Nb
скръбѧ,V-
о,R-
окамен҄ениі,Nb
сръдьца,Nb
ꙇхъ,Pp
г҃ла,V-
ч҃коу,Nb
простьри,V-
рѫкѫ,Nb
твоѭ,Ps
ꙇ,C-
простьрѣ,V-
ꙇ,C-
оутвръди,V-
сѧ,Pk
рѫка,Nb
его,Pp
цѣла,A-
ѣкꙑ,Df
дроугаѣ,A-
Ꙇ,C-
абье,Df
ꙇшьдъше,V-
фарисѣи,Nb
съ,R-
іродиѣнꙑ,Nb
съвѣтъ,Nb
сътварѣахѫ,V-
на,R-
н҄ь,Pp
како,Du
ꙇ,Pp
бѫ,V-
погоубили,V-
ꙇ҃с,Ne
же,Df
отиде,V-
съ,R-
оученикꙑ,Nb
своꙇми,Pt
къ,R-
мор҄ю,Nb
ꙇ,C-
многъ,A-
народъ,Nb
отъ,R-
галилеѩ,Ne
по,R-
н҄емь,Pp
ꙇдошѧ,V-
ꙇ,C-
отъ,R-
ꙇюдеѩ,Ne
ꙇ,C-
отъ,R-
е҃лма,Ne
ꙇ,C-
отъ,R-
ꙇдоумѣѩ,Ne
ꙇ,C-
съ,R-
оного,Pd
полоу,Nb
ꙇордана,Ne
ꙇ,C-
сѫштеі,V-
отъ,R-
тⸯоурѣ,Ne
ꙇ,C-
сидона,Ne
много,A-
мъножьство,Nb
слꙑшавъше,V-
елико,Pr
сътварѣаше,V-
придошѧ,V-
къ,R-
н҄емоу,Pp
ꙇ,C-
рече,V-
оученикомъ,Nb
своꙇмъ,Pt
да,G-
естъ,V-
при,R-
н҄емь,Pp
ладиіца,Nb
народа,Nb
ради,R-
да,G-
не,Df
сътѫжаѭтъ,V-
емоу,Pp
мъногꙑ,A-
бо,Df
ꙇцѣли,V-
ѣко,G-
нападаахѫ,V-
емь,Pp
хотѧште,V-
прикоснѫти,V-
сѧ,Pk
емь,Pp
елико,Pr
ꙇмѣахѫ,V-
ранꙑ,Nb
Ꙇ,C-
егда,Dq
видѣахѫ,V-
і,Pp
д҃си,Nb
нечистиі,A-
припадаахѫ,V-
къ,R-
н҄емоу,Pp
ꙇ,C-
въпиѣхѫ,V-
г҃л҄ѭште,V-
ѣко,G-
тꙑ,Pp
еси,V-
х҃ъ,Ne
с҃нъ,Nb
б҃жіи,A-
ꙇ,C-
много,Df
прѣштааше,V-
ꙇмъ,Pp
да,G-
авѣ,Nb
творѧтъ,V-
его,Pp
ѣко,G-
вѣдѣахѫ,V-
х҃а,Ne
самого,Pd
сѫшта,V-
Ꙇ,C-
вьзиде,V-
на,R-
горѫ,Nb
ꙇ,C-
призꙑва,V-
ѩже,Pr
самъ,Pd
въсхотѣ,V-
ꙇ,C-
идошѧ,V-
къ,R-
н҄емоу,Pp
ꙇ,C-
сътвори,V-
б҃ꙇ,Ma
да,G-
бѫдѫтъ,V-
съ,R-
н҄имь,Pp
ꙇ,C-
посꙑлаетъ,V-
ѩ,Pp
проповѣдати,V-
ꙇ,C-
имѣти,V-
область,Nb
цѣлити,V-
недѫгꙑ,Nb
ꙇ,C-
изгонити,V-
бѣсꙑ,Nb
ꙇ,C-
нарече,V-
ꙇмѧ,Nb
симоноу,Ne
петръ,Ne
ꙇ,C-
ѣкова,Ne
зеведеова,A-
ꙇ,C-
ианⸯна,Ne
братра,Nb
ꙇѣковл҄ѣ,A-
ꙇ,Df
нарече,V-
ꙇма,Pp
ꙇменѣ,Nb
вооанирꙉиси,Ne
еже,Pr
естъ,V-
с҃на,Nb
громова,A-
ꙇ,C-
придошѧ,V-
въ,R-
домъ,Nb
ꙇ,C-
събърашѧ,V-
сѧ,Pk
пакꙑ,Df
народи,Nb
ѣко,G-
не,Df
мошти,V-
ꙇмъ,Pp
ни,Df
хлѣба,Nb
сънѣсти,V-
ꙇ,C-
слꙑшавъше,V-
ꙇже,Pr
бѣахѫ,V-
оу,R-
н҄его,Pp
ꙇзидѫ,V-
ѩти,V-
і,Pp
г҃лаахѫ,V-
бо,Df
ѣко,G-
неꙇстовъ,A-
естъ,V-
ꙇ,C-
кънижьници,Nb
низъшьдъше,V-
отъ,R-
ꙇ҃елма,Ne
г҃лаахѫ,V-
ѣко,G-
вельзѣоулъ,Ne
ꙇматъ,V-
ꙇ,C-
ѣко,G-
о,R-
кънѧзи,Nb
бѣсъ,Nb
ꙇзгонитъ,V-
бѣсꙑ,Nb
ꙇ,C-
призъвавъ,V-
ѩ,Pp
въ,R-
притъчахъ,Nb
г҃лааше,V-
ꙇмъ,Pp
како,Du
можетъ,V-
сотона,Nb
сотонѫ,Nb
ꙇзгънати,V-
ꙇ,C-
аште,G-
ц҃рсо,Nb
на,R-
сѧ,Pk
раздѣлитъ,V-
сѧ,Pk
не,Df
можетъ,V-
стати,V-
ц҃рьство,Nb
то,Pd
ꙇ,C-
аште,G-
домъ,Nb
на,R-
сѧ,Pk
раздѣлитъ,V-
сѧ,Pk
не,Df
можетъ,V-
стати,V-
домъ,Nb
тъ,Pd
ꙇ,C-
аште,G-
сотона,Nb
самъ,Pd
въста,V-
на,R-
сѧ,Pk
ꙇ,C-
раздѣли,V-
сѧ,Pk
не,Df
можетъ,V-
стати,V-
нъ,C-
коньчинѫ,Nb
ꙇматъ,V-
никътоже,Px
не,Df
можетъ,V-
съсѫдъ,Nb
крѣпъкаего,A-
въшьдъ,V-
въ,R-
домъ,Nb
его,Pp
расхꙑтити,V-
аште,G-
не,Df
прьвѣе,Df
крѣпъкаего,A-
съвѧжетъ,V-
ꙇ,C-
тъгда,Df
домъ,Nb
его,Pp
расхꙑтитъ,V-
а,C-
ꙇже,Pr
аште,Df
власвимисаетъ,V-
на,R-
с҃тъꙇ,A-
д҃хъ,Nb
не,Df
ꙇматъ,V-
отъпоуштениѣ,Nb
въ,R-
вѣкꙑ,Nb
повиннъ,A-
вьсе,Px
бꙑваетъ,V-
да,G-
видѧште,V-
видѧтъ,V-
ꙇ,C-
не,Df
оузьрѧтъ,V-
ꙇ,C-
слꙑшѧште,V-
слꙑшѧтъ,V-
ꙇ,C-
не,Df
разоумѣѭтъ,V-
егда,Dq
обратѧтъ,V-
сѧ,Pk
ꙇ,C-
отъпоустѧтъ,V-
сѧ,Pk
ꙇмъ,Pp
грѣси,Nb
ꙇ,C-
г҃ла,V-
ꙇмъ,Pp
не,Df
вѣсте,V-
ли,Du
притъчѧ,Nb
сеѩ,Pd
ꙇ,C-
како,Du
всѧ,Px
притъчѧ,Nb
оумѣете,V-
сѣѩи,V-
слово,Nb
сѣетъ,V-
се,Pd
же,Df
сѫтъ,V-
ѣже,Pr
на,R-
пѫти,Nb
ꙇдеже,Dq
сѣетъ,V-
сѧ,Pk
слово,Nb
ꙇ,C-
егда,Dq
оуслꙑшитъ,V-
абие,Df
придетъ,V-
сотона,Nb
ꙇ,C-
отъꙇметъ,V-
слово,Nb
сѣаное,V-
въ,R-
сръдьцихъ,Nb
ꙇхъ,Pp
ꙇ,C-
си,Pd
такожде,Df
сѫтъ,V-
ꙇже,Pr
на,R-
каменихъ,Nb
сѣемиі,V-
ꙇже,Pr
егда,Dq
слꙑшѧтъ,V-
слово,Nb
абье,Df
съ,R-
радостиѭ,Nb
приемл҄ѫтъ,V-
е,Pp
ꙇ,C-
не,Df
ꙇмѫтъ,V-
корене,Nb
вь,R-
себѣ,Pk
нъ,C-
врѣменни,A-
сѫтъ,V-
по,R-
томь,Pd
же,Df
бꙑвъши,V-
печали,Nb
ли,C-
гон҄ению,Nb
словесе,Nb
ради,R-
абье,Df
съблажн҄ѣѭтъ,V-
сѧ,Pk
а,C-
си,Pd
сѫтъ,V-
сѣани,V-
въ,R-
тръниі,Nb
слꙑшѧштеи,V-
слово,Nb
ꙇ,C-
печали,Nb
вѣка,Nb
сего,Pd
ꙇ,C-
льсть,Nb
богатьствиѣ,Nb
ꙇ,C-
о,R-
прочиіхъ,A-
похотиі,Nb
въходѧштѧ,V-
подавл҄ѣѭтъ,V-
слово,Nb
ꙇ,C-
бес,R-
плода,Nb
бꙑваетъ,V-
а,C-
си,Pd
сѫтъ,V-
сѣаниі,V-
на,R-
добрѣі,A-
земли,Nb
ꙇже,Pr
слꙑшѧтъ,V-
слово,Nb
ꙇ,C-
приемл҄ѫтъ,V-
е,Pp
ꙇ,C-
плодѧтъ,V-
сѧ,Pk
на,R-
ꙇ,C-
г҃лааше,V-
ꙇмъ,Pp
Егда,Dq
приходитъ,V-
свѣтильникъ,Nb
да,G-
подъ,R-
спѫдомь,Nb
положенъ,V-
бѫдетъ,V-
ли,C-
подъ,R-
одромь,Nb
не,Df
да,G-
ли,Du
на,R-
свѣштьникъ,Nb
възложѧтъ,V-
і,Pp
нѣстъ,V-
бо,Df
ничьто же,Px
таꙇно,A-
еже,Pr
не,Df
авитъ,V-
сѧ,Pk
ни,C-
бꙑстъ,V-
потаено,V-
нъ,C-
да,G-
придетъ,V-
въ,R-
авл҄ение,Nb
ꙇже,Pr
ꙇматъ,V-
оуши,Nb
слꙑшати,V-
да,Df
слꙑшитъ,V-
ꙇ,C-
г҃лааше,V-
ꙇмъ,Pp
Бл҄юдѣте,V-
сѧ,Pk
чьто,Pi
слꙑшите,V-
въ,R-
н҄ѭже,Pr
мѣрѫ,Nb
мѣрите,V-
намѣритъ,V-
сѧ,Pk
вамъ,Pp
ꙇ,C-
приложитъ,V-
сѧ,Pk
вамъ,Pp
слꙑшѧштеꙇмъ,V-
Ꙇже,Pr
бо,Df
аште,Df
ꙇматъ,V-
дастъ,V-
сѧ,Pk
емоу,Pp
а,C-
ꙇжь,Pr
не,Df
ꙇматъ,V-
ꙇ,Df
еже,Pr
ꙇматъ,V-
отъꙇметъ,V-
сѧ,Pk
отъ,R-
н҄его,Pp
ꙇ,C-
г҃лааше,V-
тако,Pd
естъ,V-
ц҃рсие,Nb
б҃жие,A-
ѣкоже,Dq
ч҃къ,Nb
въмѣтаетъ,V-
сѣмѧ,Nb
въ,R-
земл҄ѫ,Nb
ꙇ,C-
съпитъ,V-
ꙇ,C-
въстаетъ,V-
ношть,Nb
ꙇ,C-
дьнь,Nb
ꙇ,C-
сѣмѧ,Nb
прозѧбаетъ,V-
ꙇ,C-
растетъ,V-
ѣкоже,Dq
не,Df
вѣстъ,V-
онъ,Pd
вь,R-
себѣ,Pk
бо,Df
земл҄ѣ,Nb
плодитъ,V-
сѧ,Pk
прѣжде,R-
трѣвѫ,Nb
по,R-
томь,Pd
же,Df
класъ,Nb
по,R-
томь,Pd
же,Df
пьшеницѫ,Nb
въ,R-
класѣ,Nb
егда,Dq
же,Df
съзьрѣетъ,V-
плодъ,Nb
посълетъ,V-
сръпъ,Nb
настоꙇтъ,V-
жѧтва,Nb
ꙇ,C-
г҃лааше,V-
Чесомоу,Pi
оуподобимъ,V-
ц҃рсие,Nb
б҃жие,A-
ли,C-
коеі,Pi
притъчи,Nb
приложимъ,V-
е,Pp
ꙇ,C-
тацѣми,Pd
притъчами,Nb
многами,A-
г҃лааше,V-
ꙇмъ,Pp
слово,Nb
ѣкоже,Dq
можаахѫ,V-
слꙑшати,V-
бес,R-
притъчѧ,Nb
же,Df
не,Df
г҃лааше,V-
ꙇмъ,Pp
единъ,Ma
же,Df
съказааше,V-
оученикомъ,Nb
своꙇмъ,Pt
вⸯсѣ,Px
ꙇ,C-
г҃ла,V-
ꙇмъ,Pp
въ,R-
тъ,Pd
дьнь,Nb
вечероу,Nb
бꙑвъшю,V-
прѣꙇдѣмъ,V-
на,R-
онъ,Pd
полъ,Nb
отъпоуштьше,V-
народъ,Nb
поѩшѧ,V-
и,Pp
ѣкоже,Dq
бѣ,V-
въ,R-
ладиі,Nb
ꙇ,C-
инꙑ,Px
же,Df
ладиѩ,Nb
бѣахѫ,V-
съ,R-
н҄ими,Pp
ꙇ,C-
бꙑстъ,V-
боурѣ,Nb
вѣтръна,A-
велиѣ,A-
влънꙑ,Nb
же,Df
въливаахѫ,V-
сѧ,Pk
въ,R-
ладиѭ,Nb
ѣко,G-
оуже,Df
погрѧзнѫти,V-
хотѣаше,V-
ꙇ,C-
бѣ,V-
самъ,Pd
на,R-
кръмѣ,Nb
на,R-
дохъторѣ,Nb
съпѧ,V-
ꙇ,C-
възбоудишѧ,V-
и,Pp
ꙇ,C-
г҃лаахѫ,V-
емоу,Pp
оучител҄ю,Nb
не,Df
родиши,V-
ли,Du
ѣко,G-
погꙑбаемъ,V-
Ꙇ,C-
въставъ,V-
запрѣти,V-
вѣтроу,Nb
ꙇ,C-
рече,V-
морю,Nb
мльчи,V-
ꙇ,C-
оустани,V-
ꙇ,C-
оулеже,V-
вѣтръ,Nb
ꙇ,C-
бꙑстъ,V-
тишина,Nb
вельѣ,A-
ꙇ,C-
рече,V-
ꙇмъ,Pp
чьто,Pi
тако,Df
страшиви,A-
есте,V-
како,Du
не,Df
ꙇмате,V-
вѣрꙑ,Nb
ꙇ,C-
възбоѣшѧ,V-
сѧ,Pk
страхомь,Nb
вельемь,A-
ꙇ,C-
г҃лаахѫ,V-
дроугъ,Pc
къ,R-
дроугоу,Pc
къто,Pi
оубо,Df
сь,Pd
естъ,V-
ѣко,G-
і,C-
вѣтри,Nb
ꙇ,C-
мор҄е,Nb
послоушаѭтъ,V-
его,Pp
ꙇ,C-
придѫ,V-
на,R-
онъ,Pd
полъ,Nb
мор҄ѣ,Nb
въ,R-
странѫ,Nb
гадаринскѫ,A-
Ꙇ,C-
излѣзъшю,V-
же,Df
емоу,Pp
ꙇс,R-
корабл҄ѣ,Nb
абье,Df
сърѣте,V-
и,Pp
отъ,R-
гробъ,Nb
ч҃къ,Nb
д҃хмь,Nb
нечистомь,A-
ꙇже,Pr
жилиште,Nb
ꙇмѣаше,V-
въ,R-
гробѣхъ,Nb
ꙇ,C-
ни,Df
желѣзномь,A-
ѫжемь,Nb
его,Pp
никтоже,Px
не,Df
можааше,V-
его,Pp
съвѧзати,V-
зан҄е,G-
емоу,Pp
много,Df
кратꙑ,Nb
пѫтꙑ,Nb
ꙇ,C-
ѫжи,Nb
желѣзнꙑ,A-
съвѧзаноу,V-
сѫштю,V-
прѣтрьзаахѫ,V-
сѧ,Pk
отъ,R-
н҄его,Pp
ѫжа,Nb
желѣзнаа,A-
ꙇ,C-
пѫта,Nb
съкроушаахѫ,V-
сѧ,Pk
ꙇ,C-
никтоже,Px
его,Pp
не,Df
можааше,V-
оумѫчити,V-
ꙇ,C-
вꙑнѫ,Df
дьнь,Nb
ꙇ,C-
ношть,Nb
въ,R-
гробѣхъ,Nb
ꙇ,C-
въ,R-
горахъ,Nb
бѣ,V-
въпиѩ,V-
ꙇ,C-
тлъкꙑ,V-
сѧ,Pk
камениемь,Nb
оузьрѣвъ,V-
же,Df
ꙇ҃са,Ne
ꙇздалече,Df
тече,V-
ꙇ,C-
поклони,V-
сѧ,Pk
емоу,Pp
ꙇ,C-
възъпивъ,V-
гласомь,Nb
вельемь,A-
г҃ла,V-
чьто,Pi
мьнѣ,Pp
ꙇ,C-
тебѣ,Pp
і҃се,Ne
с҃не,Nb
б҃а,Nb
вꙑшьн҄ѣего,A-
заклинаѭ,V-
тѧ,Pp
б҃мь,Nb
не,Df
мѫчи,V-
мене,Pp
г҃лааше,V-
бо,Df
емоу,Pp
ꙇзиди,V-
д҃ше,Nb
нечистъꙇ,A-
отъ,R-
ч҃ка,Nb
ꙇ,C-
въпрашааше,V-
и,Pp
како,Du
ти,Pp
естъ,V-
ꙇмѧ,Nb
ꙇ,C-
г҃ла,V-
емоу,Pp
леꙉеонъ,Nb
мьнѣ,Pp
ꙇмѧ,Nb
естъ,V-
ѣко,G-
мнози,A-
есмъ,V-
ꙇ,C-
мол҄ѣаше,V-
і,Pp
много,Df
да,G-
не,Df
посъл҄етъ,V-
ꙇхъ,Pp
кромѣ,R-
странꙑ,Nb
бѣ,V-
же,Df
тоу,Df
стадо,Nb
свино,A-
пасомо,V-
велье,A-
при,R-
горѣ,Nb
ꙇ,C-
молишѧ,V-
і,Pp
вси,Px
бѣси,Nb
г҃л҄ѭште,V-
посъл҄и,V-
нꙑ,Pp
вь,R-
свиньѩ,Nb
да,G-
вь,R-
н҄ѧ,Pp
вьнидемъ,V-
ꙇ,C-
абье,Df
повелѣ,V-
ꙇмъ,Pp
и҃с,Ne
ꙇ,C-
ишьдъше,V-
доуси,Nb
нечистиі,A-
вънидошѧ,V-
въ,R-
свиниѩ,Nb
ꙇ,C-
оустръми,V-
сѧ,Pk
стадо,Nb
по,R-
брѣгоу,Nb
въ,R-
мор҄е,Nb
бѣ,V-
же,Df
ꙇхъ,Pp
ѣко,Df
дьвѣ,Ma
тꙑсѧшти,Ma
ꙇ,C-
оутапаахѫ,V-
въ,R-
мор҄и,Nb
ꙇ,C-
пасѫштеи,V-
свиниѩ,Nb
бѣжашѧ,V-
ꙇ,C-
възвѣстишѧ,V-
въ,R-
градѣ,Nb
ꙇ,C-
на,R-
селѣхъ,Nb
ꙇ,C-
придѫ,V-
видѣтъ,V-
бꙑвъшааго,V-
ꙇ,C-
придѫшѧ,V-
къ,R-
і҃сви,Ne
ꙇ,C-
видѣшѧ,V-
бѣсъновавъшааго,V-
сѧ,Pk
сѣдѧшта,V-
обльчена,V-
ꙇ,C-
съмꙑслѧшта,V-
ꙇмѣвъшааго,V-
леꙉеонъ,Nb
ꙇ,C-
оубоѣшѧ,V-
сѧ,Pk
ꙇ,C-
повѣдѣшѧ,V-
ꙇмъ,Pp
видѣвъшеи,V-
како,Du
бꙑс,V-
бѣсъноумоу,A-
ꙇ,C-
о,R-
свиниѣхъ,Nb
ꙇ,C-
начѧшѧ,V-
молити,V-
і,Pp
отити,V-
отъ,R-
прѣдѣлъ,Nb
ꙇхъ,Pp
Ꙇ,C-
въходѧштоу,V-
емоу,Pp
въ,R-
ладиіцѫ,Nb
мол҄ѣаше,V-
і,Pp
бѣсъновавъꙇ,V-
сѧ,Pk
да,G-
би,V-
съ,R-
н҄имь,Pp
бꙑлъ,V-
ꙇ҃с,Ne
же,Df
не,Df
дастъ,V-
емоу,Pp
нъ,C-
г҃ла,V-
емоу,Pp
ꙇди,V-
въ,R-
домъ,Nb
твои,Ps
къ,R-
твоꙇмъ,Ps
ꙇ,C-
възвѣсти,V-
ꙇмъ,Pp
елико,Pr
ти,Pp
г҃ь,Nb
сътвори,V-
ꙇ,C-
помилова,V-
тѧ,Pp
ꙇ,C-
иде,V-
ꙇ,C-
начѧтъ,V-
проповѣдовати,V-
въ,R-
декаполи,Ne
елико,Pr
сътвори,V-
емоу,Pp
и҃с,Ne
ꙇ,C-
вси,Px
дивл҄ѣахѫ,V-
сѧ,Pk
Ꙇ,C-
прѣѣвъшоумоу,V-
въ,R-
кораби,Nb
пакꙑ,Df
на,R-
онъ,Pd
полъ,Nb
събъра,V-
сѧ,Pk
народъ,Nb
многъ,A-
о,R-
н҄емь,Pp
ꙇ,C-
бѣ,V-
при,R-
мори,Nb
Ꙇ,C-
се,I-
приде,V-
единъ,Ma
отъ,R-
арⸯхисунагога,Nb
ꙇменемь,Nb
ꙇаіръ,Ne
ꙇ,C-
видѣвъ,V-
ꙇ,Pp
паде,V-
на,R-
ногоу,Nb
его,Pp
ꙇ,C-
мол҄ѣаше,V-
и,Pp
много,Df
г҃лѧ,V-
ѣко,G-
дъшти,Nb
моѣ,Ps
на,R-
коньчинѣ,Nb
естъ,V-
да,Df
пришьдъ,V-
възложиши,V-
на,R-
н҄ѭ,Pp
рѫцѣ,Nb
да,G-
с҃пена,V-
бѫдетъ,V-
ꙇ,C-
оживетъ,V-
ꙇ,C-
иде,V-
съ,R-
н҄имь,Pp
ꙇ,C-
по,R-
н҄емь,Pp
ꙇдѣаше,V-
народъ,Nb
многъ,A-
ꙇ,C-
оугнѣтаахѫ,V-
и,Pp
Ꙇ,C-
се,I-
жена,Nb
етера,Px
сѫшти,V-
въ,R-
точениі,Nb
кръве,Nb
лѣт,Nb
б҃ꙇ,Ma
ꙇ,C-
много,Df
пострадавъши,V-
отъ,R-
многъ,A-
врачевъ,Nb
ꙇ,C-
иждивъши,V-
вьсе,Px
свое,Pt
ꙇ,C-
ни,Df
единоѩ,Ma
пользѧ,Nb
обрѣтъши,V-
нъ,C-
паче,Df
въ,R-
горе,A-
пришьдъши,V-
слꙑшавъши,V-
о,R-
ꙇ҃сѣ,Ne
пришьдъши,V-
въ,R-
народѣ,Nb
съ,R-
зади,Df
прикоснѫ,V-
сѧ,Pk
ризѣ,Nb
его,Pp
г҃лааше,V-
бо,Df
ѣко,G-
аште,G-
прикоснѫ,V-
сѧ,Pk
понѣ,Df
ризѣ,Nb
его,Pp
с҃пена,V-
бѫдѫ,V-
ꙇ,C-
абье,Df
ꙇсѧкнѫ,V-
ꙇсточьникъ,Nb
кръве,Nb
еѩ,Pp
ꙇ,C-
разоумѣ,V-
тѣломь,Nb
ѣко,G-
ꙇцѣлѣетъ,V-
отъ,R-
ранꙑ,Nb
ꙇ,C-
абье,Df
и҃с,Ne
оштюшть,V-
вь,R-
себѣ,Pk
силѫ,Nb
ꙇшьдъшѫ,V-
отъ,R-
н҄его,Pp
обрашть,V-
сѧ,Pk
въ,R-
народѣ,Nb
г҃лааше,V-
къто,Pi
прикоснѫ,V-
сѧ,Pk
ризъ,Nb
моꙇхъ,Ps
ꙇ,C-
г҃лашѧ,V-
емоу,Pp
оученици,Nb
его,Pp
видѧ,V-
народъ,Nb
оугнѣтаѭшть,V-
тѧ,Pp
ꙇ,C-
г҃леши,V-
къто,Px
сѧ,Pk
прикоснѫ,V-
мнⸯѣ,Pp
ꙇ,C-
озирааше,V-
сѧ,Pk
видѣти,V-
сътворьшѫѭ,V-
се,Pd
жена,Nb
же,Df
оубоѣвъши,V-
сѧ,Pk
ꙇ,C-
трепештѫшти,V-
вѣдѫшти,V-
еже,Pr
бꙑстъ,V-
еі,Pp
приде,V-
ꙇ,C-
припаде,V-
къ,R-
н҄емоу,Pp
ꙇ,C-
рече,V-
емоу,Pp
вьсѫ,Px
ꙇстинѫ,Nb
ꙇ҃с,Ne
же,Df
рече,V-
еі,Pp
дъшти,Nb
вѣра,Nb
твоѣ,Ps
с҃пе,V-
тѧ,Pp
ꙇди,V-
съ,R-
миромь,Nb
ꙇ,C-
бѫди,V-
цѣла,A-
отъ,R-
ранꙑ,Nb
твоеѩ,Ps
Еште,Df
г҃л҄ѭштю,V-
емоу,Pp
придошѧ,V-
отъ,R-
арⸯхисунагога,Nb
г҃лѭште,V-
ѣко,G-
дъшти,Nb
твоѣ,Ps
оумрѣтъ,V-
чьто,Pi
движеши,V-
оучител҄ѣ,Nb
ꙇ҃с,Ne
же,Df
слꙑшавъ,V-
слово,Nb
г҃лемое,V-
г҃ла,V-
архисунагогови,Nb
не,Df
боꙇ,V-
сѧ,Pk
тъкмо,Df
вѣроуі,V-
ꙇ,C-
не,Df
остави,V-
ꙇти,V-
по,R-
себѣ,Pk
ни,Df
единого,Ma
же,Df
тъкъмоу,Df
петра,Ne
ꙇ,C-
ѣкова,Ne
ꙇ,C-
оанна,Ne
братра,Nb
ꙇѣковл҄ѣ,A-
ꙇ,C-
приде,V-
въ,R-
домъ,Nb
арⸯхисунагоговъ,A-
ꙇ,C-
видѣ,V-
мльвѫ,Nb
ꙇ,C-
плачѫштѧ,V-
сѧ,Pk
ꙇ,C-
кличѫштѧ,V-
много,Df
ꙇ,C-
въшедъ,V-
г҃ла,V-
ꙇмъ,Pp
чьто,Pi
мльвите,V-
ꙇ,C-
плачете,V-
сѧ,Pk
отроковица,Nb
нѣстъ,V-
оумръла,V-
нъ,C-
съпитъ,V-
ꙇ,C-
рѫгаахѫ,V-
сѧ,Pk
емоу,Pp
онъ,Pd
же,Df
ꙇзгьнавъ,V-
вьсѧ,Px
поѩтъ,V-
о҃ца,Nb
отроковици,Nb
ꙇ,C-
м҃рь,Nb
ꙇ,C-
иже,Pr
бѣшѧ,V-
съ,R-
н҄имь,Pp
ꙇ,C-
вьниде,V-
ꙇдеже,Dq
бѣ,V-
отрочѧ,Nb
лежѧ,V-
ꙇ,Df
имъ,V-
за,R-
рѫкѫ,Nb
отроковицѫ,Nb
г҃ла,V-
еі,Pp
тⸯалитакоумъ,F-
еже,Pr
естъ,V-
съказаемо,V-
дѣвице,Nb
тебѣ,Pp
г҃л҄ѭ,V-
въстани,V-
ꙇ,C-
абье,Df
въста,V-
дѣвица,Nb
ꙇ,C-
хождааше,V-
бѣ,V-
бо,Df
лѣтома,Nb
ꙇ҃б,Ma
ꙇ,C-
оужаснѫшѧ,V-
сѧ,Pk
оужасомь,Nb
вельемь,A-
ꙇ,C-
запрѣти,V-
ꙇмъ,Pp
много,Df
да,G-
никътоже,Px
не,Df
оувѣстъ,V-
сего,Pd
ꙇ,C-
рече,V-
дадите,V-
еи,Pp
ѣсти,V-
Ꙇ,C-
ишьдъ,V-
отътѫдѣ,Df
ꙇ,C-
приде,V-
въ,R-
о҃чство,Nb
свое,Pt
ꙇ,C-
по,R-
н҄емь,Pp
ꙇдошѧ,V-
оученици,Nb
его,Pp
ꙇ,C-
бꙑвъши,V-
сѫботѣ,Nb
начѧтъ,V-
на,R-
сънъмишти,Nb
оучити,V-
ꙇ,C-
мнози,A-
слꙑшавъше,V-
дивл҄ѣахѫ,V-
сѧ,Pk
о,R-
оучениі,Nb
его,Pp
г҃лѭште,V-
отъкѫдѣ,Du
се,Pd
естъ,V-
семоу,Pd
ꙇ,C-
чьто,Pi
прѣмѫдрость,Nb
данаа,V-
емоу,Pp
ꙇ,C-
силꙑ,Nb
такꙑ,Pd
рѫкама,Nb
его,Pp
бꙑваѭтъ,V-
не,Df
сь,Pd
ли,Du
естъ,V-
текⸯтонъ,Nb
с҃нъ,Nb
мариінъ,A-
ꙇ,C-
братръ,Nb
же,Df
ꙇѣковоу,Ne
ꙇ,C-
осиі,Ne
ꙇ,C-
июдѣ,Ne
ꙇ,C-
симоноу,Ne
не,Df
ꙇ,C-
ли,Du
сестрꙑ,Nb
его,Pp
сѫтъ,V-
сьде,Df
въ,R-
насъ,Pp
ꙇ,C-
съблажн҄ѣхѫ,V-
сѧ,Pk
о,R-
н҄емь,Pp
глааше,V-
же,Df
ꙇмъ,Pp
и҃с,Ne
ѣко,G-
нѣстъ,V-
пророкъ,Nb
бештьсти,A-
тъкъмо,Df
въ,R-
своемь,Pt
отьчьствиі,Nb
ꙇ,C-
въ,R-
рождениі,Nb
ꙇ,C-
въ,R-
домоу,Nb
своемоу,Pt
ꙇ,C-
не,Df
можааше,V-
тоу,Df
ни,Df
единоѩ,Ma
же,Df
силꙑ,Nb
сътворити,V-
тъкъмо,Df
на,R-
мало,Df
недѫжьникъ,Nb
възложи,V-
рѫцѣ,Nb
ꙇ,C-
ицѣли,V-
ꙇ,C-
диви,V-
сѧ,Pk
за,R-
невѣрьствие,Nb
ꙇхъ,Pp
ꙇ,C-
обьхождааше,V-
градьцѧ,Nb
оучѧ,V-
Ꙇ,C-
г҃лааше,V-
ꙇмъ,Pp
ꙇжде же,Dq
колижьдо,Df
вьнидете,V-
въ,R-
домъ,Nb
тоу,Df
прѣбꙑваꙇте,V-
доꙇдеже,G-
ꙇзидете,V-
отътѫдѣ,Df
ꙇ,C-
елико,Pr
аште,Df
не,Df
приемл҄ѭтъ,V-
васъ,Pp
ни,C-
послоушаѭтъ,V-
васъ,Pp
ꙇсходѧште,V-
отътѫдоу,Df
отътрѧсѣте,V-
прахъ,Nb
ꙇже,Pr
естъ,V-
подъ,R-
ногами,Nb
вашими,Ps
въ,R-
съвѣдѣтельство,Nb
ꙇмъ,Pp
амин,I-
г҃л҄ѭ,V-
вамъ,Pp
отърадьнѣе,Df
бѫдетъ,V-
содомомъ,Nb
ли,C-
гомор҄ѣнемъ,Nb
въ,R-
дьнь,Nb
сѫдънъꙇ,Nb
неже,Df
градоу,Nb
томоу,Pd
ꙇ,C-
ишьдъше,V-
проповѣдаахѫ,V-
да,G-
покаѭтъ,V-
сѧ,Pk
ꙇ,C-
бѣсꙑ,Nb
многꙑ,A-
ꙇзган҄ѣахѫ,V-
ꙇ,C-
мазаахѫ,V-
олѣомь,Nb
многꙑ,A-
недѫжьнꙑѩ,A-
ꙇ,C-
ицѣл҄ѣахѫ,V-
ꙇ,C-
оуслꙑша,V-
ц҃рь,Nb
ꙇродъ,Ne
слоухъ,Nb
ꙇ҃свъ,A-
авѣ,Df
бо,Df
бꙑстъ,V-
ꙇмѧ,Nb
его,Pp
ꙇ,C-
г҃лааше,V-
ѣко,G-
ꙇоанъ,Ne
крьстѧі,V-
въста,V-
отъ,R-
мрътвъꙇхъ,A-
ꙇ,C-
сего,Pd
ради,R-
силꙑ,Nb
дѣѭтъ,V-
сѧ,Pk
о,R-
н҄емь,Pp
ꙇни,Px
же,Df
г҃лаахѫ,V-
ѣко,G-
ꙇлиѣ,Ne
естъ,V-
ꙇни,Px
же,Df
г҃лаахѫ,V-
ѣко,G-
пророкъ,Nb
естъ,V-
ѣко,Df
единъ,Ma
отъ,R-
пророкъ,Nb
слꙑшавъ,V-
же,Df
ꙇродъ,Ne
рече,V-
ѣко,G-
егоже,Pr
азъ,Pp
оусѣкнѫхъ,V-
ꙇоанна,Ne
сь,Pd
естъ,V-
тъ,Pd
въста,V-
отъ,R-
мрътвъꙇхъ,Nb
Тъ,Pd
бо,Df
ꙇродъ,Ne
посълавъ,V-
ѩтъ,V-
ꙇоана,Ne
ꙇ,C-
съвѧза,V-
і,Pp
въ,R-
тьмьници,Nb
ꙇродиѣдꙑ,Ne
ради,R-
женꙑ,Nb
филипа,Ne
братра,Nb
своего,Pt
ѣко,G-
ожени,V-
сѧ,Pk
еѭ,Pp
глааше,V-
бо,Df
ꙇоанъ,Ne
ꙇродови,Ne
ѣко,G-
не,Df
достоꙇтъ,V-
тебѣ,Pp
ꙇмѣти,V-
женꙑ,Nb
филипа,Ne
брата,Nb
своего,Pt
ꙇродиѣ,Ne
же,Df
гнѣвааше,V-
сѧ,Pk
на,R-
н҄ь,Pp
ꙇ,C-
хотѣаше,V-
і,Pp
оубити,V-
ꙇ,C-
не,Df
можааше,V-
ꙇродъ,Ne
бо,Df
боѣше,V-
сѧ,Pk
ꙇоана,Ne
вѣдꙑ,V-
мѫжа,Nb
правьдъна,A-
ꙇ,C-
с҃та,A-
ꙇ,C-
хран҄ѣаше,V-
і,Pp
ꙇ,C-
послоушаѩ,V-
его,Pp
мъного,Df
творѣаше,V-
ꙇ,C-
въ,R-
сласть,Nb
его,Pp
слоушааше,V-
ꙇ,C-
приключьшю,V-
сѧ,Pk
дьни,Nb
потрѣбъноу,A-
егда,Dq
ꙇродъ,Ne
рождьствоу,Nb
своемоу,Pt
вечерѫ,Nb
твор҄ѣаше,V-
кънѧземъ,Nb
своꙇмъ,Pt
ꙇ,C-
тꙑсѫштьникомъ,Nb
ꙇ,C-
старѣꙇшинамъ,Nb
галилѣꙇскамъ,A-
ꙇ,C-
въшьдъши,V-
дъштери,Nb
еѩ,Pp
ꙇродиѣдѣ,Ne
ꙇ,C-
плѧсавъши,V-
ꙇ,C-
оугождьши,V-
ꙇродови,Ne
ꙇ,C-
възлежѧштіимъ,V-
съ,R-
н҄имь,Pp
рече,V-
ц҃рь,Nb
дѣвици,Nb
емоуже,Pr
аште,G-
хоштеши,V-
дамь,V-
ти,Pp
ꙇ,C-
клѧтъ,V-
сѧ,Pk
еі,Pp
ѣко,G-
егоже,Pr
аште,Df
просиши,V-
дамь,V-
ти,Pp
до,R-
полъ,Nb
ц҃рсиѣ,Nb
моего,Ps
она,Pd
же,Df
ꙇшьдъши,V-
рече,V-
къ,R-
м҃ри,Nb
своеі,Pt
чесо,Px
прошѫ,V-
она,Pd
же,Df
рече,V-
главꙑ,Nb
ꙇоана,Ne
крьстител҄ѣ,Nb
ꙇ,C-
въшьдъши,V-
абье,Df
съ,R-
тъштаниемь,Nb
къ,R-
ц҃рю,Nb
проси,V-
г҃лѭшти,V-
хоштѫ,V-
да,G-
ми,Pp
даси,V-
оусѣченѫ,V-
на,R-
бл҄юдѣ,Nb
главѫ,Nb
ꙇоана,Ne
крьстител҄ѣ,Nb
ꙇ,C-
прискръбьнъ,A-
бꙑстъ,V-
ц҃рь,Nb
за,R-
клѧтвꙑ,Nb
ꙇ,C-
възлежѧштихъ,V-
съ,R-
н҄имь,Pp
не,Df
въсхотѣ,V-
отърешти,V-
сѧ,Pk
еі,Pp
ꙇ,C-
абье,Df
посълавъ,V-
ц҃рь,Nb
воꙇна,Nb
повелѣ,V-
принести,V-
главѫ,Nb
его,Pp
онъ,Pd
же,Df
шьдъ,V-
оусѣкнѫ,V-
і,Pp
въ,R-
тьмьници,Nb
ꙇ,C-
принесе,V-
главѫ,Nb
его,Pp
на,R-
бл҄юдѣ,Nb
ꙇ,C-
дастъ,V-
дѣвици,Nb
ꙇ,C-
дѣвица,Nb
дастъ,V-
ѭ,Pp
м҃ри,Nb
своеі,Pt
ꙇ,C-
слꙑшавъше,V-
оученици,Nb
его,Pp
придошѧ,V-
ꙇ,C-
вьзѧшѧ,V-
троупъ,Nb
его,Pp
ꙇ,C-
положишѧ,V-
і,Pp
въ,R-
гробѣ,Nb
ꙇ,C-
събърашѧ,V-
сѧ,Pk
а҃поли,Nb
къ,R-
і҃су,Ne
ꙇ,C-
възвѣстишѧ,V-
емоу,Pp
всѣ,Px
елико,Pr
сътворишѧ,V-
ꙇ,C-
елико,Pr
наоучишѧ,V-
ꙇ,C-
рече,V-
ꙇмъ,Pp
придѣте,V-
вꙑ,Pp
сами,Pd
въ,R-
мѣсто,Nb
едини,Ma
ꙇ,C-
почиіте,V-
мало,Df
бѣахѫ,V-
бо,Df
приходѧштеі,V-
ꙇ,C-
оходѧштеи,V-
мнози,A-
ꙇ,C-
не,Df
бѣ,V-
ꙇмъ,Pp
коли,Df
понѣ,Df
ѣсти,V-
ꙇ,C-
идошѧ,V-
въ,R-
поусто,A-
мѣсто,Nb
корабл҄емь,Nb
едини,Ma
ꙇ,C-
видѣшѧ,V-
ѩ,Pp
ѣдѫштѧ,V-
ꙇ,C-
познашѧ,V-
ѩ,Pp
мнози,A-
ꙇ,C-
пѣши,A-
отъ,R-
всѣхъ,Px
градъ,Nb
тѣшѧ,V-
тамо,Df
ꙇ,C-
варишѧ,V-
ѩ,Pp
ꙇ,C-
ишьдъ,V-
и҃с,Ne
видѣ,V-
народъ,Nb
многъ,A-
ꙇ,C-
мили,A-
емоу,Pp
бꙑшѧ,V-
зан҄е,G-
бѣахѫ,V-
ѣко,Dq
овьцѧ,Nb
не,Df
ꙇмѫштѧ,V-
пастоуха,Nb
Ꙇ,C-
начѧтъ,V-
оучити,V-
ѩ,Pp
много,Df
ꙇ,C-
минѫвъшю,V-
часоу,Nb
пристѫпьше,V-
къ,R-
н҄емоу,Pp
оученици,Nb
его,Pp
г҃лашѧ,V-
ѣко,G-
поусто,A-
естъ,V-
мѣсто,Nb
ꙇ,C-
оуже,Df
година,Nb
минѫ,V-
отъпоусти,V-
ѩ,Pp
да,G-
шьдъше,V-
въ,R-
окръстън҄иіхъ,A-
селѣхъ,Nb
ꙇ,C-
вьсехъ,Nb
коупѧтъ,V-
себѣ,Pk
хлѣбꙑ,Nb
не,Df
ꙇмѫтъ,V-
бо,Df
чьсо,Px
ѣсти,V-
онъ,Pd
же,Df
отъвѣштавъ,V-
рече,V-
ꙇмъ,Pp
дадите,V-
ꙇмъ,Pp
вꙑ,Pp
ѣсти,V-
ꙇ,C-
г҃лашѧ,V-
емоу,Pp
да,G-
шьдъше,V-
коупимъ,V-
дьвѣма,Ma
сътома,Ma
пѣнѧзь,Nb
хлѣбꙑ,Nb
ꙇ,C-
дамъ,V-
ꙇмъ,Pp
ѣсти,V-
Ѡнъ,Pd
же,Df
г҃ла,V-
ꙇмъ,Pp
колико,Du
ꙇмате,V-
хлѣбъ,Nb
ꙇдѣте,V-
[да]дите,V-
ꙇ,C-
оувѣдѣвъше,V-
г҃лашѧ,V-
д҃,Ma
хлѣбъ,Nb
ꙇ,C-
б҃,Ma
рꙑбѣ,Nb
ꙇ,C-
повелѣ,V-
ꙇмъ,Pp
посадити,V-
ѩ,Pp
всѧ,Px
на,R-
сподꙑ,Nb
на,R-
сподꙑ,Nb
на,R-
трѣвѣ,Nb
зеленѣ,A-
ꙇ,C-
възлегошѧ,V-
на,R-
лѣхꙑ,Nb
на,R-
лѣхꙑ,Nb
по,R-
сътоу,Ma
ꙇ,C-
пѧти,Ma
десѧтъ,Ma
ꙇ,C-
приімъ,V-
д҃,Ma
хлѣбъ,Nb
ꙇ,C-
б҃,Ma
рꙑбѣ,Nb
ꙇ,C-
възьрѣвъ,V-
на,R-
н҃бо,Nb
б҃гви,V-
ꙇ,C-
прѣломи,V-
хлѣбꙑ,Nb
ꙇ,C-
даѣше,V-
оученикомъ,Nb
своꙇмъ,Pt
да,G-
полагаѭтъ,V-
прѣдъ,R-
н҄ими,Pp
ꙇ,C-
обѣ,Ma
рибѣ,Nb
раздѣли,V-
всѣмъ,Px
ꙇ,C-
ѣшѧ,V-
вси,Px
ꙇ,C-
насꙑтишѧ,V-
сѧ,Pk
ꙇ,C-
вьзѧшѧ,V-
оукроухъ,Nb
б҃ꙇ,Ma
коша,Nb
ꙇсплънь,A-
ꙇ,C-
отъ,R-
рꙑбоу,Nb
ѣдъшиіхъ,V-
же,Df
бѣ,V-
хлѣбꙑ,Nb
пѧть,Ma
тꙑсѫшть,Ma
мѫжь,Nb
Ꙇ,C-
абье,Df
оубѣди,V-
оученикꙑ,Nb
своѩ,Pt
вьнити,V-
въ,R-
корабл҄ь,Nb
ꙇ,C-
варити,V-
і,Pp
на,R-
ономь,Pd
полоу,Nb
къ,R-
видъсаꙇдѣ,Ne
доньдеже,G-
самъ,Pd
отъпоуститъ,V-
народꙑ,Nb
ꙇ,C-
отърекъ,V-
сѧ,Pk
ꙇмъ,Pp
ꙇде,V-
въ,R-
горѫ,Nb
помолитъ,V-
сѧ,Pk
Ꙇ,C-
вечеръ,Df
бꙑвъшю,V-
бѣ,V-
бо,Df
корабл҄ь,Nb
посрѣдѣ,R-
мор҄ѣ,Nb
а,C-
сь,Pd
единъ,Ma
на,R-
земл҄и,Nb
ꙇ,C-
видѣвъ,V-
ѩ,Pp
страждѫштѩ,V-
въ,R-
гребениі,Nb
бѣ,V-
бо,Df
вѣтръ,Nb
противьнъ,Df
ꙇмъ,Pp
ꙇ,C-
при,R-
четврътѣі,Mo
стражи,Nb
ноштьнѣи,A-
ꙇ,C-
приде,V-
къ,R-
н҄имъ,Pp
по,R-
мор҄ю,Nb
ходѧ,V-
ꙇ,C-
хотѣ,V-
минѫти,V-
ѩ,Pp
они,Pd
же,Df
видѣвъше,V-
і,Pp
по,R-
мор҄ю,Nb
ходѧшть,V-
непьштевашѧ,V-
призракъ,Nb
бꙑти,V-
ꙇ,C-
възъвашѧ,V-
вси,Px
бо,Df
видѣвъше,V-
і,Pp
ꙇ,C-
вьзмѧтошѧ,V-
сѧ,Pk
онъ,Pd
же,Df
абье,Df
г҃ла,V-
съ,R-
н҄ими,Pp
ꙇ,C-
рече,V-
ꙇмъ,Pp
Дръзаꙇте,V-
азъ,Pp
есмь,V-
не,Df
боꙇте,V-
сѧ,Pk
ꙇ,C-
въниде,V-
къ,R-
н҄имъ,Pp
въ,R-
корабл҄ь,Nb
ꙇ,C-
оулеже,V-
вѣтръ,Nb
ꙇ,C-
ѕѣло,Df
ꙇзлиха,Df
дивл҄ѣахѫ,V-
сѧ,Pk
ꙇ,C-
оужасаахѫ,V-
сѧ,Pk
не,Df
разоумѣшѧ,V-
бо,Df
о,R-
хлѣбѣхъ,Nb
нъ,C-
бѣ,V-
сръдьце,Nb
ꙇхъ,Pp
окамен҄ено,V-
ꙇ,C-
приѣхавъше,V-
придошѧ,V-
въ,R-
земл҄ѭ,Nb
ꙉенисаретьскѫ,A-
ꙇ,C-
присташѧ,V-
ꙇшⸯдъшемъ,V-
же,Df
ꙇмъ,Pp
ꙇс,R-
корабл҄ѣ,Nb
абье,Df
познашѧ,V-
и,Pp
ꙇ,C-
прѣтѣшѧ,V-
вьсѫ,Px
странѫ,Nb
тѫ,Pd
ꙇ,C-
начѧсѧ,V-
приносити,V-
на,R-
одрѣхъ,Nb
болѧштѧѩ,V-
ꙇдеже,Dq
слꙑшаахѫ,V-
и,Pp
ѣко,G-
тоу,Df
естъ,V-
ꙇ,C-
ѣможе,Dq
колижьдо,Df
въхождааше,V-
въ,R-
вьси,Nb
ли,C-
въ,R-
градꙑ,Nb
ли,C-
вь,R-
села,Nb
на,R-
распѫтиіхъ,Nb
полагаахѫ,V-
недѫжьнꙑѩ,A-
ꙇ,C-
мол҄ѣахѫ,V-
и,Pp
да,G-
понѣ,Df
вьскрили,Nb
ризꙑ,Nb
его,Pp
прикоснѫтъ,V-
сѧ,Pk
ꙇ,C-
елико,Pr
аште,Df
прикасаахѫ,V-
сѧ,Pk
емь,Pp
с҃пени,V-
бꙑваахѫ,V-
ꙇ,C-
бѫдете,V-
оба,Ma
въ,R-
плъть,Nb
единѫ,Ma
ꙇ,C-
посъла,V-
дъва,Ma
отъ,R-
оученикъ,Nb
своꙇхъ,Pt
ꙇ,C-
г҃ла,V-
ꙇма,Pp
ꙇдѣта,V-
въ,R-
градъ,Nb
ꙇ,C-
сърѧштетъ,V-
вꙑ,Pp
ч҃къ,Nb
въ,R-
скѫдольницѣ,Nb
водѫ,Nb
несꙙ,V-
по,R-
н҄емь,Pp
ꙇдѣта,V-
ꙇ,C-
идеже,Dq
аште,Df
вьнидетъ,V-
рьцѣта,V-
г҃ноу,Nb
домоу,Nb
оучител҄ь,Nb
г҃летъ,V-
къде,Du
естъ,V-
обитѣл҄ь,Nb
ꙇдеже,Dq
пасхѫ,Nb
съ,R-
оученикꙑ,Nb
моꙇми,Ps
сънѣмь,V-
ꙇ,C-
тъ,Pd
вама,Pp
покажетъ,V-
горьницѫ,Nb
вꙑсокѫ,A-
постъланѫ,V-
готовѫ,A-
тоу,Df
оуготоваꙇта,V-
намъ,Pp
ꙇ,C-
изидосте,V-
оученика,Nb
ꙇ,C-
придосте,V-
въ,R-
градъ,Nb
ꙇ,C-
обрѣтосте,V-
ѣкоже,Dq
рече,V-
ꙇма,Pp
ꙇ,C-
оуготовасте,V-
пасхѫ,Nb
Ꙇ,C-
вечероу,Nb
бꙑвъшю,V-
приде,V-
съ,R-
обѣма,Ma
на,R-
десѧте,Ma
ꙇ,C-
вьзлежѧштемъ,V-
ꙇмъ,Pp
ꙇ,C-
ѣдѫштемъ,V-
рече,V-
и҃с,Ne
аминⸯ,I-
г҃лѭ,V-
вамъ,Pp
ѣко,G-
единъ,Ma
отъ,R-
васъ,Pp
прѣдастъ,V-
мѧ,Pp
ѣдꙑ,V-
съ,R-
мноѭ,Pp
Ѡни,Pd
же,Df
начѧшѧ,V-
скръбѣти,V-
ꙇ,C-
г҃лати,V-
емоу,Pp
единъ,Ma
по,R-
единомоу,Ma
еда,Du
азъ,Pp
ꙇ,C-
дроугꙑ,Nb
еда,G-
азъ,Pp
Ѡнъ,Pd
же,Df
отъвѣштавъ,V-
рече,V-
ꙇмъ,Pp
единъ,Ma
отъ,R-
обою,Ma
на,R-
десѧте,Ma
омочьі,V-
съ,R-
мъноѭ,Pp
въ,R-
солило,Nb
с҃нъ,Nb
же,Df
ч҃скъꙇ,A-
ꙇдетъ,V-
ѣкоже,Dq
естъ,V-
пⸯсано,V-
о,R-
н҄емь,Pp
Горе,I-
же,Df
ч҃коу,Nb
томоу,Pd
ꙇмьже,Pr
с҃нъ,Nb
ч҃скꙑ,A-
прѣдаетъ,V-
сѧ,Pk
добрѣе,A-
емоу,Pp
би,V-
бꙑло,V-
аште,G-
не,Df
би,V-
родилъ,V-
сѧ,Pk
ч҃къ,Nb
тъ,Pd
Ꙇ,C-
ѣдѫштемъ,V-
ꙇмъ,Pp
приімъ,V-
и҃с,Ne
хлѣбъ,Nb
ꙇ,C-
хвалѫ,Nb
въздавъ,V-
б҃лгсвешть,V-
прѣломи,V-
ꙇ,C-
дастъ,V-
ꙇмъ,Pp
ꙇ,C-
рече,V-
приімѣте,V-
се,Pd
естъ,V-
тѣло,Nb
мое,Ps
Ꙇ,C-
приімъ,V-
чашѫ,Nb
хвалѫ,Nb
въздавъ,V-
дастъ,V-
ꙇмъ,Pp
ꙇ,C-
пишѧ,V-
отъ,R-
н҄еѩ,Pp
вси,Px
ꙇ,C-
рече,V-
ꙇмъ,Pp
се,I-
естъ,V-
кръвь,Nb
моѣ,Ps
новаго,A-
завѣта,Nb
проливаемаѣ,V-
за,R-
многꙑ,A-
Аминⸯ,I-
г҃л҄ѭ,V-
вамъ,Pp
ѣко,G-
оуже,Df
не,Df
ꙇмамь,V-
пити,V-
отъ,R-
плода,Nb
лозънааго,A-
до,R-
того,Pd
дьне,Nb
егда,Dq
пьѭ,V-
ꙇ,C-
новь,A-
ц҃рсьи,Nb
б҃жіи,A-
Ꙇ,C-
въспѣвъше,V-
ꙇзидѫ,V-
въ,R-
горѫ,Nb
елеоньскѫѭ,A-
Ꙇ,C-
г҃ла,V-
ꙇмъ,Pp
и҃с,Ne
ѣко,G-
вьси,Px
съблазните,V-
сѧ,Pk
о,R-
мнѣ,Pp
въ,R-
сьѭ,Pd
ношть,Nb
Пⸯсано,V-
бо,Df
естъ,V-
поражѫ,V-
пастꙑр҄ѣ,Nb
ꙇ,C-
овьцѧ,Nb
разбѣгнѫтъ,V-
сѧ,Pk
нъ,C-
по томь,R-
егда,Dq
въскръснѫ,V-
вар҄ѭ,V-
вꙑ,Pp
въ,R-
галилеі,Ne
Петръ,Ne
же,Df
рече,V-
емоу,Pp
ꙇ,C-
аште,G-
ꙇ,Df
вьси,Px
съблазнѧтъ,V-
сѧ,Pk
нъ,C-
не,Df
азъ,Pp
ꙇ,C-
г҃ла,V-
емоу,Pp
и҃с,Ne
аминⸯ,I-
г҃л҄ѭ,V-
ти,Pp
ѣко,G-
тꙑ,Pp
дьньсь,Df
въ,R-
сиѭ,Pd
ношть,Nb
прѣжде,Df
даже,G-
въторицеѭ,Df
коуръ,Nb
не,Df
възгласитъ,V-
три,Ma
кратꙑ,Nb
отъвръжеши,V-
сѧ,Pk
мене,Pp
Петръ,Ne
же,Df
ꙇзлиха,Df
г҃лааше,V-
паче,Df
аште,G-
ми,Pp
сѧ,Pk
лоучитъ,V-
оумрѣти,V-
съ,R-
тобоѭ,Pp
не,Df
отъвръгѫ,V-
сѧ,Pk
тебе,Pp
такожде,Df
ꙇ,C-
вси,Px
г҃лаахѫ,V-
Ꙇ,Pp
придошѧ,V-
вь,R-
вьсь,Px
ꙉенⸯсимани,Ne
Ꙇ,C-
г҃ла,V-
оученикомъ,Nb
своꙇмъ,Pt
сѧдѣте,V-
сьде,Df
доньдеже,G-
шьдъ,V-
помол҄ѭ,V-
сѧ,Pk
ꙇ,C-
поѩтъ,V-
петра,Ne
ꙇ,C-
ѣкова,Ne
ꙇ,C-
иоанⸯна,Ne
съ,R-
собоѭ,Pk
ꙇ,C-
начѧтъ,V-
оужасати,V-
сѧ,Pk
ꙇ,C-
тѫжити,V-
Ꙇ,C-
г҃ла,V-
ꙇмъ,Pp
прискръбъна,A-
естъ,V-
д҃ша,Nb
моѣ,Ps
до,R-
съмръти,Nb
пожидѣте,V-
сьде,Df
ꙇ,C-
бьдите,V-
Ꙇ,C-
прѣшьдъ,V-
мало,Df
паде,V-
на,R-
земл҄и,Nb
ꙇ,C-
мол҄ѣаше,V-
сѧ,Pk
да,G-
аште,G-
възможьно,A-
естъ,V-
мимоꙇти,V-
отъ,R-
н҄его,Pp
чѣсъ,Nb
Ꙇ,C-
г҃ла,V-
авⸯва,Nb
о҃ць,Nb
вьсѣ,Px
възможьна,A-
тебѣ,Pp
сѫтъ,V-
мимонести,V-
чашѫ,Nb
сьѭ,Pd
отъ,R-
мене,Pp
нъ,C-
не,Df
ѣко,Dq
азъ,Pp
хоштѫ,V-
нъ,C-
еже,Pr
тꙑ,Pp
Ꙇ,C-
приде,V-
ꙇ,C-
обрѣте,V-
ѩ,Pp
съпѧштѧ,V-
ꙇ,C-
г҃ла,V-
петрови,Ne
симоне,Ne
съпиши,V-
ли,Du
не,Df
възможе,V-
единого,Ma
часа,Nb
побьдѣти,V-
Бьдите,V-
ꙇ,C-
молите,V-
сѧ,Pk
да,G-
не,Df
вьнидете,V-
въ,R-
напасть,Nb
д҃хъ,Nb
бо,Df
бьдръ,A-
а,C-
плъть,Nb
немоштьна,A-
Ꙇ,C-
пакꙑ,Df
шьдъ,V-
помоли,V-
сѧ,Pk
тожде,Pd
слово,Nb
рекъ,V-
ꙇ,C-
възврашть,V-
сѧ,Pk
обрѣте,V-
ѩ,Pp
пакꙑ,Df
съпѧштѧ,V-
бѣашете,V-
бо,Df
ꙇмъ,Pp
очи,Nb
тѧготьнѣ,A-
ꙇ,C-
не,Df
оумѣахѫ,V-
чьто,Pi
бишѧ,V-
отъвѣштали,V-
емоу,Pp
Ꙇ,C-
приде,V-
третиіцеѭ,Df
ꙇ,C-
г҃ла,V-
ꙇмъ,Pp
съпите,V-
прочее,Df
почиваꙇте,V-
приспѣ,V-
коньчина,Nb
приде,V-
часъ,Nb
се,I-
прѣдаетъ,V-
сѧ,Pk
с҃нъ,Nb
ч҃скъꙇ,A-
въ,R-
рѫцѣ,Nb
грѣшьникомъ,Nb
въстанѣте,V-
ꙇдѣмъ,V-
се,I-
прѣдаѩі,V-
мѧ,Pp
приближи,V-
сѧ,Pk
Дастъ,V-
же,Df
прѣдаѩі,V-
его,Pp
знаменье,Nb
ꙇмъ,Pp
г҃лѧ,V-
егоже,Pr
аште,Df
лобъжѫ,V-
ꙇмѣте,V-
и,C-
то,Pd
естъ,V-
ꙇ,C-
ведѣте,V-
і,C-
съхраньно,Df
ꙇ,C-
пришьдъ,V-
абье,Df
пристѫпь,V-
къ,R-
н҄емоу,Pp
г҃ла,V-
рабби,Nb
рабби,Nb
ꙇ,C-
облобꙑза,V-
і,Pp
Ѡни,Pd
же,Df
възложишѧ,V-
рѫцѣ,Nb
на,R-
н҄ь,Pp
ꙇ,C-
ѩшѧ,V-
і,Pp
единъ,Ma
же,Df
отъ,R-
стоѩштиіхъ,V-
ꙇзвлькъ,V-
ножь,Nb
оудари,V-
раба,Nb
архⸯиереова,A-
ꙇ,C-
оурѣза,V-
емоу,Pp
оухо,Nb
ꙇ,C-
отъвѣштавъ,V-
и҃с,Ne
рече,V-
ꙇмъ,Pp
ѣко,G-
на,R-
разбоꙇника,Nb
ли,Du
ꙇзидосте,V-
съ,R-
орѫжьіми,Nb
ꙇ,C-
дрькол҄ьми,Nb
ѩти,V-
мене,Pp
по,R-
всѧ,Px
дьни,Nb
бѣхъ,V-
въ,R-
васъ,Pp
оучѧ,V-
въ,R-
цръкъве,Nb
ꙇ,C-
не,Df
ѩсте,V-
мене,Pp
Нъ,C-
да,Df
събѫдѫтъ,V-
сѧ,Pk
кънигꙑ,Nb
ꙇ,C-
оставьше,V-
і,Pp
бѣжашѧ,V-
ꙇ,C-
единъ,Ma
етеръ,Px
юноша,Nb
по,R-
н҄емь,Pp
ꙇде,V-
одѣнъ,V-
въ,R-
пон҄ѣвицѫ,Nb
нагъ,A-
ꙇ,C-
ѩшѧ,V-
ꙇ,Df
юношѫ,Nb
онъ,Pd
же,Df
оставь,V-
пон҄ѣвицѫ,Nb
нагъ,A-
бѣжа,V-
оть,R-
н҄ихъ,Pp
ꙇ,C-
ведошѧ,V-
и҃са,Ne
къ,R-
архⸯиереоу,Nb
каꙇфѣ,Ne
ꙇ,C-
сънидѫ,V-
сѧ,Pk
къ,R-
н҄емоу,Pp
вси,Px
архⸯиереі,Nb
ꙇ,C-
старьци,Nb
ꙇ,C-
кън҄ижьници,Nb
Ꙇ,C-
петръ,Ne
ꙇдѣаше,V-
ꙇздалече,Df
вь,R-
слѣдъ,Nb
его,Pp
до,R-
вънѫтрь,Df
въ,R-
дворъ,Nb
архиереовъ,A-
ꙇ,C-
бѣ,V-
сѣдѧ,V-
съ,R-
слоугами,Nb
ꙇ,C-
грѣѩ,V-
сѧ,Pk
при,R-
свѣшти,Nb
Архⸯиереꙇ,Nb
же,Df
ꙇ,C-
вьсь,Px
съ,R-
ньмъ,Pp
ꙇскаахѫ,V-
на,R-
ꙇ҃са,Ne
съвѣдѣтел҄ьства,Nb
да,G-
і,Pp
оубьѭтъ,V-
ꙇ,C-
не,Df
обрѣтаахѫ,V-
мнози,A-
бо,Df
лъжи съвѣдѣтел҄ьствоваахѫ,V-
на,R-
н҄ь,Pp
ꙇ,C-
не,Df
бѣахѫ,V-
равъна,A-
съвѣдѣтел҄ьствьѣ,Nb
Ꙇ,C-
етериі,Px
въставъше,V-
лъжѫ,Nb
съвѣдѣтельствоваахѫ,V-
на,R-
н҄ь,Pp
г҃л҄ѭште,V-
ѣко,G-
мꙑ,Pp
слꙑшахомъ,V-
ꙇ,Pp
г҃лѭшть,V-
ѣко,G-
азъ,Pp
разор҄ѭ,V-
цръковь,Nb
сиѭ,Pd
рѫкотворенѫѭ,A-
ꙇ,C-
трьми,Ma
дьнꙑ,Nb
ꙇно,Px
нерѫкотворенѫ,A-
съзиждѫ,V-
тако,Df
же,Df
не,Df
бѣ,V-
равъно,A-
съвѣдѣтел҄ьство,Nb
ꙇхъ,Pp
ꙇ,C-
ставъ,V-
арⸯхиереи,Nb
посрѣдѣ,R-
въпроси,V-
ꙇ҃са,Ne
г҃лѧ,V-
не,Df
отъвѣштаваеши,V-
ли,Du
ничьсоже,Px
чьто,Pi
сиі,Pd
на,R-
тѧ,Pp
съвѣдѣтел҄ьствоуѭтъ,V-
ꙇс,Ne
же,Df
мльчааше,V-
ꙇ,C-
ничьсоже,Px
не,Df
отъвѣштавааше,V-
Пакꙑ,Df
архиереі,Nb
въпроси,V-
і,Pp
г҃лѧ,V-
емоу,Pp
тꙑ,Pp
ли,Du
еси,V-
х҃ъ,Ne
с҃нъ,Nb
б҃лгвенааго,A-
ꙇ҃с,Ne
же,Df
рече,V-
азъ,Pp
есмь,V-
Ꙇ,C-
оузьрите,V-
с҃на,Nb
ч҃скаго,A-
о,R-
деснѫѭ,A-
сѣдѧшта,V-
силꙑ,Nb
ꙇ,C-
грѧдѫшта,V-
съ,R-
облакꙑ,Nb
н҃ебскъꙇми,A-
Архⸯиереі,Nb
же,Df
растръзавъ,V-
ризꙑ,Nb
своѩ,Pt
г҃ла,V-
чьто,Pi
еште,Df
трѣбоуемъ,V-
съвѣдѣтел҄ьства,Nb
чьто,Pi
вамъ,Pp
сѧ,Pk
авл҄ѣетъ,V-
Ѡни,Pd
же,Df
вси,Px
осѫдишѧ,V-
і,Pp
повиньноу,A-
бꙑти,V-
съмръти,Nb
ꙇ,C-
начѧшѧ,V-
етериі,Px
пл҄ьвати,V-
на,R-
н҄ь,Pp
ꙇ,C-
прикрꙑвати,V-
лице,Nb
его,Pp
ꙇ,C-
мѫчити,V-
і,Pp
ꙇ,C-
г҃лати,V-
емоу,Pp
прорьци,V-
намъ,Pp
х҃е,Ne
къто,Pi
естъ,V-
оударивꙑ,V-
тѧ,Pp
ꙇ,C-
слоугꙑ,Nb
бьѭште,V-
і,Pp
за,R-
ланитѫ,Nb
приѩшѧ,V-
і,Pp
Ꙇ,C-
сѫштю,V-
петрови,Ne
низоу,Df
на,R-
дворѣ,Nb
приде,V-
едина,Ma
отъ,R-
рабꙑн҄ь,Nb
арⸯхⸯиереовъ,A-
ꙇ,C-
видѣвъши,V-
петра,Ne
грѣѭшта,V-
сѧ,Pk
възьрѣвъши,V-
на,R-
н҄ь,Pp
҄гла,V-
Ꙇ,Df
тꙑ,Pp
съ,R-
назарѣаниномь,Nb
ꙇ҃смь,Ne
бѣ,V-
Онъ,Pd
же,Df
отъвръже,V-
сѧ,Pk
г҃лѧ,V-
не,Df
оумѣѭ,V-
ни,C-
съвѣмь,V-
чьто,Pi
тꙑ,Pp
г҃леши,V-
ꙇ,C-
изиде,V-
вънъ,Df
на,R-
прѣдъдворие,Nb
ꙇ,C-
коуръ,Nb
въспѣтъ,V-
ꙇ,C-
видѣвъши,V-
і,Pp
пакꙑ,Df
ꙇна,Px
рабꙑн҄и,Nb
начѧтъ,V-
г҃лати,V-
къ,R-
стоѩштиімъ,V-
ѣко,G-
сь,Pd
отъ,R-
н҄ихъ,Pp
естъ,V-
онъ,Pd
же,Df
пакꙑ,Df
отъмѣтааше,V-
сѧ,Pk
ꙇ,C-
не,Df
по,R-
многоу,A-
пакꙑ,Df
стоѩштеі,V-
г҃лаахѫ,V-
петрови,Ne
въ,R-
ꙇстинѫ,Nb
отъ,R-
н҄ихъ,Pp
еси,V-
ꙇбо,Df
галилеанинъ,Nb
еси,V-
ꙇ,C-
бесѣда,Nb
твоѣ,Ps
подобитъ,V-
ти,Pp
сѧ,Pk
Ѡнъ,Pd
же,Df
начѧтъ,V-
ротити,V-
сѧ,Pk
ꙇ,C-
клѧти,V-
сѧ,Pk
ѣко,G-
не,Df
вѣмь,V-
ч҃ка,Nb
сего,Pd
еже,Pr
г҃лете,V-
ꙇ,C-
вътори,Df
ꙇ,C-
въторицеѭ,Df
коуръ,Nb
въспѣтъ,V-
ꙇ,C-
помѣнѫ,V-
петръ,Ne
г҃лъ,Nb
ѣкоже,Dq
рече,V-
емоу,Pp
и҃с,Ne
прѣжде,Df
даже,G-
коуръ,Nb
не,Df
възгласитъ,V-
дъва,Ma
кратꙑ,Nb
отъвръжеши,V-
сѧ,Pk
мене,Pp
три,Ma
кратꙑ,Nb
ꙇ,C-
начьнъ,V-
плакааше,V-
сѧ,Pk
Ꙇ,C-
абье,Df
на,R-
оутрьѣ,Nb
съвѣтъ,Nb
створишѧ,V-
архⸯиереі,Nb
съ,R-
старⸯци,Nb
ꙇ,C-
кънижьникꙑ,Nb
ꙇ,C-
вьсь,Px
сънъмъ,Nb
съвѧзавъше,V-
ꙇ҃са,Ne
ведошѧ,V-
ꙇ,C-
прѣдашѧ,V-
і,Pp
пилатови,Ne
Ꙇ,C-
въпроси,V-
і,Pp
пилатъ,Ne
тꙑ,Pp
ли,Du
еси,V-
ц҃рь,Nb
ꙇюдеꙇскъ,A-
онъ,Pd
же,Df
отъвѣштавъ,V-
рече,V-
емоу,Pp
тꙑ,Pp
г҃леши,V-
ꙇ,C-
г҃лаахѫ,V-
на,R-
н҄ь,Pp
архиерѣі,Nb
много,A-
онъ,Pd
же,Df
ничьсоже,Px
не,Df
отъвѣштавааше,V-
Пилатъ,Ne
же,Df
пакꙑ,Df
въпрашааше,V-
і,Pp
г҃лѧ,V-
не,Df
отъвѣштаваеши,V-
ли,Du
ничьсоже,Px
виждь,V-
колико,Du
на,R-
тѧ,Pp
съвѣдѣтел҄ьствоуѭтъ,V-
ꙇ҃с,Ne
же,Df
къ,R-
н҄емоу,Pp
ничьсоже,Px
не,Df
отъвѣшта,V-
ѣко,G-
дивити,V-
сѧ,Pk
пилатови,Ne
Бѣ,V-
же,Df
нарицаемъꙇ,V-
вараава,Ne
съ,R-
своіми,Pt
ковьникꙑ,Nb
съвѧзанъ,V-
ꙇже,Pr
въ,R-
горѣ,Nb
оубьіства,Nb
створишѧ,V-
ꙇ,C-
възъпивъ,V-
народъ,Nb
начѧ,V-
просити,V-
ѣкоже,Dq
творѣаше,V-
ꙇмъ,Pp
Пилатъ,Ne
же,Df
отъвѣшта,V-
ꙇмъ,Pp
г҃лѧ,V-
хоштете,V-
ли,Du
да,G-
отъпоуштѫ,V-
вамъ,Pp
ц҃рѣ,Nb
ꙇюдеꙇска,A-
вѣдѣаше,V-
бо,Df
ѣко,G-
зависти,Nb
ради,R-
прѣдашѧ,V-
і,Pp
архⸯиереі,Nb
архⸯиереі,Nb
же,Df
поманѫшѧ,V-
народоу,Nb
да,G-
паче,Df
вараавѫ,Ne
отъпоуститъ,V-
ꙇмъ,Pp
Пилатъ,Ne
же,Df
отъвѣштавъ,V-
пакꙑ,Df
рече,V-
чьто,Pi
оубо,Df
хоштете,V-
створ҄ѭ,V-
егоже,Pr
г҃лете,V-
ц҃рѣ,Nb
ꙇюдеꙇска,A-
они,Pd
же,Df
паче,Df
възъпишѧ,V-
пропьни,V-
и,Pp
пилатъ,Ne
же,Df
г҃ла,V-
ꙇмъ,Pp
чьто,Pi
оубо,Df
створи,V-
зъло,A-
они,Pd
же,Df
лише,Df
възъпишѧ,V-
пропьни,V-
і,Pp
Пилатъ,Ne
же,Df
хотѧ,V-
народоу,Nb
похоть,Nb
сътворити,V-
поусти,V-
ꙇмъ,Pp
вараавѫ,Ne
ꙇ,C-
прѣдастъ,V-
и҃са,Ne
тепъ,V-
да,G-
і,Pp
распънѫтъ,V-
Воꙇни,Nb
же,Df
ведошѧ,V-
і,Pp
вънѫтрь,Df
на,R-
дворъ,Nb
еже,Pr
естъ,V-
прѣторъ,Nb
ꙇ,C-
призъвашѧ,V-
вьсѫ,Px
спирѫ,Nb
ꙇ,C-
облѣшѧ,V-
і,Pp
въ,R-
прапрѫдѫ,A-
ꙇ,C-
възложишѧ,V-
на,R-
н҄ь,Pp
съплетъше,V-
трьновъ,A-
вѣньць,Nb
ꙇ,C-
начѧсѧ,V-
цѣловати,V-
і,Pp
радоуі,V-
сѧ,Pk
ц҃рю,Nb
ꙇюдѣꙇскъ,A-
ꙇ,C-
бьѣахѫ,V-
трьстьѭ,Nb
по,R-
главѣ,Nb
ꙇ,C-
пльваахѫ,V-
на,R-
н҄ь,Pp
ꙇ,C-
прѣгꙑбаѭште,V-
колѣна,Nb
поклан҄ѣахѫ,V-
емоу,Pp
Ꙇ,C-
егда,Dq
порѫгашѧ,V-
сѧ,Pk
емоу,Pp
съвлѣшѧ,V-
съ,R-
н҄его,Pp
прапрѫдъ,Nb
ꙇ,C-
облѣшѧ,V-
и,Pp
вь,R-
ризꙑ,Nb
своѩ,Pt
ꙇ,C-
изведошѧ,V-
і,Pp
да,G-
і,Pp
пропьнѫтъ,V-
Ꙇ,C-
задѣшѧ,V-
мимоходѧштю,V-
етероу,Px
симоноу,Ne
к҄урѣниноу,Ne
грѧдѫштю,V-
съ,R-
села,Nb
о҃цю,Nb
алекⸯсанⸯдровоу,A-
ꙇ,C-
р[оу]фовоу,A-
да,G-
възъметъ,V-
кръстъ,Nb
его,Pp
Ꙇ,C-
приведошѧ,V-
і,Pp
на,R-
мѣсто,Nb
ꙉелъꙉота,Ne
еже,Pr
естъ,V-
съказаемо,V-
краниево,A-
мѣсто,Nb
Ꙇ,C-
даѣхѫ,V-
емоу,Pp
питі,V-
оцьтъно,A-
вино,Nb
онъ,Pd
же,Df
не,Df
приѩтъ,V-
Ꙇ,C-
пропьнъше,V-
і,Pp
раздѣльше,V-
ризꙑ,Nb
его,Pp
меташѧ,V-
жрѣбьѩ,Nb
о,R-
н҄ѧ,Pp
къто,Pi
чьто,Pi
вьзъметъ,V-
Бѣ,V-
же,Df
година,Nb
трьтьѣ,Mo
ꙇ,C-
пропѧшѧ,V-
і,Pp
ꙇ,C-
бѣ,V-
насⸯпанье,Nb
винꙑ,Nb
его,Pp
напⸯсано,V-
Ꙇ,C-
съ,R-
н҄имь,Pp
распѧшѧ,V-
два,Ma
разбоꙇника,Nb
единого,Ma
о,R-
деснѫѭ,A-
а,C-
дроугааго,A-
о,R-
шюѭ,A-
его,Pp
Ꙇ,C-
събꙑстъ,V-
сѧ,Pk
пⸯсаное,V-
еже,Pr
г҃летъ,V-
Ꙇ,C-
съ,R-
безаконникома,Nb
причьтенъ,V-
бꙑс,V-
ꙇ,C-
мимоходѧштеи,V-
хоул҄ѣахѫ,V-
і,Pp
покꙑваѭште,V-
главами,Nb
своꙇми,Pt
ꙇ,C-
г҃л҄ѭште,V-
оувⸯва,I-
разарѣѩі,V-
цръкъве,Nb
ꙇ,C-
трьми,Ma
дьньми,Nb
съзидаѩ,V-
с҃ъпси,V-
сѧ,Pk
самъ,Pd
ꙇ,C-
съниди,V-
съ,R-
к҃рста,Nb
Такожде,Df
ꙇ,C-
арⸯхиерѣі,Nb
рѫгаахѫ,V-
сѧ,Pk
съ,R-
кънижьникꙑ,Nb
дроугъ,Pc
дроугоу,Pc
г҃лаахѫ,V-
ꙇнꙑ,Px
с҃пе,V-
али,C-
себе,Pk
не,Df
можетъ,V-
съпасти,V-
х҃ъ,Ne
ц҃рь,Nb
ꙇ҃левъ,A-
да,G-
сънидетъ,V-
нꙑн҄ѣ,Df
съ,R-
к҃рста,Nb
да,G-
видимъ,V-
ꙇ,C-
вѣрѫ,Nb
ꙇмемъ,V-
Ꙇ,Df
пропѧтаѣ,V-
съ,R-
н҄имь,Pp
поношаашете,V-
емоу,Pp
Бꙑвъши,V-
же,Df
годинѣ,Nb
шестѣі,Mo
тъма,Nb
бꙑс,V-
по,R-
вьсеі,Px
земл҄и,Nb
до,R-
девѧтꙑѩ,Mo
годинꙑ,Nb
Ꙇ,C-
въ,R-
девѧтѫѭ,Mo
же,Df
годинѫ,Nb
вьзъпи,V-
и҃с,Ne
гласомь,Nb
вельемь,A-
г҃лѧ,V-
елоі,F-
елоі,F-
лима,F-
завахътани,F-
еже,Pr
естъ,V-
съказаемо,V-
б҃же,Nb
мои,Ps
б҃же,Nb
мои,Ps
въскѫѭ,Du
мѧ,Pp
остави,V-
Ꙇ,C-
етериі,Px
отъ,R-
стоѩштиіхъ,V-
слꙑшавъше,V-
г҃лаахѫ,V-
виждь,V-
ꙇлиѭ,Ne
глашаетъ,V-
Пон҄еже,G-
оубо,Df
мнози,A-
начѧшѧ,V-
чинити,V-
повѣсть,Nb
о,R-
ꙇзвѣстънъꙇхъ,V-
въ,R-
насъ,Pp
вештехъ,Nb
ѣкоже,Dq
прѣдашѧ,V-
намъ,Pp
бꙑвъшеі,V-
ꙇскони,Df
самовидьци,Nb
ꙇ,C-
слоугꙑ,Nb
словеси,Nb
ꙇзволи,V-
сѧ,Pk
ꙇ,Df
мьнѣ,Pp
хождьшю,V-
ꙇспръва,Df
по,R-
всѣхъ,Px
въ,R-
ꙇстинѫ,Nb
по,R-
рѧдоу,Nb
псати,V-
тебѣ,Pp
славънъꙇ,A-
тⸯеофиле,Ne
да,G-
разоумѣеши,V-
о,R-
н҄ихъже,Pr
наоучилъ,V-
сѧ,Pk
еси,V-
словесехъ,Nb
оутвръжденье,Nb
бꙑстъ,V-
въ,R-
дьни,Nb
ꙇрода,Ne
ц҃рѣ,Nb
ꙇюдеꙇска,A-
ꙇереі,Nb
етеръ,Px
ꙇменемь,Nb
захариѣ,Ne
отъ,R-
дьневънꙑѩ,A-
чрѣдꙑ,Nb
авиан҄ѧ,A-
ꙇ,C-
жена,Nb
его,Pp
отъ,R-
дъштеръ,Nb
арон҄ь,A-
ꙇмѧ,Nb
еі,Pp
елисаветь,Ne
Бѣашете,V-
же,Df
оба,Ma
правьдъна,A-
прѣдъ,R-
б҃мь,Nb
ходѧшта,V-
въ,R-
заповѣдьхъ,Nb
всѣхъ,Px
ꙇ,C-
оправъданиіхъ,Nb
г҃ніхъ,A-
бес,R-
порока,Nb
ꙇ,C-
не,Df
бѣ,V-
ꙇма,Pp
чѧда,Nb
пон҄еже,G-
бѣ,V-
елисаветь,Ne
неплодꙑ,Nb
ꙇ,C-
оба,Ma
заматорѣвъша,V-
въ,R-
дьнехъ,Nb
своіхъ,Pt
бѣашете,V-
бꙑстъ,V-
же,Df
слоужѧштю,V-
моу,Pp
въ,R-
чиноу,Nb
чрѣдꙑ,Nb
своеѩ,Pt
прѣдъ,R-
б҃мь,Nb
по,R-
обꙑчаю,Nb
ерѣꙇскоумоу,A-
ключи,V-
сѧ,Pk
емоу,Pp
покадити,V-
въшьдъшю,V-
въ,R-
црⸯковь,Nb
г҃нѭ,A-
ꙇ,C-
вьсе,Px
множьство,Nb
л҄юдіи,Nb
бѣ,V-
молитвѫ,Nb
дѣѩ,V-
вьнѣ,Df
въ,R-
годъ,Nb
тьмиѣна,Nb
ави,V-
же,Df
сѧ,Pk
емоу,Pp
а҃ꙉлъ,Nb
г҃нь,A-
стоѩ,V-
о,R-
деснѫѭ,A-
олⸯтарѣ,Nb
кадильнааго,A-
ꙇ,C-
съмѧте,V-
сѧ,Pk
захариѣ,Ne
видѣвъ,V-
ꙇ,C-
страхъ,Nb
нападе,V-
на,R-
н҄ь,Pp
рече,V-
же,Df
къ,R-
н҄емоу,Pp
а҃ꙉлъ,Nb
г҃нь,A-
не,Df
боꙇ,V-
сѧ,Pk
захариѣ,Ne
зан҄е,G-
оуслꙑшана,V-
бꙑстъ,V-
молитва,Nb
твоѣ,Ps
ꙇ,C-
жена,Nb
твоѣ,Ps
елисавьть,Ne
родитъ,V-
с҃нъ,Nb
тебѣ,Pp
ꙇ,C-
наречеши,V-
ꙇмѧ,Nb
емоу,Pp
ꙇоанⸯнъ,Ne
ꙇ,C-
бѫдетъ,V-
тебѣ,Pp
радость,Nb
ꙇ,C-
веселье,Nb
ꙇ,C-
мноѕи,A-
о,R-
рождьствѣ,Nb
его,Pp
въздрадоуѭтъ,V-
сѧ,Pk
бѫдетъ,V-
бо,Df
велиі,A-
прѣдъ,R-
б҃мь,Nb
ꙇ,C-
вина,Nb
ꙇ,C-
творена,V-
кваса,Nb
не,Df
ꙇматъ,V-
пити,V-
ꙇ,C-
д҃ха,Nb
с҃та,A-
ꙇсплънитъ,V-
сѧ,Pk
еште,Df
же,Df
ꙇ,C-
чрѣва,Nb
м҃ре,Nb
своеѩ,Pt
ꙇ,C-
многꙑ,A-
с҃новъ,Nb
ꙇ҃л҄евъ,A-
обратитъ,V-
къ,R-
г҃ю,Nb
б҃у,Nb
ꙇхъ,Pp
ꙇ,C-
тъ,Pd
прѣдьꙇдетъ,V-
прѣдь,R-
н҄имь,Pp
д҃хомь,Nb
ꙇ,C-
силоѭ,Nb
ꙇлиіноѭ,A-
обратити,V-
с҃рдьца,Nb
о҃цмъ,Nb
на,R-
чѧда,Nb
ꙇ,C-
противънꙑѩ,A-
въ,R-
мѫдрость,Nb
правьдънъꙇхъ,A-
оуготовати,V-
г҃ви,Nb
л҄юди,Nb
съвръшенꙑ,A-
ꙇ,C-
рече,V-
захариѣ,Ne
къ,R-
а҃ꙉлоу,Nb
по,R-
чьсомоу,Pi
разоумѣѭ,V-
се,Pd
Азъ,Pp
бо,Df
есмь,V-
старъ,A-
ꙇ,C-
жена,Nb
моѣ,Ps
заматорѣвъши,V-
въ,R-
дьньхъ,Nb
своꙇхъ,Pt
ꙇ,C-
отъвѣштавъ,V-
а҃ꙉлъ,Nb
рече,V-
емоу,Pp
азъ,Pp
есмь,V-
гавриілъ,Ne
прѣстоѩі,V-
прѣдъ,R-
б҃мь,Nb
ꙇ,C-
посъланъ,V-
есмь,V-
г҃лати,V-
тебѣ,Pp
ꙇ,C-
благовѣститі,V-
тебѣ,Pp
се,I-
ꙇ,C-
се,I-
бѫдеши,V-
мльчѧ,V-
до,R-
н҄егоже,Pr
дьне,Nb
бѫдетъ,V-
се,Pd
зан҄е,G-
не,Df
вѣрова,V-
словесемъ,Nb
моꙇмъ,Ps
ѣже,Pr
събѫдѫтъ,V-
сѧ,Pk
вь,R-
врѣмѧ,Nb
своѩ,Pt
ꙇ,C-
бѣшѧ,V-
л҄юдье,Nb
жидѫште,V-
захариѩ,Ne
ꙇ,C-
чюждаахѫ,V-
сѧ,Pk
еже,G-
мѫждааше,V-
въ,R-
ц҃ркъве,Nb
ꙇ,C-
тъ,Pd
бѣ,V-
помаваѩ,V-
ꙇмъ,Pp
ꙇ,C-
прѣбꙑвааше,V-
нѣмъ,A-
ꙇ,C-
бꙑстъ,V-
ѣко,G-
ꙇсплънишѧ,V-
сѧ,Pk
дьнье,Nb
слоужьбꙑ,Nb
его,Pp
ꙇде,V-
въ,R-
домъ,Nb
своі,Pt
по,R-
сихъ,Pd
же,Df
дьньхъ,Nb
зачѧтъ,V-
елисавьть,Ne
жена,Nb
его,Pp
ꙇ,C-
таѣше,V-
пѧть,Ma
м҃ць,Nb
г҃л҄ѭшти,V-
ѣко,G-
тако,Df
сътвори,V-
мнѣ,Pp
г҃ь,Nb
въ,R-
дьни,Nb
вь,R-
н҄ѧже,Pr
призьрѣ,V-
отъѩти,V-
поношенье,Nb
мое,Ps
отъ,R-
ч҃къ,Nb
Вь,R-
шестꙑ,Mo
же,Df
м҃ць,Nb
посъланъ,V-
бꙑс,V-
а҃ꙉлъ,Nb
гавьриілъ,Ne
отъ,R-
б҃а,Nb
въ,R-
градъ,Nb
галилеꙇскъ,A-
емоуже,Pr
ꙇмѧ,Nb
назаретъ,Ne
къ,R-
дѣвѣ,Nb
обрѫченѣ,V-
мѫжеви,Nb
емоуже,Pr
ꙇмѧ,Nb
ꙇосифъ,Ne
отъ,R-
домоу,Nb
д҃ава,A-
ꙇмѧ,Nb
дѣвѣ,Nb
мариѣ,Ne
ꙇ,C-
въшьдъ,V-
къ,R-
н҄еі,Pp
а҃ꙉлъ,Nb
рече,V-
радоуі,V-
сѧ,Pk
благодѣтънаѣ,A-
г҃ь,Nb
съ,R-
тобоѭ,Pp
б҃лгсв҄ена,A-
тꙑ,Pp
въ,R-
женахъ,Nb
ѡна,Pd
же,Df
слꙑшавъши,V-
съмѧте,V-
сѧ,Pk
о,R-
словеси,Nb
его,Pp
ꙇ,C-
помꙑшл҄ѣаше,V-
вь,R-
себѣ,Pk
како,Du
се,Pd
бѫдетъ,V-
цѣлованье,Nb
ꙇ,C-
рече,V-
еі,Pp
а҃ꙉлъ,Nb
не,Df
боꙇ,V-
сѧ,Pk
марие,Ne
обрѣте,V-
бо,Df
благодѣть,Nb
отъ,R-
б҃а,Nb
ꙇ,C-
се,I-
зачьнеши,V-
вь,R-
чрѣвѣ,Nb
ꙇ,C-
родиши,V-
с҃нъ,Nb
ꙇ,C-
наречеши,V-
ꙇмѧ,Nb
емоу,Pp
и҃с,Ne
Рече,V-
же,Df
мариѣ,Ne
къ,R-
а҃ꙉлоу,Nb
како,Du
бѫдетъ,V-
се,Pd
ꙇжде,G-
мѫжа,Nb
не,Df
знаѭ,V-
ꙇ,C-
отъвѣштавъ,V-
а҃ꙉлъ,Nb
рече,V-
еі,Pp
д҃хъ,Nb
с҃тꙑ,A-
наꙇдетъ,V-
на,R-
тѧ,Pp
ꙇ,C-
сила,Nb
вꙑшьн҄ѣаго,A-
осѣнитъ,V-
тѧ,Pp
тѣмь,Pd
же,Df
ꙇ,Df
еже,Pr
родитъ,V-
сѧ,Pk
с҃то,A-
наречетъ,V-
сѧ,Pk
с҃нъ,Nb
б҃жіи,A-
ꙇ,C-
се,I-
елисавьть,Ne
ѫжика,Nb
твоѣ,Ps
ꙇ,Df
та,Pd
зачьнетъ,V-
въ,R-
старость,Nb
своѭ,Pt
ꙇ,C-
сь,Pd
м҃ць,Nb
шестꙑ,Mo
естъ,V-
еі,Pp
нарицаемѣі,V-
неплодъви,Nb
ѣко,G-
не,Df
ꙇзнеможетъ,V-
отъ,R-
б҃а,Nb
вьсѣкъ,A-
г҃лъ,Nb
рече,V-
же,Df
марьѣ,Nb
се,I-
раба,Nb
г҃нѣ,A-
бѫди,V-
мⸯнѣ,Pp
по,R-
г҃лоу,Nb
твоемоу,Ps
ꙇ,C-
отиде,V-
отъ,R-
н҄еѩ,Pp
а҃ꙉлъ,Nb
въставъши,V-
же,Df
мариѣ,Ne
въ,R-
тꙑ,Pd
дни,Nb
ꙇде,V-
въ,R-
горѫ,Nb
съ,R-
тъштаньемь,Nb
въ,R-
градъ,Nb
ꙇюдовъ,A-
ꙇ,C-
вьниде,V-
въ,R-
домъ,Nb
захаріинъ,A-
ꙇ,C-
цѣлова,V-
елисавьть,Ne
ꙇ,C-
бꙑстъ,V-
ѣко,G-
оуслꙑша,V-
елисавьть,Ne
цѣлованье,Nb
маріино,A-
вьзигра,V-
сѧ,Pk
младьньць,Nb
радоштами,Nb
вь,R-
чрѣвѣ,Nb
еѩ,Pp
ꙇ,C-
исплъни,V-
сѧ,Pk
д҃хомь,Nb
с҃тъꙇмь,Pt
елисавьть,Ne
ꙇ,C-
възъпи,V-
гласомь,Nb
вельемь,A-
ꙇ,C-
рече,V-
б҃лгвна,A-
тꙑ,Pp
вь,R-
женахъ,Nb
ꙇ,C-
б҃лгсвенъ,A-
плодъ,Nb
чрѣва,Nb
твоего,Ps
ꙇ,C-
отъкѫдоу,Du
се,Pd
да,G-
придетъ,V-
мати,Nb
г҃и,Nb
моего,Ps
къ,R-
мнѣ,Pp
се,I-
бо,Df
ѣко,G-
бꙑстъ,V-
гласъ,Nb
цѣлованьѣ,Nb
твоего,Ps
въ,R-
оушью,Nb
моею,Ps
вьзигра,V-
сѧ,Pk
младѣништь,Nb
радоштами,Nb
вь,R-
чрѣвѣ,Nb
моемь,Ps
ꙇ,C-
блажена,A-
ѣже,Pr
вѣрѫ,Nb
ѩтъ,V-
ѣко,G-
бѫдетъ,V-
съвръшенье,Nb
г҃ланꙑмъ,V-
отъ,R-
г҃ѣ,Nb
ꙇ,C-
рече,V-
мариѣ,Ne
величитъ,V-
д҃ша,Nb
моѣ,Ps
г҃ѣ,Nb
ꙇ,C-
вьздрадова,V-
сѧ,Pk
д҃хъ,Nb
моі,Ps
о,R-
б҃ѕѣ,Nb
с҃пѣ,Nb
моемь,Ps
ѣко,G-
призьрѣ,V-
на,R-
съмѣренье,Nb
рабꙑ,Nb
своеѩ,Pt
се,I-
бо,Df
отъселѣ,Df
блажѧтъ,V-
мѧ,Pp
вьси,Px
роди,Nb
ѣко,G-
сътвори,V-
мьнѣ,Pp
величие,Nb
силънꙑ,A-
ꙇ,C-
с҃то,A-
ꙇмѧ,Nb
его,Pp
ꙇ,C-
милость,Nb
его,Pp
въ,R-
родꙑ,Nb
ꙇ,C-
родъ,Nb
боѩштиімъ,V-
сѧ,Pk
его,Pp
сътвори,V-
дръжавѫ,Nb
мꙑшьцеѭ,Nb
своеѭ,Pt
расточи,V-
гръдꙑѩ,A-
мꙑсльѭ,Nb
сръдьца,Nb
ꙇхъ,Pp
низъложи,V-
силънꙑѩ,A-
съ,R-
прѣстолъ,Nb
ꙇ,C-
вьзнесе,V-
съмѣренꙑѩ,A-
лачѫштѧѩ,V-
ꙇсплъни,V-
благъ,A-
ꙇ,C-
богатѧштѧѩ,V-
сѧ,Pk
отъпоусти,V-
тъштѧ,A-
приѩтъ,V-
ꙇ҃л҄ѣ,Ne
отрока,Nb
своего,Pt
помѣнѫти,V-
милость,Nb
ѣкоже,Dq
г҃ла,V-
къ,R-
о҃цемъ,Nb
нашимъ,Ps
аврамоу,Ne
ꙇ,C-
сѣмене,Nb
его,Pp
до,R-
вѣка,Nb
прѣбꙑстъ,V-
же,Df
мариѣ,Ne
съ,R-
н҄еѭ,Pp
ѣко,Df
три,Ma
м҃цѧ,Nb
ꙇ,C-
възврати,V-
сѧ,Pk
въ,R-
домъ,Nb
своі,Pt
елисавети,Ne
же,Df
ꙇсплънишѧ,V-
сѧ,Pk
дьнье,Nb
родити,V-
еі,Pp
ꙇ,C-
роди,V-
с҃нъ,Nb
ꙇ,C-
слꙑшашѧ,V-
окръстъ,Df
живѫштеі,V-
ꙇ,C-
рожденье,Nb
еѩ,Pp
ѣко,G-
вьзвеличилъ,V-
естъ,V-
г҃ь,Nb
милость,Nb
своѭ,Pt
съ,R-
н҄еѭ,Pp
ꙇ,C-
бꙑстъ,V-
въ,R-
осмьі,Mo
дьнь,Nb
придѫ,V-
обрѣзатъ,V-
отрочѧте,Nb
ꙇ,C-
нарицаахѫ,V-
е,Pp
ꙇменемь,Nb
о҃ца,Nb
своего,Pt
захариѩ,Ne
ꙇ,C-
отъвѣштавъши,V-
м҃ти,Nb
его,Pp
рече,V-
ꙇ,C-
рѣшѧ,V-
еи,Pp
ѣко,G-
никътоже,Px
естъ,V-
отъ,R-
рожденьѣ,Nb
твоего,Ps
ꙇже,Pr
нарицаетъ,V-
сѧ,Pk
ꙇменемь,Nb
тѣмь,Pd
помавааше,V-
же,Df
о҃ць,Nb
его,Pp
како,Du
би,V-
хотѣлъ,V-
нарешти,V-
е,Pp
ꙇ,C-
испрошь,V-
дъштицѫ,Nb
напса,V-
г҃лѧ,V-
ꙇоанъ,Ne
естъ,V-
ꙇмѧ,Nb
емоу,Pp
ꙇ,C-
чюдишѧ,V-
сѧ,Pk
емоу,Pp
вⸯси,Px
отвръзошѧ,V-
же,Df
сѧ,Pk
оуста,Nb
его,Pp
абье,Df
ꙇ,C-
ѩзꙑкъ,Nb
его,Pp
ꙇ,C-
г҃лааше,V-
б҃гсвстѧ,V-
б҃а,Nb
чьто,Pi
оубо,Df
отрочѧ,Nb
се,Pd
бѫдетъ,V-
ꙇ,C-
рѫка,Nb
г҃нѣ,A-
бѣ,V-
съ,R-
н҄имь,Pp
ꙇ,C-
захариѣ,Ne
о҃ць,Nb
его,Pp
ꙇсплъни,V-
сѧ,Pk
д҃хомь,Nb
с҃тъꙇмь,Ps
ꙇ,C-
пророчьствова,V-
г҃лѧ,V-
Ꙇ,C-
тꙑ,Pp
отрочѧ,Nb
пророкъ,Nb
вꙑшьн҄ѣго,A-
наречеши,V-
сѧ,Pk
Бꙑстъ,V-
же,Df
въ,R-
дьни,Nb
тꙑ,Pd
ꙇзиде,V-
повелѣние,Nb
отъ,R-
к҄есара,Nb
авъгоуста,Ne
написати,V-
вьсѫ,Px
вьсел҄енѫѭ,Nb
Ꙇ,C-
бꙑс,V-
егда,Dq
бꙑс,V-
въ,R-
единомь,Px
отъ,R-
градъ,Nb
ꙇ,C-
се,I-
мѫжь,Nb
ꙇсплънь,A-
прокаженьѣ,Nb
ꙇ,C-
видѣвъ,V-
ꙇ҃са,Ne
паде,V-
ниць,A-
молѧ,V-
сѧ,Pk
емоу,Pp
ꙇ,C-
г҃лѧ,V-
г҃и,Nb
Бꙑс,V-
же,Df
егда,Dq
възврати,V-
сѧ,Pk
и҃с,Ne
приѩтъ,V-
і,Pp
народъ,Nb
Ꙇскони,Df
бѣаше,V-
слово,Nb
ꙇ,C-
слово,Nb
бѣаше,V-
отъ,R-
б҃а,Nb
ꙇ,C-
б҃ъ,Nb
бѣаше,V-
слово,Nb
се,Pd
бѣ,V-
ꙇскони,Df
отъ,R-
б҃а,Nb
вьсѣ,Px
тѣмь,Pd
бꙑшѧ,V-
ꙇ,C-
беж,R-
н҄его,Pp
ничьтоже,Px
не,Df
бꙑстъ,V-
еже,Pr
бꙑстъ,V-
въ,R-
томь,Pd
животъ,Nb
бѣ,V-
ꙇ,C-
животъ,Nb
бѣ,V-
свѣтъ,Nb
ч҃комъ,Nb
ꙇ,C-
свѣтъ,Nb
въ,R-
тъмѣ,Nb
свьтитъ,V-
сѧ,Pk
ꙇ,C-
тъма,Nb
его,Pp
не,Df
обьѩтъ,V-
Бꙑстъ,V-
ч҃къ,Nb
посъланъ,V-
отъ,R-
б҃а,Nb
ꙇмѧ,Nb
емоу,Pp
ꙇоанъ,Ne
сь,Pd
приде,V-
въ,R-
съвѣдѣтел҄ьство,Nb
да,G-
съвѣдѣтел҄ьствоуетъ,V-
о,R-
свѣтѣ,Nb
да,G-
вьси,Px
вѣрѫ,Nb
ꙇмѫтъ,V-
ꙇмь,Pp
не,Df
бѣ,V-
тъ,Pd
свѣтъ,Nb
нъ,C-
да,G-
съвѣдѣтел҄ьствоуетъ,V-
о,R-
свѣтѣ,Nb
Бѣ,V-
свѣтъ,Nb
ꙇстинънꙑ,A-
ꙇже,Pr
просвѣштаетъ,V-
всѣкого,A-
ч҃ка,Nb
грѧдѫштаего,V-
въ,R-
миръ,Nb
въ,R-
мирѣ,Nb
бѣ,V-
ꙇ,C-
миръ,Nb
тѣмь,Pd
бꙑс,V-
ꙇ,C-
миръ,Nb
его,Pp
не,Df
позна,V-
Въ,R-
своѩ,Pt
приде,V-
ꙇ,C-
свои,Pt
его,Pp
не,Df
п[риѧ]шѧ,V-
елико,Pr
же,Df
ꙇхъ,Pp
приѩтъ,V-
і,Pp
дастъ,V-
ꙇмъ,Pp
власть,Nb
чѧдомъ,Nb
б҃жиемъ,A-
бꙑти,V-
вѣроуѭштимъ,V-
въ,R-
ꙇмѧ,Nb
его,Pp
ꙇже,Pr
не,Df
отъ,R-
кръвиі,Nb
ни,C-
отъ,R-
похоти,Nb
плътьскꙑ,A-
ни,C-
отъ,R-
похоти,Nb
мѫжьскꙑ,A-
нъ,C-
отъ,R-
б҃а,Nb
родишѧ,V-
сѧ,Pk
Ꙇ,C-
слово,Nb
плъть,Nb
бꙑстъ,V-
ꙇ,C-
вьсели,V-
сѧ,Pk
въ,R-
нꙑ,Pp
ꙇ,C-
видѣхомъ,V-
славѫ,Nb
его,Pp
славѫ,Nb
ѣко,Df
ꙇночѧдаего,A-
отъ,R-
о҃ца,Nb
ꙇсплънь,A-
благодѣти,Nb
ꙇстинꙑ,Nb
Ꙇоанъ,Ne
съвѣдѣтельствоуетъ,V-
о,R-
н҄емь,Pp
ꙇ,C-
възъва,V-
г҃лѧ,V-
сь,Pd
бѣ,V-
егоже,Pr
рѣхъ,V-
грѧдꙑ,V-
по,R-
мнѣ,Pp
прѣдъ,R-
мъноѭ,Pp
бꙑстъ,V-
ѣко,G-
пръвѣі,A-
мене,Pp
бѣ,V-
ꙇ,C-
отъ,R-
ꙇсплън҄ениѣ,Nb
его,Pp
мꙑ,Pp
вьси,Px
приѩхомъ,V-
Благодѣть,Nb
въз,R-
благодѣть,Nb
ѣко,Dq
законъ,Nb
мосѣомь,Ne
данъ,V-
бꙑс,V-
благодѣть,Nb
ꙇ,C-
истина,Nb
ꙇ҃с,Ne
х҃мь,Ne
бꙑстъ,V-
к҃оц,Nb
Б҃а,Nb
никътоже,Px
не,Df
видѣ,V-
николиже,Df
ꙇночѧдꙑ,A-
с҃нъ,Nb
сꙙи,V-
въ,R-
лонѣ,Nb
о҃чи,A-
тъ,Pd
ꙇсповѣдѣ,V-
ꙇ,C-
се,Pd
естъ,V-
съвѣдѣтел҄ьство,Nb
ꙇоаново,A-
егда,Dq
посълашѧ,V-
ꙇюдѣи,Nb
отъ,R-
ꙇ҃лма,Ne
ꙇереѩ,Nb
ꙇ,C-
левьꙉитꙑ,Nb
да,G-
въпросѧтъ,V-
і,Pp
тꙑ,Pp
къто,Pi
еси,V-
ꙇ,C-
исповѣдѣ,V-
ѣко,G-
нѣсмь,V-
азъ,Pp
х҃ъ,Ne
ꙇ,C-
въпросишѧ,V-
и,Pp
чьто,Pi
оубо,Df
тꙑ,Pp
еси,V-
ꙇлиѣ,Ne
ли,Du
еси,V-
ꙇ,C-
г҃ла,V-
нѣсмь,V-
пророкъ,Nb
еси,V-
тꙑ,Pp
ꙇ,C-
отъвѣшта,V-
ни,I-
рѣшѧ,V-
же,Df
емоу,Pp
къто,Pi
еси,V-
да,G-
отъвѣтъ,Nb
дамь,V-
посълавъшеꙇмъ,V-
нꙑ,Pp
чьто,Pi
г҃леши,V-
о,R-
тебѣ,Pp
самомь,Pd
Рече,V-
азъ,Pp
гласъ,Nb
въпиѭштаго,V-
въ,R-
поустꙑн҄и,Nb
бѣ,V-
бо,Df
тьсть,Nb
каꙇафѣ,Ne
ꙇже,Pr
бѣ,V-
архиереи,Nb
лѣтоу,Nb
томоу,Pd
бѣ,V-
же,Df
каꙇафа,Ne
давꙑ,V-
съвѣтꙑ,Nb
ꙇюдѣомъ,Nb
ѣко,G-
добрѣе,A-
естъ,V-
единомоу,Ma
ч҃коу,Nb
оумьрѣти,V-
за,R-
л҄юди,Nb
По,R-
ꙇ҃сѣ,Ne
же,Df
ꙇдѣаше,V-
симонъ,Ne
петръ,Ne
ꙇ,C-
дроугꙑ,A-
оученикъ,Nb
оученикъ,Nb
же,Df
тъ,Pd
бѣ,V-
знаемъ,V-
архиереови,Nb
ꙇ,C-
вьниде,V-
съ,R-
ꙇ҃сомь,Ne
въ,R-
дворъ,Nb
архиереовъ,A-
Петръ,Ne
же,Df
стоѣше,V-
при,R-
двьрехъ,Nb
вьнѣ,Df
Ꙇзиде,V-
же,Df
оученикъ,Nb
тъ,Pd
ꙇже,Pr
бѣ,V-
знаемъ,V-
архиереови,Nb
ꙇ,C-
рече,V-
двьрьници,Nb
ꙇ,C-
въведе,V-
петра,Ne
Г҃ла,V-
же,Df
раба,Nb
двьрьница,Nb
петрови,Ne
еда,Du
ꙇ,Df
тꙑ,Pp
отъ,R-
оученикъ,Nb
еси,V-
ч҃ка,Nb
того,Pd
г҃ла,V-
онъ,Pd
нѣсмь,V-
стоѣхѫ,V-
же,Df
раби,Nb
ꙇ,C-
слоугꙑ,Nb
огн҄ь,Nb
сътворьше,V-
ѣко,G-
зима,Nb
бѣ,V-
ꙇ,C-
грѣахѫ,V-
бѣ,V-
же,Df
съ,R-
н҄ими,Pp
петръ,Ne
стоѩ,V-
ꙇ,C-
грѣѩ,V-
сѧ,Pk
Архиереі,Nb
же,Df
въпроси,V-
ꙇ҃са,Ne
о,R-
оученицѣхъ,Nb
его,Pp
ꙇ,C-
о,R-
оучени,Nb
его,Pp
Ѡтъвѣшта,V-
емоу,Pp
и҃с,Ne
азъ,Pp
не,Df
обиноуѩ,V-
сѧ,Pk
г҃лахъ,V-
вьсемоу,Px
мироу,Nb
азъ,Pp
вьсегда,Df
оучихъ,V-
на,R-
сънъмишти,Nb
ꙇ,C-
въ,R-
цръкъв[е,Nb
ꙇдеже,Dq
вьси,Px
ꙇюдѣі,Nb
сънемлѫтъ,V-
сѧ,Pk
ꙇ,C-
таꙇ,Df
не,Df
г҃лахъ,V-
ничесоже,Px
Чьто,Pi
мѧ,Pp
въпрашаеши,V-
въпроси,V-
слꙑшавъшѧѩ,V-
чьто,Pi
г҃лахъ,V-
ꙇмъ,Pp
се,I-
си,Pd
вѣдѧтъ,V-
еже,Pr
рѣхъ,V-
азъ,Pp
Си,Pd
рекъшю,V-
емоу,Pp
единъ,Ma
отъ,R-
прѣстоѩштихъ,V-
слоугъ,Nb
оудари,V-
въ,R-
ланитѫ,Nb
ꙇ҃са,Ne
рекъ,V-
тако,Df
ли,Du
отъвѣштаваеши,V-
архиереови,Nb
Ѡтъвѣшта,V-
емоу,Pp
и҃с,Ne
аште,G-
зълѣ,Df
г҃лахъ,V-
сьвѣдѣтел҄ьствоуꙇ,V-
о,R-
зьлѣ,A-
аште,G-
ли,C-
добрѣ,Df
чьто,Pi
мѧ,Pp
биеши,V-
Посъла,V-
же,Df
і,Pp
анⸯна,Ne
съвѧзана,V-
къ,R-
каꙇафѣ,Ne
архиереови,Nb
Бѣ,V-
же,Df
симонъ,Ne
петръ,Ne
стоѩ,V-
ꙇ,C-
грѣѩ,V-
сѧ,Pk
рѣшѧ,V-
же,Df
емоу,Pp
еда,Du
ꙇ,Df
тꙑ,Pp
отъ,R-
оученикъ,Nb
его,Pp
еси,V-
онъ,Pd
же,Df
отъвръже,V-
сѧ,Pk
ꙇ,C-
рече,V-
нѣсмь,V-
г҃ла,V-
единъ,Px
отъ,R-
рабъ,Nb
архиереовъ,A-
ѫжика,Nb
сꙑ,V-
емоуже,Pr
оурѣза,V-
петръ,Ne
оухо,Nb
не,Df
азъ,Pp
ли,Du
тѧ,Pp
видѣхъ,V-
въ,R-
врътѣ,Nb
съ,R-
н҄имь,Pp
пакꙑ,Df
же,Df
петръ,Ne
отъвръже,V-
сѧ,Pk
ꙇ,C-
абие,Df
коуръ,Nb
възгласи,V-
Вѣсѧ,V-
же,Df
ꙇ҃са,Ne
отъ,R-
каꙇафꙑ,Ne
въ,R-
преторъ,Nb
бѣ,V-
же,Df
за оутра,Df
ꙇ,C-
ти,Pd
не,Df
вьнидѫ,V-
въ,R-
притворъ,Nb
к҃оц,Nb
да,G-
не,Df
оскврънѧтъ,V-
сѧ,Pk
нъ,C-
да,G-
ѣдѧтъ,V-
пасхѫ,Nb
к҃оц,Nb
Ꙇзиде,V-
же,Df
къ,R-
н҄имъ,Pp
ꙇ,Df
пилатъ,Ne
вънъ,Df
ꙇ,C-
рече,V-
Симоне,Ne
ꙇонинъ,A-
л҄юбиши,V-
ли,Du
мѧ,Pp
оскръбѣ,V-
петръ,Ne
ѣко,G-
рече,V-
емоу,Pp
третици,Df
л҄юбиши,V-
ли,Du
мѧ,Pp
ꙇ,C-
г҃ла,V-
емоу,Pp
г҃и,Nb
вьсе,Px
тꙑ,Pp
вѣси,V-
тꙑ,Pp
вѣси,V-
ѣко,G-
л҄юбл҄ѭ,V-
тѧ,Pp
г҃ла,V-
емоу,Pp
и҃с,Ne
паси,V-
овьцѧ,Nb
моѩ,Ps
амин,I-
амин,I-
г҃лѭ,V-
тебѣ,Pp
егда,Dq
бѣ,V-
юнъ,A-
поѣсаше,V-
сѧ,Pk
самъ,Pd
ꙇ,C-
хождѣаше,V-
ѣможе,Dq
хотѣаше,V-
егда,Dq
же,Df
състарѣеши,V-
сѧ,Pk
вьздеждеши,V-
рѫцѣ,Nb
твоі,Ps
ꙇ,C-
инъ,Px
тѧ,Pp
поѣшетъ,V-
ꙇ,C-
ведетъ,V-
ѣможе,Dq
не,Df
хоштеши,V-
се,Pd
же,Df
рече,V-
клепл҄ѧ,V-
коеѭ,Px
съмръ[т]иѭ,Nb
прославитъ,V-
б҃а,Nb
ꙇ,C-
се,Pd
рекъ,V-
г҃ла,V-
емоу,Pp
ꙇди,V-
по,R-
мнѣ,Pp
ꙇ,C-
обрашть,V-
же,Df
сѧ,Pk
петръ,Ne
видѣ,V-
оученика,Nb
егоже,Pr
л҄юбл҄ѣаше,V-
и҃с,Ne
ꙇдѫшта,V-
вь,R-
слѣдъ,Nb
ꙇже,Pr
ꙇ,Df
възлеже,V-
на,R-
пръси,Nb
его,Pp
ꙇ,C-
рече,V-
г҃и,Nb
кⸯто,Pi
естъ,V-
прѣдаѩі,V-
тѧ,Pp
сего,Pd
видѣвъ,V-
петръ,Ne
г҃ла,V-
ꙇ҃сви,Ne
г҃и,Nb
а,C-
сь,Pd
чьто,Pi
г҃ла,V-
емоу,Pp
и҃с,Ne
аште,G-
хоштѫ,V-
да,G-
тъ,Pd
прѣбѫдетъ,V-
доньдеже,G-
придѫ,V-
чьто,Pi
е,V-
тебѣ,Pp
по,R-
мнѣ,Pp
тꙑ,Pp
грѧд[и,V-
ꙇзиде,V-
же,Df
слово,Nb
се,Pd
въ,R-
братри[ѭ,Nb
ѣко,G-
оученикъ,Nb
тъ,Pd
не,Df
оумьр҄етъ,V-
не,Df
речетъ,V-
же,Df
емоу,Pp
и҃с,Ne
ѣко,G-
[не],Df
оумьретъ,V-
нъ,C-
аште,G-
хоштѫ,V-
да,G-
тъ,Pd
прѣбꙑваетъ,V-
доньдеже,G-
придѫ,V-
чьто,Pi
е,V-
тебѣ,Pp
сь,Pd
естъ,V-
оученикъ,Nb
съвѣдѣтельствоуѩі,V-
о,R-
сихъ,Pd
ꙇже,Pr
ꙇ,Df
напⸯса,V-
си,Pd
ꙇ,C-
вѣмь,V-
ѣко,G-
ꙇстинъно,A-
естъ,V-
съвѣдѣтел҄ьство,Nb
его,Pp
сѫтъ,V-
же,Df
ꙇ,Df
ина,Px
многа,A-
ѣже,Pr
створи,V-
и҃с,Ne
ѣже,Pr
аште,G-
по,R-
единомоу,Ma
сⸯпана,V-
бꙑваѭтъ,V-
ни,Df
самомоу,Pd
мноѭ,Pp
вьсемоу,Px
мироу,Nb
въмѣстити,V-
пишемꙑхъ,V-
кън҄игъ,Nb
аминь,I-
