10|Matthew 1
10|Matthew 2
10|Matthew 3
10|Matthew 4
10|Matthew 5
10|Matthew 6
10|Matthew 7
10|Matthew 8
10|Matthew 9
10|Matthew 10
10|Matthew 11
10|Matthew 12
10|Matthew 13
10|Matthew 14
10|Matthew 15
10|Matthew 16
10|Matthew 17
10|Matthew 18
10|Matthew 19
10|Matthew 20
10|Matthew 21
10|Matthew 22
10|Matthew 23
10|Matthew 24
10|Matthew 25
10|Matthew 26
10|Matthew 27
10|Matthew 28
10|Mark 1
10|Mark 2
10|Mark 3
10|Mark 5
10|Mark 6
10|Mark 7
10|Mark 8
10|Mark 9
10|Mark 10
10|Mark 12
10|Mark 15
10|Mark 16
10|Luke 1
10|Luke 2
10|Luke 3
10|Luke 4
10|Luke 5
10|Luke 6
10|Luke 7
10|Luke 8
10|Luke 9
10|Luke 10
10|Luke 11
10|Luke 12
10|Luke 13
10|Luke 14
10|Luke 15
10|Luke 16
10|Luke 17
10|Luke 18
10|Luke 19
10|Luke 20
10|Luke 21
10|Luke 22
10|Luke 23
10|Luke 24
10|John 1
10|John 2
10|John 3
10|John 4
10|John 5
10|John 6
10|John 7
10|John 8
10|John 9
10|John 8
10|John 9
10|John 10
10|John 11
10|John 12
10|John 13
10|John 14
10|John 15
10|John 16
10|John 17
10|John 18
10|John 19
10|John 20
10|John 21
