сапогоу,Nb
понесті,V-
аште,G-
лі,Df
речетъ,V-
зълъі,A-
рабъ,Nb
тъ,Pd
въ,R-
сръдьці,Nb
своемъ,Pt
моудітъ,V-
моі,Ps
гнъ,Nb
пріті,V-
і,C-
начьнетъ,V-
клеврѣтъі,Nb
своѧ,Pt
ѣсті,V-
же,Df
і,C-
піті,V-
съ,R-
пьѣніцамі,Nb
прідетъ,V-
гь,Nb
раба,Nb
того,Pd
въ,R-
дьнь,Nb
въ,R-
ньже,Pr
не,Df
чаетъ,V-
і,C-
въ,R-
часъ,Nb
въ,R-
ньже,Pr
не,Df
вѣстъ,V-
і,C-
протешетъ,V-
і,C-
полъма,Nb
і,C-
чѧсть,Nb
его,Pp
съ,R-
упокрітъі,Nb
тъі,Pp
положітъ,V-
благъі,A-
бо,Df
чкъ,Nb
отъ,R-
благааго,A-
съкровішта,Nb
сръдьца,Nb
своего,Pt
ізносітъ,V-
благое,A-
і,C-
зълъі,A-
чкъ,Nb
отъ,R-
зълааго,A-
съкровішта,Nb
своего,Pt
ізносітъ,V-
л,Ma
зълое,A-
і,C-
обрѣте,V-
въ,R-
цръкъве,Nb
продаѭштѧѧ,V-
овьцѧ,Nb
і,C-
волъі,Nb
і,C-
голѫбі,Nb
і,C-
пѣнѧжьнікъі,Nb
сѣдѧштѧ,V-
і,C-
сътворь,V-
ѣко,G-
бічь,Nb
отъ,R-
връвіі,Nb
вьсѧ,Px
ізгъна,V-
і,C-
цръкъве,Nb
овьцѧ,Nb
же,Df
і,C-
волъі,Nb
і,C-
тръжьнікомъ,Nb
расъіпа,V-
пѣнѧзѧ,Nb
і,C-
дъскъі,Nb
опровръже,V-
і,C-
продаѭштімъ,V-
голѫбі,Nb
рече,V-
не,Df
творіте,V-
домоу,Nb
оца,Nb
моего,Ps
домоу,Nb
коупльнаего,A-
помѣнѫшѧ,V-
же,Df
оученіці,Nb
его,Pp
ѣко,G-
напсано,V-
естъ,V-
жалость,Nb
домоу,Nb
твоего,Ps
сънѣстъ,V-
мѧ,Pp
отъвѣшташѧ,V-
же,Df
іюдеі,Nb
і,C-
рѣшѧ,V-
емоу,Pp
кое,Pi
ѣвлѣеші,V-
ѣко,G-
сі,Pd
творіші,V-
отъвѣшта,V-
іс,Ne
і,C-
рече,V-
імъ,Pp
разоріте,V-
цръковь,Nb
сіѭ,Pd
і,C-
трьмі,Ma
дьнъі,Nb
вьздвігнѫ,V-
ѭ,Pp
рѣшѧ,V-
же,Df
іюдѣі,Nb
четъірьмі,Ma
десѧтъі,Ma
і,C-
шестіѭ,Ma
лѣтъ,Nb
съзъдана,V-
бъіс,V-
цркъі,Nb
сі,Pd
і,C-
тъі,Pp
лі,Du
трьмі,Ma
дьнъі,Nb
вьздвігнеші,V-
ѭ,Pp
онъ,Pd
же,Df
глааше,V-
о,R-
цръкъві,Nb
тѣла,Nb
своего,Pt
егда,Dq
оубо,Df
въста,V-
отъ,R-
мрътвъіхъ,A-
помѧнѫшѧ,V-
оученіці,Nb
его,Pp
ѣкоже,Dq
глааше,V-
і,C-
вѣрѫ,Nb
ѧшѧ,V-
кънігамъ,Nb
і,C-
словесі,Nb
еже,Pr
рече,V-
іс,Ne
егда,Dq
бѣ,V-
въ,R-
іілмѣхъ,Nb
въ,R-
пасха,Nb
въ,R-
праздьнікъ,Nb
мънозі,A-
вѣровашѧ,V-
въ,R-
імѧ,Nb
его,Pp
відѧште,V-
знаменьѣ,Nb
его,Pp
ѣже,Pr
творѣаше,V-
самъ,Pd
же,Df
іс,Ne
не,Df
въдааше,V-
себе,Pk
въ,R-
вѣрѫ,Nb
іхъ,Pp
імьже,Pr
самъ,Pd
вѣдѣаше,V-
вьсе,Px
і,C-
ѣко,G-
не,Df
трѣбоваше,V-
да,G-
къто,Px
съвѣдѣтельствоуетъ,V-
о,R-
чцѣ,Nb
самъ,Pd
бо,Df
вѣдѣаше,V-
чьто,Pi
бѣ,V-
въ,R-
чцѣ,Nb
бѣ,V-
чкъ,Nb
отъ,R-
фарісѣі,Nb
нікодімъ,Ne
імѧ,Nb
емоу,Pp
кънѧзь,Nb
іюдеіскъ,A-
сь,Pd
пріде,V-
къ,R-
немоу,Pp
ноштіѭ,Nb
і,C-
рече,V-
емоу,Pp
равві,Nb
вѣмь,V-
ѣко,G-
отъ,R-
ба,Nb
прішьлъ,V-
есі,V-
оучітель,Nb
нікътоже,Px
бо,Df
не,Df
можетъ,V-
знамені,Nb
сіхъ,Pd
творіті,V-
ѣже,Pr
тъі,Pp
сътворіші,V-
аште,G-
не,Df
бѫдетъ,V-
бъ,Nb
съ,R-
німь,Pp
отъвѣшта,V-
іс,Ne
і,C-
рече,V-
емоу,Pp
амін,I-
амін,I-
глѭ,V-
тебѣ,Pp
аште,G-
къто,Px
не,Df
родітъ,V-
сѧ,Pk
съвъіше,Df
не,Df
можетъ,V-
відѣті,V-
црсіѣ,Nb
бжіѣ,A-
гла,V-
къ,R-
немоу,Pp
нікодімъ,Ne
како,Du
можетъ,V-
чкъ,Nb
родіті,V-
сѧ,Pk
старъ,A-
съі,V-
еда,Du
можетъ,V-
въторіцеѭ,Df
въ,R-
ѫтробѫ,Nb
вьлѣсті,V-
матере,Nb
своеѧ,Pt
і,C-
родіті,V-
сѧ,Pk
отъвѣшта,V-
іс,Ne
амін,I-
амін,I-
глѭ,V-
тебѣ,Pp
аште,G-
къто,Px
не,Df
родітъ,V-
сѧ,Pk
водоѭ,Nb
і,C-
дхомь,Nb
не,Df
можетъ,V-
вьніті,V-
вь,R-
црсіе,Nb
бжіе,A-
рожденъ,V-
отъ,R-
плъті,Nb
плъть,Nb
естъ,V-
і,C-
рождено,V-
отъ,R-
дха,Nb
дхъ,Nb
естъ,V-
не,Df
чоуді,V-
сѧ,Pk
ѣко,G-
рѣхъ,V-
ті,Pp
подобаетъ,V-
вамъ,Pp
родіті,V-
сѧ,Pk
съвъіше,Df
дхъ,Nb
ідеже,Dq
хоштетъ,V-
доушетъ,V-
і,C-
гласъ,Nb
его,Pp
слъішіші,V-
нъ,C-
не,Df
вѣсі,V-
отъкѫдоу,Du
пріходітъ,V-
і,C-
камо,Du
ідетъ,V-
тако,Df
естъ,V-
рожденъі,V-
отъ,R-
дха,Nb
отъвѣшта,V-
нікодімъ,Ne
і,C-
рече,V-
емоу,Pp
како,Du
могѫтъ,V-
сі,Pd
бъіті,V-
отъвѣшта,V-
іс,Ne
і,C-
рече,V-
емоу,Pp
тъі,Pp
есі,V-
оучітель,Nb
ілевъ,A-
і,C-
сіхъ,Pd
лі,Du
не,Df
вѣсі,V-
амін,I-
амін,I-
глѭ,V-
тебѣ,Pp
ѣко,G-
еже,Pr
вѣмь,V-
глемъ,V-
і,C-
еже,Pr
дастъ,V-
въ,R-
рѫцѣ,Nb
его,Pp
вѣроуѧі,V-
въ,R-
сна,Nb
іматъ,V-
жівотъ,Nb
вѣчьнъі,A-
а,C-
іже,Pr
не,Df
вѣроуетъ,V-
въ,R-
сна,Nb
не,Df
оузьрітъ,V-
жівота,Nb
нъ,C-
гнѣвъ,Nb
бжі,A-
прѣбъіваетъ,V-
на,R-
немь,Pp
егда,Dq
же,Df
оуслъіша,V-
гь,Nb
ко,R-
оуслъішашѧ,V-
фарісеі,Nb
ѣко,G-
іс,Ne
множаішѧ,A-
оученікъі,Nb
творітъ,V-
і,C-
крьштаетъ,V-
неже,Df
іоанъ,Ne
іс,Ne
самъ,Pd
не,Df
крьштааше,V-
нъ,C-
оученіці,Nb
его,Pp
оставі,V-
іюдеѫ,Ne
і,C-
іде,V-
пакъі,Df
въ,R-
галілеѭ,Ne
достоѣше,V-
емоу,Pp
проіті,V-
сквозѣ,R-
самаріѭ,Ne
пріде,V-
же,Df
въ,R-
градъ,Nb
самарьскъ,A-
наріцаемъі,V-
соухарь,Ne
іскрь,R-
вьсі,Px
ѭже,Pr
дастъ,V-
іѣковъ,Ne
іосіфоу,Ne
сноу,Nb
своемоу,Pt
бѣ,V-
же,Df
тоу,Df
кладѧзь,Nb
іѣковль,A-
іс,Ne
же,Df
троуждь,V-
сѧ,Pk
отъ,R-
пѫті,Nb
сѣдѣаше,V-
тако,Df
на,R-
кладѧзі,Nb
часъ,Nb
бѣ,V-
ѣко,G-
шестъі,Mo
пріде,V-
жена,Nb
отъ,R-
самаріѧ,Ne
почрѣтъ,V-
водъі,Nb
гла,V-
еі,Pp
іс,Ne
даждь,V-
мі,Pp
піті,V-
оученіці,Nb
бо,Df
его,Pp
ошьлі,V-
бѣахѫ,V-
въ,R-
градъ,Nb
да,G-
брашьна,Nb
коупѧтъ,V-
гла,V-
же,Df
емоу,Pp
жена,Nb
самарѣнъіні,Nb
како,Du
тъі,Pp
іюдеі,Nb
съі,V-
отъ,R-
мене,Pp
піті,V-
просіші,V-
женъі,Nb
самарѣнъінѧ,Nb
сѫштѧ,V-
не,Df
прікасаѭтъ,V-
бо,Df
сѧ,Pk
іюдеі,Nb
самарѣнехъ,Nb
отъвѣшта,V-
іс,Ne
і,C-
рече,V-
еі,Pp
аште,G-
бі,V-
вѣдѣла,V-
даръ,Nb
бжі,A-
і,C-
къто,Pi
естъ,V-
глѧі,V-
ті,Pp
даждь,V-
мі,Pp
піті,V-
тъі,Pp
і,C-
просіла,V-
оу,R-
него,Pp
і,C-
далъ,V-
ті,Pp
бі,V-
водѫ,Nb
жівѫ,V-
гла,V-
емоу,Pp
жена,Nb
гі,Nb
ні,C-
почръпальніка,Nb
імаші,V-
і,C-
кладѧзь,Nb
естъ,V-
глѫбокъ,A-
отъкѫдоу,Du
оубо,Df
есі,V-
оца,Nb
нашего,Ps
іѣкова,Ne
іже,Pr
дастъ,V-
намъ,Pp
кладѧзь,Nb
і,C-
тъ,Pd
іж,R-
него,Pp
пітъ,V-
і,C-
снове,Nb
его,Pp
і,C-
скоті,Nb
его,Pp
отъвѣшта,V-
іс,Ne
і,C-
рече,V-
еі,Pp
вьсѣкъ,A-
піѧі,V-
отъ,R-
водъі,Nb
сеѧ,Pd
вьждѧждетъ,V-
сѧ,Pk
пакъі,Df
а,C-
іже,Pr
піетъ,V-
отъ,R-
водъі,Nb
ѭже,Pr
азъ,Pp
дамь,V-
емоу,Pp
не,Df
іматъ,V-
въждѧдаті,V-
сѧ,Pk
въ,R-
вѣкъ,Nb
нъ,C-
вода,Nb
ѭже,Pr
азъ,Pp
дамь,V-
емоу,Pp
бѫдетъ,V-
вь,R-
немь,Pp
істочьнікъ,Nb
водъі,Nb
вьслѣплѫштѫѭ,V-
въ,R-
жівотъ,Nb
вѣчьнъі,A-
гла,V-
къ,R-
немоу,Pp
жена,Nb
гі,Nb
даждь,V-
мі,Pp
сіѭ,Pd
водѫ,Nb
да,G-
ні,C-
жѧждѫ,Nb
ні,C-
пріхождѫ,V-
сѣмо,Df
почръпатъ,V-
гла,V-
еі,Pp
іс,Ne
іді,V-
прігласі,V-
мѫжа,Nb
своего,Pt
і,C-
пріді,V-
сѣмо,Df
отъвѣшта,V-
жена,Nb
і,C-
рече,V-
емоу,Pp
не,Df
імамь,V-
мѫжа,Nb
гла,V-
еі,Pp
іс,Ne
добрѣ,Df
рече,V-
ѣко,G-
мѫжа,Nb
не,Df
імамь,V-
пѧть,Ma
бо,Df
мѫжь,Nb
імѣла,V-
есі,V-
і,C-
нъінѣ,Df
егоже,Pr
імаші,V-
нѣстъ,V-
ті,Pp
мѫжь,Nb
се,Pd
въ,R-
істінѫ,Nb
рече,V-
гла,V-
емоу,Pp
жена,Nb
гі,Nb
віждѫ,V-
ѣко,G-
пророкъ,Nb
есі,V-
тъі,Pp
оці,Nb
наші,Ps
въ,R-
горѣ,Nb
сеі,Pd
поклонішѧ,V-
сѧ,Pk
і,C-
въі,Pp
глете,V-
ѣко,G-
въ,R-
ермѣхъ,Nb
естъ,V-
мѣсто,Nb
ідеже,Dq
кланѣті,V-
сѧ,Pk
подобаетъ,V-
гла,V-
еі,Pp
іс,Ne
жено,Nb
вѣрѫ,Nb
мі,Pp
імі,Pp
ѣко,Df
грѧдетъ,V-
часъ,Nb
егда,Dq
ні,C-
горѣ,Nb
сеі,Pd
ні,C-
въ,R-
ерлмѣхъ,Nb
поклоніте,V-
сѧ,Pk
оцоу,Nb
дхомь,Nb
і,C-
істіноѭ,Nb
ібо,Df
оць,Nb
тацѣхъ,Pd
іштетъ,V-
кланѣѭштіхъ,V-
сѧ,Pk
емоу,Pp
дхъ,Nb
бо,Df
естъ,V-
бъ,Nb
іже,Pr
кланѣетъ,V-
сѧ,Pk
емоу,Pp
дхомь,Nb
і,C-
істіноѭ,Nb
достоітъ,V-
кланѣті,V-
сѧ,Pk
гла,V-
емоу,Pp
жена,Nb
вѣмь,V-
ѣко,G-
месіѣ,Ne
прідетъ,V-
рекомъі,V-
хъ,Ne
егда,Dq
тъ,Pd
прідетъ,V-
вьзвѣстітъ,V-
намъ,Pp
всѣ,Px
гла,V-
еі,Pp
іс,Ne
азъ,Pp
есмь,V-
глѧі,V-
съ,R-
тобоѭ,Pp
і,C-
тогдажде,Df
прідѫ,V-
оученіці,Nb
его,Pp
і,C-
чоуждаахѫ,V-
сѧ,Pk
ѣко,G-
съ,R-
женоѭ,Nb
глааше,V-
і,C-
нікътоже,Px
не,Df
рече,V-
чесо,Pi
іштеші,V-
ілі,C-
чьто,Pi
глеші,V-
съ,R-
неѭ,Pp
оставі,V-
же,Df
водоносъ,Nb
своі,Pt
жена,Nb
і,C-
іде,V-
въ,R-
градъ,Nb
і,C-
гла,V-
чкомъ,Nb
прідѣте,V-
і,C-
відіте,V-
чка,Nb
іже,Pr
рече,V-
мі,Pp
вьсѣ,Px
еліко,Pr
сътворіхъ,V-
еда,Du
тъ,Pd
естъ,V-
хъ,Ne
ізідѫ,V-
же,Df
із,R-
града,Nb
і,C-
грѧдѣахѫ,V-
къ,R-
немоу,Pp
междоу,R-
же,Df
сімь,Pd
молѣахѫ,V-
і,C-
оученіці,Nb
его,Pp
глѭште,V-
равві,Nb
ѣждь,V-
онъ,Pd
же,Df
рече,V-
къ,R-
німъ,Pp
азъ,Pp
брашьно,Nb
імамь,V-
ѣсті,V-
егоже,Pr
въі,Pp
не,Df
вѣсте,V-
глахѫ,V-
же,Df
оученіці,Nb
къ,R-
себѣ,Pk
еда,Du
къто,Pi
прінесе,V-
емоу,Pp
ѣсті,V-
гла,V-
імъ,Pp
іс,Ne
мое,Ps
брашьно,Nb
естъ,V-
да,G-
творѭ,V-
волѭ,Nb
посълавъшаего,V-
мѧ,Pp
і,C-
съвръшѫ,V-
дѣло,Nb
его,Pp
не,Df
въі,Pp
лі,Du
глете,V-
ѣко,G-
еште,Df
четъіре,Ma
мѣсѧці,Nb
сѫтъ,V-
і,C-
жѧтва,Nb
прідетъ,V-
се,I-
глѭ,V-
вамъ,Pp
вьзведѣте,V-
очі,Nb
ваші,Ps
і,C-
відіте,V-
нівъі,Nb
ѣко,G-
плавъі,A-
сѫтъ,V-
къ,R-
жѧтвѣ,Nb
юже,Df
і,C-
жьнѧі,V-
мьздѫ,Nb
пріемлетъ,V-
і,C-
събіраетъ,V-
плодъ,Nb
жівотънъі,A-
да,G-
сѣѧі,V-
въкоупѣ,Df
радоуетъ,V-
сѧ,Pk
і,C-
жьнѧі,V-
о,R-
семь,Pd
бо,Df
слово,Nb
естъ,V-
істінъное,A-
ѣко,G-
інъ,Px
естъ,V-
сѣѧі,V-
і,C-
інъ,Px
естъ,V-
жьнѧі,V-
азъ,Pp
же,Df
посълахъ,V-
въі,Pp
жѧтъ,V-
ідеже,Dq
въі,Pp
не,Df
троудісте,V-
сѧ,Pk
іні,Px
троудішѧ,V-
сѧ,Pk
і,C-
въі,Pp
въ,R-
троудъ,Nb
іхъ,Pp
вьнідете,V-
отъ,R-
града,Nb
же,Df
того,Pd
мънозі,A-
вѣровашѧ,V-
вь,R-
него,Pp
отъ,R-
самарѣнъ,Nb
за,R-
слово,Nb
женѣ,Nb
съвѣдѣтельствоуѭшті,V-
ѣко,G-
рече,V-
мі,Pp
вьсѣ,Px
еліко,Pr
сътворіхъ,V-
егда,Dq
же,Df
прідѫ,V-
къ,R-
немоу,Pp
самарѣне,Nb
молѣахѫ,V-
і,C-
да,G-
бі,V-
прѣбъілъ,V-
оу,R-
ніхъ,Pp
і,C-
прѣбъістъ,V-
тоу,Df
дъва,Ma
дьні,Nb
і,C-
мъного,Df
паче,Df
вѣровашѧ,V-
за,R-
слово,Nb
его,Pp
женѣ,Nb
глаахѫ,V-
ѣко,G-
юже,Df
не,Df
за,R-
твоѭ,Ps
бесѣдѫ,Nb
вѣроуемъ,V-
самі,Pd
бо,Df
слъішахомъ,V-
і,C-
вѣмъ,V-
ѣко,G-
сь,Pd
естъ,V-
въ,R-
істінѫ,Nb
спъ,Nb
міра,Nb
хъ,Ne
по,R-
дъвою,Ma
же,Df
дъноу,Nb
ізіде,V-
отътѫдоу,Df
і,C-
іде,V-
въ,R-
галілеѭ,Ne
самъ,Pd
бо,Df
іс,Ne
съвѣдѣтельствова,V-
ѣко,G-
пророкъ,Nb
въ,R-
своемь,Pt
отьчьстві,V-
не,Df
іматъ,V-
чісті,V-
егда,Dq
же,Df
пріде,V-
въ,R-
галілеѭ,Ne
пріѧшѧ,V-
і,C-
галілѣане,Nb
вьсѣ,Px
відѣвъше,V-
еліко,Pr
сътворі,V-
въ,R-
ермѣхъ,Nb
въ,R-
праздьнікъ,Nb
пріде,V-
же,Df
пакъі,Df
въ,R-
кана,Ne
галілеѭ,Ne
ідеже,Dq
сътворі,V-
отъ,R-
водъі,Nb
віно,Nb
бѣ,V-
же,Df
етеръ,Px
црь,Nb
мѫжь,Nb
егоже,Pr
снъ,Nb
болѣаше,V-
въ,R-
каперънаоумѣ,Ne
слъішавъ,V-
ѣко,G-
іс,Ne
пріде,V-
отъ,R-
іюдеѧ,Ne
въ,R-
галілеѭ,Ne
іде,V-
къ,R-
немоу,Pp
і,C-
молѣаше,V-
і,C-
да,G-
сънідетъ,V-
і,C-
цѣлітъ,V-
сна,Nb
его,Pp
бѣ,V-
бо,Df
оуміраѧ,V-
рече,V-
же,Df
къ,R-
немоу,Pp
іс,Ne
аште,G-
знамені,Nb
і,C-
чоудесъ,Nb
не,Df
відіте,V-
не,Df
імате,V-
вѣръі,Nb
ѧті,V-
гла,V-
къ,R-
немоу,Pp
црь,Nb
мѫжь,Nb
гі,Nb
съніді,V-
прѣжде,Df
даже,G-
не,Df
оумьретъ,V-
отрочѧ,Nb
мое,Ps
гла,V-
къ,R-
немоу,Pp
іс,Ne
іді,V-
снъ,Nb
твоі,Ps
жівъ,A-
естъ,V-
і,C-
вѣрѫ,Nb
імъ,Pp
чкъ,Nb
словесі,Nb
еже,Pr
рече,V-
емоу,Pp
іс,Ne
ідѣаше,V-
абье,Df
же,Df
съходѧштоу,V-
емоу,Pp
се,I-
рабі,Nb
его,Pp
сърѣтѫ,V-
і,C-
глѭште,V-
ѣко,G-
снъ,Nb
твоі,Ps
жівъ,A-
естъ,V-
въпрашааше,V-
же,Df
часа,Nb
отъ,R-
ніхъ,Pp
въ,R-
которъі,Pi
соулѣе,Df
емоу,Pp
бъістъ,V-
рѣшѧ,V-
же,Df
емоу,Pp
ѣко,G-
вьчера,Df
въ,R-
часъ,Nb
седмъі,Mo
оставі,V-
огнь,Nb
разоумѣ,V-
же,Df
оць,Nb
ѣко,G-
тъ,Pd
бѣ,V-
часъ,Nb
въ,R-
ньже,Pr
рече,V-
емоу,Pp
іс,Ne
снъ,Nb
твоі,Ps
жівъ,A-
естъ,V-
і,C-
вѣрова,V-
самъ,Pd
і,C-
домъ,Nb
его,Pp
вьсь,Px
се,I-
пакъі,Df
въторое,Mo
чоудо,Nb
сътворі,V-
іс,Ne
прішьдъ,V-
въ,R-
галілеѭ,Ne
по,R-
сіхъ,Pd
же,Df
бѣ,V-
праздьнікъ,Nb
іюдеіскъ,A-
і,C-
вьзіде,V-
іс,Ne
въ,R-
елмъ,Nb
естъ,V-
же,Df
въ,R-
ермѣхъ,Nb
на,R-
овьчі,A-
кѫпѣлі,Nb
ѣже,Pr
наріцаетъ,V-
сѧ,Pk
евреіскъі,Df
фезда,Ne
пѧть,Ma
прітворъ,Nb
імѫшті,V-
вь,R-
тѣхъ,Pd
же,Df
лежааше,V-
мъножьство,Nb
болѧштіхъ,V-
слѣпъ,A-
хромъ,A-
соухъ,A-
чаѭштеіхъ,V-
двіженьѣ,Nb
водѣ,Nb
аглъ,Nb
бо,Df
гнь,A-
на,R-
вьсѣ,Px
лѣта,Nb
мъіѣше,V-
сѧ,Pk
въ,R-
кѫпѣлі,Nb
і,C-
възмѫштааше,V-
водѫ,Nb
і,C-
іже,Pr
пръвѣе,Df
вълажаше,V-
по,R-
възмѫштені,V-
водъі,Nb
съдравъ,A-
бъівааше,V-
бѣ,V-
же,Df
тоу,Df
етеръ,Px
чкъ,Nb
г,Ma
і,C-
з,Ma
лѣтъ,Nb
імъі,V-
въ,R-
недѫзѣ,Nb
своемъ,Pt
сего,Pd
відѣвъ,V-
іс,Ne
лежѧшта,V-
і,C-
разоумѣвъ,V-
ѣко,G-
мънога,A-
лѣта,Nb
юже,Df
імѣаше,V-
гла,V-
емоу,Pp
хоштеші,V-
лі,Du
жівъ,A-
бъіті,V-
отъвѣшта,V-
емоу,Pp
недѫжьнъі,A-
еі,Pp
гі,Nb
чка,Nb
не,Df
імамь,V-
да,G-
егда,Dq
възмѫтітъ,V-
сѧ,Pk
вода,Nb
въвръжетъ,V-
мѧ,Pp
въ,R-
кѫпѣль,Nb
егда,Dq
же,Df
пріхождѫ,V-
азъ,Pp
інъ,Px
прѣжде,R-
мене,Pp
вълазітъ,V-
гла,V-
емоу,Pp
іс,Ne
въстані,V-
възъмі,V-
одръ,Nb
твоі,Ps
і,C-
іді,V-
въ,R-
домъ,Nb
своі,Pt
і,C-
абье,Df
цѣлъ,A-
бъіс,V-
чкъ,Nb
і,C-
вьзѧтъ,V-
одръ,Nb
своі,Pt
і,C-
хождаше,V-
бѣ,V-
же,Df
сѫбота,Nb
въ,R-
тъ,Pd
дьнь,Nb
глахѫ,V-
же,Df
іюдеі,Nb
іцѣлѣвъшоуемоу,V-
сѫбота,Nb
естъ,V-
і,C-
не,Df
достоітъ,V-
тебѣ,Pp
вьзѧті,V-
одра,Nb
своего,Pt
онъ,Pd
же,Df
отъвѣшта,V-
імъ,Pp
іже,Pr
мѧ,Pp
сътворі,V-
цѣла,A-
тъ,Pd
мьнѣ,Pp
рече,V-
възъмі,V-
одръ,Nb
твоі,Ps
і,C-
ході,V-
въпросішѧ,V-
же,Df
і,C-
къто,Pi
естъ,V-
чкъ,Nb
рекъі,V-
тебѣ,Pp
възъмі,V-
одръ,Nb
твоі,Ps
і,C-
ході,V-
ісцѣлѣвъі,V-
же,Df
не,Df
вѣдѣаше,V-
къто,Pi
естъ,V-
іс,Ne
бо,Df
оуклоні,V-
сѧ,Pk
народоу,Nb
сѫштоу,V-
на,R-
мѣстѣ,Nb
потомь,Df
же,Df
обрѣте,V-
іс,Ne
въ,R-
цркъве,Nb
і,C-
рече,V-
емоу,Pp
се,I-
цѣлъ,A-
есі,V-
къ,R-
томоу,Pd
не,Df
съгрѣшаі,V-
да,G-
не,Df
горе,A-
чьто,Pi
ті,Pp
бѫдетъ,V-
іде,V-
же,Df
чкъ,Nb
і,C-
повѣдѣ,V-
іюдѣомъ,Nb
ѣко,G-
іс,Ne
естъ,V-
іже,Pr
мѧ,Pp
сътворі,V-
цѣла,A-
і,C-
сего,Pd
раді,R-
гонѣхѫ,V-
іс,Ne
іюдѣі,Ne
і,C-
іскаахѫ,V-
его,Pp
оубіті,V-
зане,G-
сі,Pd
творѣаше,V-
въ,R-
сѫботѫ,Nb
іс,Ne
же,Df
отъвѣштавааше,V-
імъ,Pp
оць,Nb
моі,Ps
доселѣ,Df
дѣлаетъ,V-
і,C-
азъ,Pp
дѣлаѭ,V-
сего,Pd
раді,R-
паче,Df
іскахѫ,V-
его,Pp
іюдеі,Nb
оубіті,V-
ѣко,G-
не,Df
тъкъмо,Df
разарѣше,V-
сѫботѫ,Nb
нъ,C-
і,C-
оца,Nb
своего,Pt
глаше,V-
ба,Nb
равьнъ,A-
сѧ,Pk
творѧ,V-
бу,Nb
отъвѣшта,V-
же,Df
іс,Ne
і,C-
рече,V-
імъ,Pp
амін,I-
амін,I-
глѭ,V-
вамъ,Pp
не,Df
можетъ,V-
снъ,Nb
творіті,V-
о,R-
себѣ,Pk
нічесоже,Px
аште,G-
не,Df
еже,Pr
відітъ,V-
оца,Nb
творѧшта,V-
ѣже,Pr
бо,Df
онъ,Pd
творітъ,V-
сі,Pd
і,C-
снъ,Nb
такожде,Df
творітъ,V-
оць,Nb
бо,Df
любітъ,V-
сна,Nb
і,C-
вьсѣ,Px
покажетъ,V-
емоу,Pp
ѣже,Pr
самъ,Pd
творітъ,V-
і,C-
больша,A-
сі,Pd
покажетъ,V-
емоу,Pp
дѣла,Nb
да,G-
въі,Pp
чоудіте,V-
сѧ,Pk
ѣко,G-
бъ,Nb
оць,Nb
вьскрѣшаетъ,V-
мрътвъіѧ,A-
і,C-
жівітъ,V-
тако,Df
і,C-
снъ,Nb
егоже,Pr
хоштетъ,V-
жівітъ,V-
оць,Nb
бо,Df
не,Df
сѫдітъ,V-
нікомоуже,Px
нъ,C-
сѫдъ,Nb
вьсь,Px
дастъ,V-
снові,Nb
да,G-
вьсі,Px
чьтѫтъ,V-
сна,Nb
ѣкоже,Dq
чьтѫтъ,V-
оца,Nb
іже,Pr
не,Df
чьтетъ,V-
сна,Nb
не,Df
чьтетъ,V-
оца,Nb
іже,Pr
і,C-
посъла,V-
амін,I-
амін,I-
глѭ,V-
вамъ,Pp
ѣко,G-
слоушаѧі,V-
словесе,Nb
моего,Ps
і,C-
вѣрѫ,Nb
емлѧі,V-
посълавъшоуемоу,V-
мѧ,Pp
іматъ,V-
жівота,Nb
вѣчьнаего,A-
і,C-
на,R-
сѫдъ,Nb
не,Df
прідетъ,V-
нъ,C-
прѣідетъ,V-
отъ,R-
съмръті,Nb
въ,R-
жівотъ,Nb
амін,I-
амін,I-
глѭ,V-
вамъ,Pp
ѣко,G-
грѧдетъ,V-
годіна,Nb
і,C-
нъінѣ,Df
естъ,V-
егда,Dq
мрътві,A-
оуслъішѧтъ,V-
гласъ,Nb
сна,Nb
бжіѣ,A-
і,C-
слъішавъшеі,V-
ожівѫтъ,V-
коже,Dq
бо,Df
оць,Nb
жівотъ,Nb
іматъ,V-
вь,R-
себѣ,Pk
тако,Df
дастъ,V-
і,C-
снові,Nb
жівотъ,Nb
імѣті,V-
вь,R-
себѣ,Pk
і,C-
область,Nb
дастъ,V-
емоу,Pp
і,C-
сѫдъі,Nb
творіті,V-
ѣко,G-
снъ,Nb
чскъ,A-
естъ,V-
не,Df
дівіте,V-
сѧ,Pk
семоу,Pd
ѣко,Df
грѧдетъ,V-
часъ,Nb
въ,R-
ньже,Pr
вьсі,Px
въходѧштеі,V-
въ,R-
гробѣхъ,Nb
оуслъішѧтъ,V-
гласъ,Nb
сна,Nb
бжіѣ,A-
і,C-
ізідѫтъ,V-
сътворьшеі,V-
блага,A-
въ,R-
въскрѣшенье,Nb
жівотоу,Nb
а,C-
сътворьшеі,V-
зълаа,A-
въ,R-
въскрѣшеніе,Nb
сѫдоу,Nb
не,Df
могѫ,V-
азъ,Pp
о,R-
себѣ,Pk
творіті,V-
нічесоже,Px
ѣкоже,Dq
слъішѫ,V-
сѫждѫ,V-
і,C-
сѫдъ,Nb
моі,Ps
правьдьнъ,A-
естъ,V-
ѣко,G-
не,Df
іштѫ,V-
волѧ,Nb
моеѧ,Ps
нъ,C-
волѫ,Nb
посълавъшаего,V-
мѧ,Pp
оца,Nb
аште,G-
азъ,Pp
съвѣдѣтельствоуѭ,V-
о,R-
мьнѣ,Pp
съвѣдѣтельство,Nb
мое,Ps
нѣстъ,V-
істінъно,A-
інъ,Px
естъ,V-
съвѣдѣтельствоуѧі,V-
о,R-
мнѣ,Pp
і,C-
вѣмь,V-
ѣко,G-
істінъно,A-
естъ,V-
съвѣдѣтельство,Nb
еже,Pr
съвѣдѣтельствоуетъ,V-
о,R-
мнѣ,Pp
въі,Pp
посъласте,V-
къ,R-
іоаноу,Ne
і,C-
съвѣдѣтельствова,V-
о,R-
істінѣ,Nb
азъ,Pp
же,Df
не,Df
отъ,R-
чка,Nb
съвѣдѣтельства,Nb
пріемлѭ,V-
нъ,C-
сі,Pd
глѭ,V-
да,G-
въі,Pp
спені,V-
бѫдете,V-
онъ,Pd
бѣ,V-
свѣтільнікъ,Nb
горѧ,V-
і,C-
свьтѧ,V-
въі,Pp
же,Df
хотѣсте,V-
въздрадоваті,V-
сѧ,Pk
въ,R-
часъ,Nb
свьтѣніѣ,Nb
его,Pp
азъ,Pp
же,Df
імамь,V-
съвѣдѣтельство,Nb
боле,A-
іоаннова,A-
дѣла,Nb
бо,Df
ѣже,Pr
дастъ,V-
мьнѣ,Pp
оць,Nb
да,G-
съвръшѫ,V-
ѣ,Pp
та,Pd
дѣла,Nb
ѣже,Pr
творѭ,V-
съвѣдѣтельствоуѭтъ,V-
о,R-
мьнѣ,Pp
ѣко,G-
оць,Nb
мѧ,Pp
посъла,V-
і,C-
посълавъі,V-
мѧ,Pp
оць,Nb
тъ,Pd
съвѣдѣтельствоуетъ,V-
о,R-
мьнѣ,Pp
ні,C-
гласа,Nb
его,Pp
нікъдеже,Df
слъішасте,V-
ні,C-
відѣніѣ,Nb
его,Pp
відѣсте,V-
і,C-
словесе,Nb
его,Pp
не,Df
імате,V-
прѣбъіваѭшта,V-
въ,R-
васъ,Pp
зане,G-
егоже,Pr
тъ,Pd
посъла,V-
семоу,Pd
въі,Pp
вѣръі,Nb
не,Df
емлете,V-
іспъітаіте,V-
кънігъі,Nb
ѣко,G-
вь,R-
ніхъ,Pp
мьніте,V-
імѣті,V-
жівотъ,Nb
вѣчьнъі,A-
і,C-
тъі,Pp
сѫтъ,V-
съвѣдѣтельствоуѭштѧ,V-
о,R-
мьнѣ,Pp
і,C-
не,Df
хоштете,V-
пріті,V-
къ,R-
мнѣ,Pp
да,G-
жівотъ,Nb
імате,V-
славъі,Nb
отъ,R-
чкъ,Nb
не,Df
пріемлѭ,V-
нъ,C-
разоумѣхъ,V-
въі,Pp
ѣко,G-
любъве,Nb
бжіѧ,A-
не,Df
імате,V-
вь,R-
себѣ,Pk
азъ,Pp
прідъ,V-
въ,R-
імѧ,Nb
оца,Nb
моего,Ps
і,C-
не,Df
пріемлете,V-
мене,Pp
аште,G-
інъ,Px
прідетъ,V-
въ,R-
імѧ,Nb
свое,Pt
того,Pd
пріемлете,V-
како,Du
въі,Pp
можете,V-
вѣроваті,V-
славѫ,Nb
дроугъ,Pc
отъ,R-
дроуга,Pc
пріемлѭште,V-
і,C-
славъі,Nb
ѣже,Pr
отъ,R-
іночѧдаго,A-
бжіѣ,A-
не,Df
іштете,V-
не,Df
мьніте,V-
ѣко,G-
на,R-
въі,Pp
рекѫ,V-
азъ,Pp
къ,R-
оцоу,Nb
естъ,V-
іже,Pr
на,R-
въі,Pp
речетъ,V-
мосі,Ne
на,R-
негоже,Pr
въі,Pp
оупъваете,V-
аште,G-
бо,Df
бісте,V-
вѣрѫ,Nb
імалі,V-
мосѣові,Ne
вѣрѫ,Nb
бісте,V-
ѧлі,V-
і,C-
мьнѣ,Pp
о,R-
мнѣ,Pp
бо,Df
тъ,Pd
спа,Nb
аште,G-
лі,Df
того,Pd
кънігамъ,Nb
вѣръі,Nb
не,Df
емлете,V-
како,Du
моімъ,Ps
гломъ,Nb
вѣрѫ,Nb
імете,V-
по,R-
сіхъ,Pd
же,Df
іде,V-
іс,Ne
на,R-
онъ,Pd
полъ,Nb
морѣ,Nb
тіверіадьска,A-
по,R-
немь,Pp
же,Df
ідѣаше,V-
народъ,Nb
мъногъ,A-
ѣко,G-
відѣахѫ,V-
знаменіѣ,Nb
ѣже,Pr
творѣаше,V-
на,R-
недѫжьнъіхъ,A-
възіде,V-
же,Df
на,R-
горѫ,Nb
іс,Ne
і,C-
тоу,Df
сѣдѣаше,V-
съ,R-
оученікъі,Nb
своімі,Pt
бѣ,V-
блізъ,R-
пасха,Nb
праздьнікъ,Nb
іюдеіскъ,A-
вьзведъ,V-
же,Df
очі,Nb
іс,Ne
відѣ,V-
ѣко,G-
мъногъ,A-
народъ,Nb
грѧдетъ,V-
къ,R-
немоу,Pp
гла,V-
къ,R-
філіпоу,Ne
чімь,Pi
коупімъ,V-
хлѣбъі,Nb
да,G-
ѣдѧтъ,V-
сіі,Pd
се,Pd
же,Df
глаше,V-
іскоушаѧ,V-
і,C-
самъ,Pd
бо,Df
вѣдѣаше,V-
чьто,Pi
хотѧтъ,V-
сътворіті,V-
отъвѣшта,V-
емоу,Pp
філіпъ,Ne
дьвѣма,Ma
сътома,Ma
пѣнѧзь,Nb
хлѣбъ,Nb
не,Df
довьлѧтъ,V-
імъ,Pp
да,G-
кожьдо,Px
іхъ,Pp
мало,Df
чьто,Pi
прііметъ,V-
гла,V-
емоу,Pp
едінъ,Ma
отъ,R-
оученікъ,Nb
его,Pp
андреа,Ne
братъ,Nb
сімона,Ne
петра,Ne
естъ,V-
отрочішть,Nb
сьде,Df
едінъ,Px
іже,Pr
іматъ,V-
пѧть,Ma
хлѣбъ,Nb
ѧчьнѣнъ,A-
і,C-
дьвѣ,Ma
ръібѣ,Nb
нъ,C-
сі,Pd
чьто,Pi
сѫтъ,V-
вь,R-
селіко,Pd
рече,V-
же,Df
іс,Ne
сътворіте,V-
чкъі,Nb
вьзлешті,V-
бѣ,V-
же,Df
трѣва,Nb
многа,A-
на,R-
мѣстѣ,Nb
вьзлеже,V-
оубо,Df
мѫжь,Nb
чісломь,Nb
ѣко,Df
пѧть,Ma
тъісѫшть,Ma
пріѧтъ,V-
же,Df
хлѣбъі,Nb
іс,Ne
і,C-
хвалѫ,Nb
въздавъ,V-
подастъ,V-
оученікомъ,Nb
а,C-
оученіці,Nb
вьзлежѧштеімъ,V-
такожде,Df
і,C-
отъ,R-
ръібоу,Nb
еліко,Pr
хотѣахѫ,V-
і,C-
ѣко,G-
насъітішѧ,V-
сѧ,Pk
гла,V-
оученікомъ,Nb
своімъ,Pt
съберѣте,V-
ізбъітъкъі,Nb
оукроухъ,Nb
да,G-
не,Df
погъібнетъ,V-
нікътоже,Px
събърашѧ,V-
же,Df
і,C-
ісплънішѧ,V-
дъва,Ma
на,R-
десѧте,Ma
коша,Nb
оукроухъ,Nb
отъ,R-
пѧті,Ma
хлѣбъ,Nb
ѧчьнѣнъіхъ,A-
іже,Pr
ізбъішѧ,V-
ѣдъшімъ,V-
чці,Nb
же,Df
відѣвъше,V-
знаменіе,Nb
еже,Pr
сътворі,V-
іс,Ne
глахѫ,V-
ѣко,G-
сь,Pd
естъ,V-
въ,R-
істінѫ,Nb
пророкъ,Nb
грѧдѧі,V-
въ,R-
міръ,Nb
іс,Ne
же,Df
разоумѣвъ,V-
ѣко,G-
хотѧтъ,V-
пріті,V-
да,G-
въсхъітѧтъ,V-
і,Pp
і,C-
сътворѧтъ,V-
і,C-
црѣ,Nb
отіде,V-
пакъі,Df
въ,R-
горѫ,Nb
едінъ,Ma
і,C-
ѣко,G-
поздѣ,Df
бъістъ,V-
сънідѫ,V-
оученіці,Nb
его,Pp
на,R-
море,Nb
і,C-
вьлѣзъше,V-
въ,R-
ладіѭ,Nb
ѣдѣахѫ,V-
на,R-
онъ,Pd
полъ,Nb
морѣ,Nb
въ,R-
каперънаоумъ,Ne
і,C-
тъма,Nb
абіе,Df
бъіс,V-
і,C-
не,Df
оу,Df
бѣ,V-
прішьлъ,V-
къ,R-
німъ,Pp
іс,Ne
по,R-
морю,Nb
же,Df
вѣтроу,Nb
велікоу,A-
дъіхаѭштоу,V-
гребъше,V-
же,Df
ѣко,Df
дъва,Ma
десѧті,Ma
і,C-
пѧть,Ma
стадіі,Nb
лі,C-
г,Ma
ті,Pp
оузьрѣшѧ,V-
іса,Ne
ходѧшта,V-
по,R-
морю,Nb
і,C-
блізъ,R-
кораблѣ,Nb
бъівъшѧ,V-
оубоѣшѧ,V-
сѧ,Pk
онъ,Pd
же,Df
гла,V-
імъ,Pp
азъ,Pp
есмь,V-
не,Df
боіте,V-
сѧ,Pk
хотѣахѫ,V-
же,Df
і,C-
пріѧті,V-
въ,R-
корабль,Nb
і,C-
абіе,Df
бъіс,V-
корабль,Nb
на,R-
землі,Nb
вь,R-
нѭже,Pr
ѣдѣахѫ,V-
въ,R-
оутрѣі,A-
же,Df
дьнь,Nb
народъ,Nb
іже,Pr
стоѣхѫ,V-
об,R-
онъ,Pd
полъ,Nb
морѣ,Nb
відѣвъ,V-
ѣко,G-
кораблѣ,Nb
іного,Px
не,Df
бѣ,V-
тоу,Df
тъкъмо,Df
едінъ,Ma
тъ,Pd
въ,R-
ньже,Pr
вьнідѫ,V-
оученіці,Nb
его,Pp
і,C-
ѣко,G-
не,Df
вьніде,V-
съ,R-
оученікъі,Nb
своімі,Pt
іс,Ne
въ,R-
корабль,Nb
нъ,C-
едіні,Px
оученіці,Nb
его,Pp
ідѫ,V-
і,C-
іні,Px
прідѫ,V-
кораблі,Nb
отъ,R-
тіверіѣдъі,Ne
блізъ,R-
мѣста,Nb
ідеже,Dq
ѣшѧ,V-
хлѣбъі,Nb
хвалѫ,Nb
въздавъшоу,V-
гю,Nb
егда,Dq
же,Df
відѣшѧ,V-
народі,Nb
ѣко,G-
іс,Ne
не,Df
бъістъ,V-
тоу,Df
ні,C-
оученікъ,Nb
его,Pp
вьлѣзѫ,V-
самі,Pd
въ,R-
кораблѧ,Nb
і,C-
прідѫ,V-
въ,R-
каперънаоумъ,Ne
іскоуѭште,V-
іса,Ne
і,C-
обрѣтъше,V-
і,C-
об,R-
онъ,Pd
полъ,Nb
морѣ,Nb
і,C-
рѣшѧ,V-
емоу,Pp
равві,Nb
когда,Du
сѣмо,Df
пріде,V-
отъвѣшта,V-
імъ,Pp
іс,Ne
і,C-
рече,V-
амін,I-
амін,I-
глѭ,V-
вамъ,Pp
іштете,V-
мене,Pp
не,Df
ѣко,G-
відѣсте,V-
знаменіѣ,Nb
нъ,C-
ѣко,G-
ѣлі,V-
есте,V-
хлѣбъі,Nb
і,C-
насъітісте,V-
сѧ,Pk
дѣлаіте,V-
брашьно,Nb
гъіблѭштее,V-
въ,R-
жівотѣ,Nb
вѣчьнѣмь,A-
еже,Pr
снъ,Nb
чскъі,A-
вамъ,Pp
дастъ,V-
сего,Pd
бо,Df
оць,Nb
знамена,V-
бъ,Nb
рѣшѧ,V-
же,Df
къ,R-
немоу,Pp
чьто,Pi
сътворімъ,V-
да,G-
дѣлаемъ,V-
дѣла,Nb
бжіѣ,A-
отъвѣшта,V-
іс,Ne
і,C-
рече,V-
імъ,Pp
се,I-
естъ,V-
дѣло,Nb
бжіе,A-
да,G-
вѣроуете,V-
въ,R-
тъ,Pd
егоже,Pr
посъла,V-
онъ,Pd
рѣшѧ,V-
же,Df
емоу,Pp
кое,Pi
оубо,Df
тъі,Pp
творіші,V-
знаменіе,Nb
да,G-
відімъ,V-
і,C-
вѣрѫ,Nb
імемъ,V-
тебѣ,Pp
чьто,Pi
дѣлаеші,V-
оці,Nb
наші,Ps
ѣшѧ,V-
манна,Ne
въ,R-
поустъіні,Nb
ѣкоже,Dq
естъ,V-
псано,V-
хлѣбъ,Nb
съ,R-
нбесе,Nb
дастъ,V-
імъ,Pp
ѣсті,V-
рече,V-
же,Df
імъ,Pp
іс,Ne
амін,I-
амін,I-
глѭ,V-
вамъ,Pp
не,Df
мосі,Ne
дастъ,V-
вамъ,Pp
хлѣбъ,Nb
съ,R-
нсе,Nb
нъ,C-
оць,Nb
моі,Ps
даетъ,V-
вамъ,Pp
хлѣбъ,Nb
істінънъіі,A-
съ,R-
небсе,Nb
хлѣбъ,Nb
бо,Df
бжі,A-
естъ,V-
съходѧі,V-
съ,R-
нбсе,Nb
і,C-
даѧі,V-
жівота,Nb
міроу,Nb
рѣшѧ,V-
же,Df
къ,R-
немоу,Pp
гі,Nb
вьсегда,Df
даждь,V-
намъ,Pp
хлѣбъ,Nb
сь,Pd
рече,V-
же,Df
імъ,Pp
іс,Ne
азъ,Pp
есмь,V-
хлѣбъ,Nb
жівотънъі,A-
грѧдѧі,V-
по,R-
мьнѣ,Pp
не,Df
іматъ,V-
възлакаті,V-
сѧ,Pk
і,C-
вѣроуѧі,V-
въ,R-
мѧ,Pp
не,Df
іматъ,V-
въждѧдаті,V-
сѧ,Pk
нікогдаже,Df
нъ,C-
рѣхъ,V-
вамъ,Pp
ѣко,G-
і,C-
відѣсте,V-
мѧ,Pp
і,C-
не,Df
вѣроуете,V-
мі,Pp
вьсе,Px
еже,Pr
дастъ,V-
мьнѣ,Pp
оць,Nb
къ,R-
мьнѣ,Pp
прідетъ,V-
і,C-
грѧдѫштаго,V-
къ,R-
мьнѣ,Pp
не,Df
іжденѫ,V-
вънъ,Df
ѣко,G-
сънідъ,V-
съ,R-
нсе,Nb
да,G-
не,Df
творѭ,V-
волѧ,Nb
моеѧ,Ps
нъ,C-
волѭ,Nb
посълавъшаего,V-
мѧ,Pp
се,I-
естъ,V-
волѣ,Nb
посълавъшаего,V-
мѧ,Pp
оца,Nb
да,G-
вьсѣко,A-
еже,Pr
дастъ,V-
мі,Pp
не,Df
погоублѫ,V-
отъ,R-
него,Pp
нъ,C-
въскрѣшѫ,V-
ѧ,Pp
въ,R-
послѣдьні,A-
дьнь,Nb
се,Pd
бо,Df
естъ,V-
волѣ,Nb
оца,Nb
моего,Ps
да,G-
вьсѣкъ,A-
відѧі,V-
сна,Nb
і,C-
вѣроуѧі,V-
вь,R-
него,Pp
і,C-
въскрѣшѫ,V-
і,C-
азъ,Pp
въ,R-
послѣдьні,A-
дьнь,Nb
ръпътахѫ,V-
же,Df
іюдеі,Nb
о,R-
немь,Pp
ѣко,G-
рече,V-
азъ,Pp
есмь,V-
хлѣбъ,Nb
съшьдъі,Nb
съ,R-
нсе,Nb
і,C-
глахѫ,V-
не,Df
сь,Pd
лі,Du
естъ,V-
снъ,Nb
іосіфовъ,A-
емоуже,Pr
мъі,Pp
знаемъ,V-
оца,Nb
і,C-
матерь,Nb
како,Du
оубо,Df
сь,Pd
глетъ,V-
ѣко,G-
съ,R-
нсе,Nb
сънідъ,V-
отъвѣшта,V-
же,Df
іс,Ne
і,C-
рече,V-
імъ,Pp
не,Df
ръпъштіте,V-
междоу,R-
собоѭ,Pk
нікътоже,Px
не,Df
можетъ,V-
пріті,V-
къ,R-
мьнѣ,Pp
аште,G-
не,Df
оць,Nb
посълавъі,V-
мѧ,Pp
прівлѣчетъ,V-
его,Pp
і,C-
азъ,Pp
въскрѣшѫ,V-
его,Pp
въ,R-
послѣдьні,A-
дьнь,Nb
естъ,V-
псано,V-
въ,R-
прорцѣхъ,Nb
і,C-
бѫдѫтъ,V-
вьсі,Px
оученіці,Nb
бмь,Nb
вьсѣкъ,A-
слъішавъі,V-
отъ,R-
оца,Nb
і,C-
навъікъ,V-
прідетъ,V-
къ,R-
мьнѣ,Pp
не,Df
ѣко,G-
оца,Nb
відѣлъ,V-
естъ,V-
къто,Pi
тъкъмо,Df
сѧі,V-
отъ,R-
ба,Nb
тъ,Pd
відѣ,V-
оца,Nb
амін,I-
амін,I-
глѭ,V-
вамъ,Pp
вѣроуѧі,V-
въ,R-
мѧ,Pp
іматъ,V-
жівота,Nb
вѣчьнаего,A-
азъ,Pp
есмь,V-
хлѣбъ,Nb
жівотънъі,A-
оці,Nb
наші,Ps
ѣшѧ,V-
маннѫ,Nb
въ,R-
поустъіні,Nb
і,C-
оумрѣшѧ,V-
сь,Pd
естъ,V-
хлѣбъ,Nb
съходѧі,V-
съ,R-
нбсе,Nb
да,G-
аште,G-
къто,Px
отъ,R-
него,Pp
ѣстъ,V-
не,Df
оумьретъ,V-
азъ,Pp
есмь,V-
хлѣбъ,Nb
жівъі,A-
съшьдъі,Nb
съ,R-
нбсе,Nb
аште,G-
къто,Px
сънѣстъ,V-
отъ,R-
хлѣба,Nb
сего,Pd
жівъ,A-
бѫдетъ,V-
въ,R-
вѣкъ,Nb
хлѣбъ,Nb
бо,Df
іже,Pr
азъ,Pp
дамь,V-
плъть,Nb
моѣ,Ps
естъ,V-
ѭже,Pr
азъ,Pp
дамь,V-
за,R-
жівотъ,Nb
вьсего,Px
міра,Nb
пьрѣахѫ,V-
же,Df
сѧ,Pk
іюдеі,Nb
междоу,R-
собоѭ,Pk
глѭште,V-
како,Du
можетъ,V-
сь,Pd
даті,V-
плъть,Nb
своѭ,Pt
намъ,Pp
ѣсті,V-
рече,V-
же,Df
імъ,Pp
іс,Ne
амін,I-
амін,I-
глѭ,V-
вамъ,Pp
аште,G-
не,Df
сънѣсте,V-
плъті,Nb
сна,Nb
чскаго,A-
і,C-
піеті,V-
кръві,Nb
его,Pp
жівота,Nb
не,Df
імате,V-
вь,R-
себѣ,Pk
ѣдѧі,V-
моѭ,Ps
плъть,Nb
і,C-
піѧі,V-
моѭ,Ps
кръвь,Nb
іматъ,V-
жівота,Nb
вѣчьнаего,A-
і,C-
азъ,Pp
въскрѣшѫ,V-
і,C-
въ,R-
послѣдьні,A-
дьнь,Nb
плъть,Nb
бо,Df
моѣ,Ps
істінъное,A-
естъ,V-
брашьно,Nb
і,C-
кръвь,Nb
моѣ,Ps
істінъно,A-
естъ,V-
піво,Nb
дъі,Nb
моѭ,Ps
плъть,Nb
і,C-
піѧі,V-
моѭ,Ps
кръвь,Nb
въ,R-
мьнѣ,Pp
прѣбъі,V-
і,C-
азъ,Pp
въ,R-
немь,Pp
ѣкоже,Dq
посъла,V-
мѧ,Pp
жівѧі,V-
оць,Nb
і,C-
азъ,Pp
жівѫ,V-
оца,Nb
раді,R-
і,C-
ѣдъі,V-
мѧ,Pp
тъ,Pd
жівъ,A-
бѫдетъ,V-
мене,Pp
раді,R-
сь,Pd
естъ,V-
хлѣбъ,Nb
съшьдъі,Nb
съ,R-
нсе,Nb
не,Df
ѣкоже,Dq
ѣшѧ,V-
оці,Nb
ваші,Ps
маннѫ,Nb
і,C-
оумрѣшѧ,V-
ѣдѧі,V-
хлѣбъ,Nb
сь,Pd
жівъ,A-
бѫдетъ,V-
въ,R-
вѣкъ,Nb
сі,Pd
рече,V-
на,R-
сънъмішті,Nb
оучѧ,V-
въ,R-
каперънаоумѣ,Ne
мнозі,A-
же,Df
слъішавъшеі,V-
отъ,R-
оученікъ,Nb
его,Pp
рѣшѧ,V-
жестоко,A-
естъ,V-
слово,Nb
се,Pd
къто,Pi
можетъ,V-
его,Pp
слоушаті,V-
вѣдъі,V-
же,Df
іс,Ne
вь,R-
себѣ,Pk
ѣко,G-
ръпъштѫтъ,V-
о,R-
семь,Pd
оученіці,Nb
его,Pp
рече,V-
імъ,Pp
се,Pd
лі,Du
въі,Pp
блазнітъ,V-
аште,G-
оубо,Df
оузьріте,V-
сна,Nb
чскаго,A-
въходѧшта,V-
ідеже,Dq
бѣ,V-
прѣжде,R-
дхъ,Nb
естъ,V-
іже,Pr
жіветъ,V-
отъ,R-
плъті,Nb
нѣстъ,V-
пользѧ,Nb
нікакоѧже,Px
глъі,Nb
ѧже,Pr
азъ,Pp
глахъ,V-
вамъ,Pp
дхъ,Nb
сѫтъ,V-
і,C-
жівотъ,Nb
сѫтъ,V-
нъ,C-
сѫтъ,V-
отъ,R-
васъ,Pp
етері,Px
іже,Pr
не,Df
вѣроуѭтъ,V-
вѣдѣаше,V-
бо,Df
ісконі,Df
іс,Ne
къто,Pi
сѫтъ,V-
не,Df
вѣроуѭштеі,V-
і,C-
къто,Pi
естъ,V-
хотѧі,V-
прѣдаті,V-
і,C-
і,C-
глааше,V-
сего,Pd
раді,R-
рѣхъ,V-
вамъ,Pp
ѣко,G-
нікътоже,Px
не,Df
можетъ,V-
пріті,V-
къ,R-
мьнѣ,Pp
аште,G-
не,Df
бѫдетъ,V-
дано,V-
емоу,Pp
отъ,R-
оца,Nb
моего,Ps
отъ,R-
сего,Pd
мнозі,A-
отъ,R-
оученікъ,Nb
его,Pp
ідѫ,V-
вьспѧть,Df
і,C-
къ,R-
томоу,Pd
не,Df
хождахѫ,V-
съ,R-
німь,Pp
рече,V-
же,Df
іс,Ne
обѣма,Ma
на,R-
десѧте,Ma
еда,Du
і,Df
въі,Pp
хоштете,V-
іті,V-
отъвѣшта,V-
емоу,Pp
сімонъ,Ne
петръ,Ne
гі,Nb
къ,R-
комоу,Pi
ідемъ,V-
глъі,Nb
жівота,Nb
вѣчьнаего,A-
імаші,V-
і,C-
мъі,Pp
вѣровахомъ,V-
і,C-
познахомъ,V-
ѣко,G-
тъі,Pp
есі,V-
хъ,Ne
снъ,Nb
ба,Nb
жіваго,A-
отъвѣшта,V-
імъ,Pp
іс,Ne
не,Df
азъ,Pp
лі,Du
васъ,Pp
дъва,Ma
на,R-
десѧте,Ma
ізбърахъ,V-
і,C-
отъ,R-
васъ,Pp
едінъ,Ma
діѣволъ,Nb
естъ,V-
глааше,V-
іюдѫ,Ne
сімонова,A-
іскаріота,Ne
сь,Pd
бо,Df
хотѣаше,V-
прѣдаті,V-
і,C-
едінъ,Ma
съі,V-
отъ,R-
обою,Ma
на,R-
десѧте,Ma
і,C-
хождааше,V-
съ,R-
німі,Pp
іс,Ne
въ,R-
галілеі,Ne
не,Df
хотѣаше,V-
бо,Df
въ,R-
іюдѣі,Nb
ходіті,V-
ѣко,G-
іскаахѫ,V-
его,Pp
іюдеі,Nb
оубіті,V-
бѣ,V-
же,Df
блізъ,R-
праздьнікъ,Nb
іюдеіскъ,A-
скінопігіѣ,Nb
рѣшѧ,V-
же,Df
къ,R-
немоу,Pp
братріѣ,Nb
его,Pp
прѣіді,V-
отъсѫдоу,Df
і,C-
іді,V-
въ,R-
іюдеѧ,Ne
до,R-
і,C-
оученіці,Nb
твоі,Ps
відѧтъ,V-
дѣла,Nb
твоѣ,Ps
ѣже,Pr
творіші,V-
нікътоже,Px
бо,Df
въ,R-
таінѣ,Nb
нічесоже,Px
творітъ,V-
і,C-
іштетъ,V-
самъ,Pd
ѣвѣ,Df
бъіті,V-
аште,G-
сі,Pd
всѣ,Px
творіші,V-
ѣві,V-
сѧ,Pk
вьсемоу,Px
міроу,Nb
ні,C-
братіѣ,Nb
бо,Df
вѣровахѫ,V-
вь,R-
него,Pp
гла,V-
же,Df
імъ,Pp
іс,Ne
врѣмѧ,Nb
мое,Ps
не,Df
оу,Df
пріде,V-
а,C-
врѣмѧ,Nb
ваше,Ps
вьсегда,Df
готово,A-
естъ,V-
не,Df
можетъ,V-
міръ,Nb
ненавідѣті,V-
васъ,Pp
мене,Pp
же,Df
ненавідітъ,V-
ѣко,G-
азъ,Pp
съвѣдѣтельствоуѭ,V-
о,R-
немь,Pp
ѣко,G-
дѣла,Nb
его,Pp
зъла,A-
сѫтъ,V-
въі,Pp
вьзідѣте,V-
въ,R-
праздьнікось,Nb
азъ,Pp
не,Df
вьзідѫ,V-
въ,R-
праздьнікъ,Nb
сь,Pd
ѣко,G-
врѣмѧ,Nb
мое,Ps
не,Df
ісплъні,V-
сѧ,Pk
сі,Pd
рекъ,V-
самъ,Pd
оста,V-
въ,R-
галілеі,Ne
егда,Dq
же,Df
вьзідѫ,V-
братріѣ,Nb
его,Pp
въ,R-
праздьнікъ,Nb
тогда,Df
і,C-
самъ,Pd
вьзіде,V-
не,Df
ѣвѣ,Df
нъ,C-
ако,G-
таі,Df
іюдеі,Nb
же,Df
его,Pp
іскахѫ,V-
въ,R-
праздьнікъ,Nb
і,C-
глахѫ,V-
къде,Du
естъ,V-
онъ,Pd
і,C-
ръпътъ,V-
мъногъ,A-
бѣ,V-
о,R-
немь,Pp
въ,R-
народѣхъ,Nb
ові,Pd
глахѫ,V-
ѣко,G-
благъ,A-
естъ,V-
іні,Px
же,Df
глахѫ,V-
ні,C-
нъ,C-
льстітъ,V-
народъі,Nb
нікотеръіже,Px
оубо,Df
ѣвѣ,Df
глаше,V-
о,R-
немь,Pp
страха,Nb
раді,R-
іюдеіска,A-
абіе,Df
же,Df
въ,R-
прѣполовленіе,Nb
праздьніка,Nb
вьзіде,V-
іс,Ne
въ,R-
цръкъве,Nb
і,C-
оучааше,V-
і,C-
дівлѣахѫ,V-
сѧ,Pk
іюдеі,Nb
глѭште,V-
како,Du
сь,Pd
кънігъі,Nb
оумѣетъ,V-
не,Df
оучь,V-
сѧ,Pk
отъвѣшта,V-
же,Df
іс,Ne
і,C-
рече,V-
імъ,Pp
мое,Ps
оученіе,Nb
нѣстъ,V-
мое,Ps
нъ,C-
посълавъшаего,V-
мѧ,Pp
аште,G-
къто,Px
хоштетъ,V-
волѭ,Nb
его,Pp
творіті,V-
разоумѣетъ,V-
о,R-
оучені,Nb
кое,Pi
отъ,R-
ба,Nb
естъ,V-
лі,Du
азъ,Pp
себѣ,Pk
глѭ,V-
глѧі,V-
о,R-
себѣ,Pk
славъі,Nb
своеѧ,Pt
іштетъ,V-
а,C-
іштѧі,V-
славъі,Nb
посълавъшаего,V-
і,C-
сь,Pd
істіненъ,A-
естъ,V-
і,C-
нѣстъ,V-
неправъдъі,Nb
вь,R-
немь,Pp
не,Df
мосі,Ne
лі,Du
дастъ,V-
вамъ,Pp
законъ,Nb
і,C-
нікътозе,V-
отъ,R-
васъ,Pp
творітъ,V-
закона,Nb
чьто,Pi
мене,Pp
іштете,V-
оубіті,V-
отъвѣшта,V-
народъ,Nb
і,C-
рече,V-
бѣсъ,Nb
лі,Du
імаші,V-
къто,Pi
тебе,Pp
іштетъ,V-
оубіті,V-
отъвѣшта,V-
іс,Ne
і,C-
рече,V-
імъ,Pp
едіно,Ma
дѣло,Nb
сътворіхъ,V-
і,C-
вьсі,Px
дівіте,V-
сѧ,Pk
сего,Pd
раді,R-
дастъ,V-
вамъ,Pp
мосі,Ne
обрѣзаніе,Nb
не,Df
ѣко,G-
отъ,R-
мосѣа,Ne
естъ,V-
нъ,C-
отъ,R-
оць,Nb
і,C-
въ,R-
сѫботѫ,Nb
обрѣзаете,V-
чка,Nb
аште,G-
обрѣзаніе,Nb
пріемлетъ,V-
чкъ,Nb
въ,R-
сѫботѫ,Nb
да,G-
не,Df
разорітъ,V-
сѧ,Pk
законъ,Nb
мосѣовъ,A-
на,R-
мѧ,Pp
лі,Du
гнѣваете,V-
сѧ,Pk
ѣко,G-
вьсего,Px
чка,Nb
съдрава,A-
сътворіхъ,V-
въ,R-
сѫботѫ,Nb
не,Df
сѫдіте,V-
на,R-
ліца,Nb
нъ,C-
правьдьнъі,A-
сѫдъ,Nb
сѫдіте,V-
глахѫ,V-
же,Df
етеріі,Px
отъ,R-
іілмлѣнъ,Nb
не,Df
сь,Pd
лі,Du
естъ,V-
егоже,Pr
іштѫтъ,V-
оубіті,V-
і,C-
се,Pd
не,Df
обіноуѧ,V-
сѧ,Pk
глетъ,V-
і,C-
нічесоже,Px
емоу,Pp
не,Df
глѭтъ,V-
еда,Du
како,Du
разоумѣшѧ,V-
кънѧзі,Nb
ѣко,G-
сь,Pd
естъ,V-
хъ,Ne
нъ,C-
сего,Pd
вѣмъ,V-
отъкѫдоу,Du
сь,Pd
естъ,V-
а,C-
хъ,Ne
егда,Dq
прідетъ,V-
нікътоже,Px
не,Df
вѣстъ,V-
отъкѫдоу,Du
естъ,V-
възъва,V-
же,Df
въ,R-
цръкъве,Nb
оучѧ,V-
іс,Ne
і,C-
глѧ,V-
і,C-
мене,Pp
вѣсте,V-
і,C-
вѣсте,V-
отъ,R-
кѫдоу,Du
есмь,V-
і,C-
о,R-
себѣ,Pk
не,Df
прідъ,V-
нъ,C-
естъ,V-
істіньнъ,A-
посълавъі,V-
мѧ,Pp
егоже,Pr
въі,Pp
не,Df
вѣсте,V-
азъ,Pp
і,C-
вѣмь,V-
ко,R-
отъ,R-
него,Pp
есмь,V-
і,C-
тъ,Pd
мѧ,Pp
посъла,V-
іскахѫ,V-
же,Df
ѧті,V-
і,C-
і,C-
нікътоже,Px
не,Df
възложі,V-
рѫкъі,Nb
на,R-
нь,Pp
ѣко,G-
не,Df
ю,Df
бѣ,V-
прішьлъ,V-
годъ,Nb
его,Pp
отъ,R-
народа,Nb
же,Df
мнозі,A-
вѣровашѧ,V-
въ,R-
нь,Pp
і,C-
глахѫ,V-
ѣко,G-
хъ,Ne
егда,Dq
прідетъ,V-
еда,Du
больша,A-
знаменіѣ,Nb
сътворітъ,V-
ѣже,Pr
естъ,V-
сътворілъ,V-
слъішашѧ,V-
же,Df
фарісѣі,Nb
народъ,Nb
ръпъштѫшть,V-
о,R-
немь,Pp
се,Pd
і,C-
посълашѧ,V-
архіереі,Nb
слоугъі,Nb
да,G-
імѫтъ,V-
і,C-
рече,V-
же,Df
іс,Ne
еште,Df
мало,Df
врѣмѧ,Nb
съ,R-
вамі,Pp
есмь,V-
і,C-
ідѫ,V-
къ,R-
посълавъшоуемоу,V-
мѧ,Pp
поіштете,V-
мене,Pp
і,C-
не,Df
обрѧштете,V-
ідеже,Dq
есмь,V-
азъ,Pp
въі,Pp
не,Df
можете,V-
пріті,V-
рѣшѧ,V-
же,Df
іюдеі,Nb
къ,R-
себѣ,Pk
самі,Pd
камо,Du
хоштетъ,V-
іті,V-
і,C-
оучіті,V-
елінъі,Nb
чьто,Pi
естъ,V-
слово,Nb
се,Pd
еже,Pr
рече,V-
вьзіштете,V-
мене,Pp
і,C-
не,Df
обрѧштете,V-
і,C-
ідеже,Dq
есмь,V-
азъ,Pp
въі,Pp
не,Df
можете,V-
пріті,V-
въ,R-
послѣдьні,A-
же,Df
дьнь,Nb
велікъі,A-
праздьнікъ,Nb
стоѣаше,V-
іс,Ne
і,C-
зъваше,V-
глѧ,V-
аште,G-
къто,Pi
жѧждетъ,V-
да,G-
прідетъ,V-
къ,R-
мьнѣ,Pp
і,C-
піетъ,V-
і,C-
вѣроуѧі,V-
въ,R-
мѧ,Pp
ѣкоже,Dq
кънігъі,Nb
рѣшѧ,V-
рѣкъі,Nb
отъ,R-
чрѣва,Nb
его,Pp
істекѫтъ,V-
водъі,Nb
жівъі,A-
се,Pd
же,Df
рече,V-
о,R-
дсѣ,Nb
іже,Pr
хотѣхѫ,V-
пріематі,V-
вѣроуѭштеі,V-
вь,R-
него,Pp
не,Df
ю,Df
бо,Df
бѣ,V-
дхъ,Nb
стъі,A-
данъ,V-
ѣко,G-
іс,Ne
не,Df
ю,Df
бѣ,V-
прославленъ,V-
мнозі,A-
же,Df
отъ,R-
народа,Nb
слъішавъше,V-
словеса,Nb
сі,Pd
глахѫ,V-
сь,Pd
естъ,V-
въ,R-
істінѫ,Nb
пророкъ,Nb
дроузі,Nb
же,Df
глахѫ,V-
сь,Pd
естъ,V-
хъ,Ne
ові,Pd
же,Df
глахѫ,V-
еда,Du
отъ,R-
галілеѧ,Ne
хъ,Ne
прідетъ,V-
не,Df
кънігъі,Nb
лі,Du
рѣшѧ,V-
ѣко,G-
отъ,R-
сѣмене,Nb
дава,A-
і,C-
отъ,R-
вітьлеомьскаго,A-
градьца,Nb
ідеже,Dq
бѣ,V-
дадъ,Ne
прідетъ,V-
хъ,Ne
распьрѣ,Nb
же,Df
бъіс,V-
въ,R-
народѣ,Nb
его,Pp
раді,R-
етеріі,Px
же,Df
отъ,R-
ніхъ,Pp
хотѣахѫ,V-
ѧті,V-
і,C-
нъ,C-
нікътоже,Px
не,Df
възложі,V-
на,R-
нь,Pp
рѫкоу,Nb
прідѫ,V-
же,Df
слоугъі,Nb
къ,R-
архіереомъ,Nb
і,C-
фарісеомъ,Nb
і,C-
рѣшѧ,V-
імъ,Pp
ті,Pp
по,R-
чьто,Pi
не,Df
прівѣсте,V-
его,Pp
отъвѣшташѧ,V-
слоугъі,Nb
ніколіже,Df
тако,Df
естъ,V-
глъ,Nb
чкъ,Nb
ѣко,G-
сь,Pd
чкъ,Nb
отъвѣшташѧ,V-
імъ,Pp
фарісѣі,Nb
нъ,C-
народо,Nb
сь,Pd
іже,Pr
не,Df
вѣстъ,V-
закона,Nb
проклѧті,V-
сѫтъ,V-
гла,V-
нікодімъ,Ne
къ,R-
німъ,Pp
прішедъі,V-
къ,R-
немоу,Pp
ноштіѭ,Nb
едінъ,Ma
съі,V-
отъ,R-
ніхъ,Pp
еда,Du
законъ,Nb
нашь,Ps
сѫдітъ,V-
чкоу,Nb
аште,G-
не,Df
слъішітъ,V-
отъ,R-
него,Pp
прѣжде,Df
і,C-
разоумѣѭтъ,V-
чьто,Pi
творітъ,V-
отъвѣшташѧ,V-
і,C-
рѣшѧ,V-
емоу,Pp
еда,Du
тъі,Pp
отъ,R-
галілеѧ,Ne
есі,V-
іспъітаі,V-
і,C-
і,C-
віждь,V-
ѣко,G-
отъ,R-
галілеѧ,Ne
пророкъ,Nb
не,Df
прідетъ,V-
і,C-
іде,V-
къжьдо,Px
въ,R-
домъ,Nb
своі,Pt
ііс,Ne
же,Df
іде,V-
въ,R-
горѫ,Nb
елеоньскѫѭ,A-
ютро,Df
же,Df
пакъі,Df
пріде,V-
въ,R-
цръковь,Nb
і,C-
всі,Px
людіе,Nb
ідѣахѫ,V-
къ,R-
немоу,Pp
і,C-
сѣдъ,V-
оучааше,V-
ѧ,Pp
прівѣсѧ,V-
же,Df
къніжьніці,Nb
і,C-
фарісѣі,Nb
женѫ,Nb
въ,R-
прѣлюбодѣані,Nb
ѧтѫ,V-
і,C-
поставльше,V-
ѭ,Pp
посрѣдѣ,R-
глашѧ,V-
емоу,Pp
оучітелю,Nb
сі,Pd
жена,Nb
ѧта,V-
естъ,V-
нъінѣ,Df
въ,R-
прѣлюбодѣаніі,Nb
въ,R-
законѣ,Nb
намъ,Pp
мосі,Ne
повелѣ,V-
таковъіѧ,A-
каменіемь,Nb
побіваті,V-
тъі,Pp
же,Df
чьто,Pi
глеші,V-
се,Pd
же,Df
рѣшѧ,V-
іскоушаѭште,V-
і,C-
да,G-
бѫ,V-
імѣлі,V-
на,R-
нь,Pp
чьто,Pi
глаті,V-
іс,Ne
же,Df
нізъ,Df
поклонь,V-
сѧ,Pk
прьстомь,Nb
пісаше,V-
на,R-
земі,Nb
ѣко,G-
же,Df
прілежахѫ,V-
въпрашаѭште,V-
і,C-
въсклоні,V-
сѧ,Pk
і,C-
рече,V-
імъ,Pp
іже,Pr
васъ,Pp
без,R-
грѣха,Nb
естъ,V-
прѣжде,Df
връзі,V-
камень,Nb
на,R-
нѭ,Pp
і,C-
пакъі,Df
поклонь,V-
сѧ,Pk
пісаше,V-
на,R-
землі,Nb
слъісавъше,V-
ісхождахѫ,V-
едінъ,Ma
по,R-
едіномоу,Ma
начьнъше,V-
отъ,R-
старьць,Nb
і,C-
оста,V-
едінъ,Ma
і,C-
жена,Nb
стоѧшті,V-
посрѣдѣ,R-
въсклонь,V-
же,Df
сѧ,Pk
іс,Ne
рече,V-
еі,Pp
жено,Nb
къде,Du
сѫтъ,V-
іже,Pr
на,R-
тѧ,Pp
важдахѫ,V-
нікъіже,Px
лі,Du
тебе,Pp
осѫді,V-
она,Pd
же,Df
рече,V-
нікътоже,Px
гі,Nb
рече,V-
же,Df
іс,Ne
ні,C-
азъ,Pp
тебе,Pp
осѫждаѭ,V-
іді,V-
і,C-
отъселѣ,Df
не,Df
съгрѣшаі,V-
къ,R-
томоу,Pd
пакъі,Df
же,Df
імъ,Pp
рече,V-
іс,Ne
глѧ,V-
азъ,Pp
есмь,V-
свѣтъ,Nb
міроу,Nb
ходѧі,V-
по,R-
мнѣ,Pp
не,Df
іматъ,V-
ходіті,V-
въ,R-
тъмѣ,Nb
нъ,C-
іматъ,V-
свѣта,Nb
жівотънаго,A-
рѣшѧ,V-
же,Df
емоу,Pp
фарісѣі,Nb
тъі,Pp
о,R-
себѣ,Pk
самъ,Pd
съвѣдѣтельствоуеші,V-
съвѣдѣтельство,Nb
твое,Ps
нѣстъ,V-
істінъно,A-
отъвѣшта,V-
іс,Ne
і,C-
рече,V-
імъ,Pp
аште,G-
азъ,Pp
съвѣдѣтельствоуѭ,V-
о,R-
мьнѣ,Pp
самомь,Pd
съвѣдѣтельство,Nb
мое,Ps
нѣстъ,V-
істінъно,A-
естъ,V-
ѣко,G-
вѣмь,V-
отъкѫдоу,Du
прідъ,V-
і,C-
камо,Du
грѧдѫ,V-
і,C-
камо,Du
ідѫ,V-
въі,Pp
же,Df
по,R-
плъті,Nb
сѫдіте,V-
азъ,Pp
не,Df
сѫждѫ,V-
нікомоуже,Px
аште,G-
сѫждѫ,V-
азъ,Pp
сѫдъ,Nb
моі,Ps
істіньнъ,A-
естъ,V-
ѣко,G-
едінъ,Px
нѣсмь,V-
нъ,C-
азъ,Pp
і,C-
посълавъі,V-
мѧ,Pp
оць,Nb
і,C-
въ,R-
законѣ,Nb
же,Df
вашемь,Ps
спано,V-
естъ,V-
ѣко,G-
дъвою,Ma
чкоу,Nb
съвѣдѣтельство,Nb
істіньно,A-
естъ,V-
азъ,Pp
есмь,V-
съвѣдѣтельствоуѧі,V-
о,R-
мьнѣ,Pp
самомь,Pd
і,C-
съвѣдѣтельствоуетъ,V-
о,R-
мьнѣ,Pp
посълавъі,V-
ме,Pp
оць,Nb
глахѫ,V-
же,Df
емоу,Pp
къде,Du
естъ,V-
оць,Nb
твоі,Ps
отъвѣшта,V-
іс,Ne
ні,C-
мене,Pp
вѣсте,V-
ні,C-
оца,Nb
мего,A-
аште,G-
мѧ,Pp
бісте,V-
вѣдѣлі,V-
і,C-
оца,Nb
моего,Ps
оубо,Df
бісте,V-
вѣдѣлі,V-
сіѧ,Pd
глъі,Nb
гла,V-
въ,R-
газофілакіі,Nb
оучѧ,V-
въ,R-
цръкъве,Nb
і,C-
нікътоже,Px
не,Df
етъ,V-
его,Pp
ѣко,G-
не,Df
ю,Df
бѣ,V-
прішьла,A-
годіна,Nb
его,Pp
рече,V-
же,Df
імъ,Pp
пакъі,Df
іс,Ne
азъ,Pp
ідѫ,V-
і,C-
вьзіштете,V-
мене,Pp
і,C-
въ,R-
грѣсѣ,Nb
вашемь,Ps
оумьрете,V-
ѣможе,Dq
азъ,Pp
ідѫ,V-
въі,Pp
не,Df
можете,V-
пріті,V-
глахѫ,V-
же,Df
іюдеі,Nb
еда,Du
сѧ,Pk
самъ,Pd
оубіетъ,V-
ѣко,G-
глетъ,V-
ѣможе,Dq
азъ,Pp
ідѫ,V-
въі,Pp
не,Df
можете,V-
пріті,V-
азъ,Pp
отъ,R-
въішьніхъ,A-
есмь,V-
въі,Pp
отъ,R-
вьсего,Px
міра,Nb
есте,V-
азъ,Pp
нѣсмь,V-
отъ,R-
вьсего,Px
міра,Nb
рѣхъ,V-
оубо,Df
ѣко,G-
оумьрете,V-
въ,R-
грѣсѣхъ,Nb
вашіхъ,Ps
аште,G-
бо,Df
вѣръі,Nb
не,Df
емлете,V-
азъ,Pp
есмь,V-
оумьрете,V-
въ,R-
грѣсѣхъ,Nb
вашіхъ,Ps
глаахѫ,V-
же,Df
емоу,Pp
тъі,Pp
къто,Pi
есі,V-
і,C-
рече,V-
імъ,Pp
іс,Ne
начѧтъкъ,Nb
ѣко,Df
і,C-
глѭ,V-
вамъ,Pp
мъного,Df
імамь,V-
о,R-
васъ,Pp
глаті,V-
і,C-
сѫдіті,V-
нъ,C-
посълавъі,V-
мѧ,Pp
істіннъ,A-
естъ,V-
і,C-
азъ,Pp
ѣже,Pr
слъішахъ,V-
отъ,R-
него,Pp
сі,Pd
глѭ,V-
въ,R-
мірѣ,Nb
і,C-
не,Df
разоумѣшѧ,V-
ѣко,G-
оца,Nb
імъ,Pp
глааше,V-
ба,Nb
рече,V-
же,Df
імъ,Pp
іс,Ne
егда,Dq
вьзнесете,V-
сна,Nb
чскаго,A-
тогда,Df
разоумѣете,V-
ѣко,G-
азъ,Pp
есмь,V-
і,C-
о,R-
себѣ,Pk
нічесоже,Px
не,Df
творѫ,V-
нъ,C-
ѣкоже,Dq
наоучі,V-
мѧ,Pp
оць,Nb
сі,Pd
глѭ,V-
і,C-
посълавъі,V-
мѧ,Pp
съ,R-
мъноѭ,Pp
естъ,V-
не,Df
оставі,V-
мене,Pp
едіного,Ma
оць,Nb
ѣко,G-
азъ,Pp
оугодьна,A-
творѭ,V-
емоу,Pp
вьсегда,Df
сі,Pd
глѭштоу,V-
емоу,Pp
мнозі,A-
вѣровашѧ,V-
въ,R-
нь,Pp
глаше,V-
же,Df
іс,Ne
къ,R-
вѣровавъшімъ,V-
въ,R-
нь,Pp
іюдеомъ,Nb
аште,G-
въі,Pp
прѣбѫдете,V-
въ,R-
словесі,Nb
моемь,Ps
въ,R-
істінѫ,Nb
оученіці,Nb
моі,Ps
бѫдете,V-
і,C-
разоумѣете,V-
істінѫ,Nb
і,C-
істіна,Nb
свободітъ,V-
въі,Pp
отъвѣшташѧ,V-
емоу,Pp
іюдеі,Nb
сѣмѧ,Nb
авраамле,A-
есмъ,V-
і,C-
нікомоуже,Px
не,Df
работахомъ,V-
ніколіже,Df
како,Du
тъі,Pp
глеші,V-
ѣко,G-
свободь,A-
бѫдете,V-
отъвѣшта,V-
імъ,Pp
іс,Ne
амін,I-
амін,I-
глѭ,V-
вамъ,Pp
ѣко,G-
всѣкъ,A-
творѧі,V-
грѣхъ,Nb
рабъ,Nb
естъ,V-
грѣхоу,Nb
а,C-
рабъ,Nb
не,Df
прѣбъіваетъ,V-
въ,R-
домоу,Nb
въ,R-
вѣкъ,Nb
снъ,Nb
прѣбъіваетъ,V-
въ,R-
вѣкъ,Nb
аште,G-
оубо,Df
снъ,Nb
въі,Pp
свободітъ,V-
въ,R-
істінѫ,Nb
свободь,A-
бѫдете,V-
вѣмь,V-
ѣко,G-
сѣмѧ,Nb
авраамле,A-
есте,V-
нъ,C-
іштете,V-
мене,Pp
оубіті,V-
ѣко,G-
слово,Nb
мое,Ps
не,Df
въмѣштаетъ,V-
сѧ,Pk
въ,R-
въі,Pp
азъ,Pp
ѣже,Pr
відѣхъ,V-
оу,R-
оца,Nb
моего,Ps
глѭ,V-
і,C-
въі,Pp
оубо,Df
ѣже,Pr
відѣсте,V-
оу,R-
оца,Nb
вашего,Ps
творіте,V-
отъвѣшташѧ,V-
і,C-
рѣшѧ,V-
емоу,Pp
оць,Nb
нашь,Ps
авраамъ,Ne
естъ,V-
гла,V-
імъ,Pp
іс,Ne
аште,G-
чѧда,Nb
аврамлѣ,A-
бъісте,V-
бъілі,V-
дѣла,Nb
авраамлѣ,A-
творілі,V-
бъісте,V-
нъінѣ,Df
же,Df
іштете,V-
мене,Pp
оубіті,V-
чка,Nb
іже,Pr
істінѫ,Nb
вамъ,Pp
глахъ,V-
ѭже,Pr
слъішахъ,V-
отъ,R-
ба,Nb
сего,Pd
авраамъ,Ne
нѣстъ,V-
сътворілъ,V-
въі,Pp
творіте,V-
дѣла,Nb
оца,Nb
вашего,Ps
рѣшѧ,V-
же,Df
емоу,Pp
мъі,Pp
отъ,R-
любодѣаніѣ,Nb
нѣсмъ,V-
рождені,V-
мъі,Pp
едіного,Ma
оца,Nb
імамъ,V-
ба,Nb
рече,V-
же,Df
імъ,Pp
іс,Ne
аште,G-
бъ,Nb
оць,Nb
вашь,Ps
бі,V-
бъілъ,V-
любілі,V-
мѧ,Pp
бісте,V-
азъ,Pp
бо,Df
отъ,R-
ба,Nb
ізідъ,V-
і,C-
прідъ,V-
не,Df
о,R-
себѣ,Pk
бо,Df
прідъ,V-
нъ,C-
тъ,Pd
мѧ,Pp
посъла,V-
по,R-
чьто,Pi
бесѣдъі,Nb
моеѧ,Ps
не,Df
разоумѣете,V-
ѣко,G-
не,Df
можете,V-
слъішаті,V-
словесе,Nb
моего,Ps
въі,Pp
отъ,R-
оца,Nb
діѣвола,Nb
есте,V-
і,C-
похоті,Nb
оца,Nb
вашего,Ps
хоштете,V-
творіті,V-
онъ,Pd
чкооубіца,Nb
бѣ,V-
ісконі,Df
і,C-
въ,R-
істінѣ,Nb
не,Df
стоітъ,V-
ѣко,G-
нѣстъ,V-
істінъі,Nb
вь,R-
немь,Pp
егда,Dq
глетъ,V-
лъжѫ,Nb
отъ,R-
своіхъ,Pt
глетъ,V-
ѣко,G-
лъжь,A-
естъ,V-
і,C-
оць,Nb
его,Pp
азъ,Pp
же,Df
зане,G-
істінѫ,Nb
глѭ,V-
не,Df
емлете,V-
вѣръі,Nb
мьнѣ,Pp
къто,Pi
отъ,R-
васъ,Pp
облічаетъ,V-
мѧ,Pp
о,R-
грѣсѣ,Nb
аште,G-
істінѫ,Nb
глѭ,V-
по,R-
чьто,Pi
въі,Pp
вѣръі,Nb
не,Df
емлете,V-
мьнѣ,Pp
іже,Pr
естъ,V-
отъ,R-
ба,Nb
глъ,Nb
бжіі,A-
послоушаетъ,V-
сего,Pd
раді,R-
въі,Pp
не,Df
послоушаете,V-
ѣко,G-
нѣсте,V-
отъ,R-
ба,Nb
отъвѣшташѧ,V-
іюдеі,Nb
і,C-
рѣшѧ,V-
емоу,Pp
не,Df
добрѣ,Df
лі,Du
глемъ,V-
мъі,Pp
ѣко,G-
самарѣнінъ,Nb
есі,V-
тъі,Pp
і,C-
бѣсъ,Nb
імаші,V-
отъвѣшта,V-
іс,R-
азъ,Pp
бѣса,Nb
не,Df
імамь,V-
нъ,C-
чьтѫ,V-
оца,Nb
моего,Ps
і,C-
въі,Pp
не,Df
чьтете,V-
мене,Pp
азъ,Pp
же,Df
не,Df
іштѫ,V-
славъі,Nb
моеѧ,Ps
естъ,V-
іштѧі,V-
і,C-
сѫдѧ,V-
амін,I-
амін,I-
глѭ,V-
вамъ,Pp
аште,G-
къто,Px
слово,Nb
мое,Ps
съблюдетъ,V-
съмръті,Nb
не,Df
іматъ,V-
відѣті,V-
въ,R-
вѣкъ,Nb
рѣшѧ,V-
же,Df
емоу,Pp
іюдеі,Nb
нъінѣ,Df
разоумѣхомъ,V-
ѣко,G-
бѣсъ,Nb
імаші,V-
авраамъ,Ne
оумьрѣтъ,V-
і,C-
пророці,Nb
і,C-
тъі,Pp
глеші,V-
ѣко,G-
аште,G-
къто,Px
слово,Nb
мое,Ps
съблюдетъ,V-
не,Df
іматъ,V-
въкоусіті,V-
съмръті,Nb
въ,R-
вѣкъ,Nb
еда,Du
тъі,Pp
боліі,A-
есі,V-
оца,Nb
нашего,Ps
авраама,Ne
іже,Pr
оумрѣтъ,V-
і,C-
пророці,Nb
оумрѣшѧ,V-
къто,Pi
сѧ,Pk
самъ,Pd
тъі,Pp
творіші,V-
отъвѣшта,V-
іс,Ne
аште,G-
азъ,Pp
славлѭ,V-
сѧ,Pk
самъ,Pd
слава,Nb
моѣ,Ps
нічьтоже,Px
естъ,V-
естъ,V-
оць,Nb
моі,Ps
славѧі,V-
мѧ,Pp
егоже,Pr
въі,Pp
глете,V-
ѣко,G-
бъ,Nb
нашь,Ps
естъ,V-
і,C-
не,Df
познасте,V-
его,Pp
азъ,Pp
же,Df
вѣмь,V-
і,Pp
і,C-
аште,G-
рекѫ,V-
ѣко,G-
не,Df
вѣмь,V-
его,Pp
бѫдѫ,V-
подобьнъ,A-
вамъ,Pp
лъжь,A-
нъ,C-
вѣмь,V-
і,C-
і,C-
слово,Nb
его,Pp
съблюдаѭ,V-
авраамъ,Ne
оць,Nb
вашь,Ps
радъ,A-
бі,V-
бъілъ,V-
да,G-
бі,V-
відѣлъ,V-
дьнь,Nb
моі,Ps
і,C-
відѣ,V-
і,C-
въздрадова,V-
сѧ,Pk
рѣшѧ,V-
же,Df
іюдеі,Nb
къ,R-
немоу,Pp
пѧті,Ma
десѧтъ,Ma
лѣтъ,Nb
не,Df
ю,Df
імаші,V-
авраамъ,Ne
лі,Du
есі,V-
відѣлъ,V-
рече,V-
імъ,Pp
іс,Ne
амін,I-
амін,I-
глѭ,V-
вамъ,Pp
прѣжде,Df
даже,G-
не,Df
бъістъ,V-
авраамъ,Ne
азъ,Pp
есмь,V-
вьзѧшѧ,V-
же,Df
каменіе,Nb
да,G-
връгѫтъ,V-
на,R-
нь,Pp
іс,Ne
же,Df
съкръі,V-
сѧ,Pk
і,C-
ізіде,V-
і,C-
цръкъве,Nb
і,C-
прошьдъ,V-
посрѣдѣ,R-
іхъ,Pp
ідѣаше,V-
і,C-
хождаше,V-
тако,Df
і,C-
мімоідъі,V-
відѣ,V-
чка,Nb
слѣпа,A-
отъ,R-
рса,Nb
і,C-
въпросішѧ,V-
і,C-
оученіці,Nb
глѭште,V-
равві,Nb
къто,Pi
съгрѣші,V-
сь,Pd
лі,Du
ілі,C-
родітелѣ,Nb
его,Pp
да,G-
слѣпъ,A-
роді,V-
сѧ,Pk
отъвѣшта,V-
іс,Ne
ні,C-
сь,Pd
съгрѣші,V-
ні,C-
родітелѣ,Nb
его,Pp
нъ,C-
да,G-
ѣвѧтъ,V-
сѧ,Pk
дѣла,Nb
бжіѣ,A-
на,R-
немь,Pp
мьнѣ,Pp
подобаетъ,V-
дѣлаті,V-
дѣла,Nb
посълавъшааего,A-
мѧ,Pp
доньдеже,G-
дьнь,Nb
естъ,V-
прідетъ,V-
ношть,Nb
егда,Dq
нікътоже,Px
не,Df
можетъ,V-
дѣлаті,V-
егда,Dq
въ,R-
мірѣ,Nb
есмь,V-
свѣтъ,Nb
есмь,V-
міроу,Nb
сі,Pd
рекъ,V-
плінѫ,V-
на,R-
землѫ,Nb
і,C-
сътворі,V-
брьніе,Nb
отъ,R-
пліновеніѣ,Nb
і,C-
помаза,V-
емоу,Pp
очі,Nb
брьніемь,Nb
і,C-
рече,V-
емоу,Pp
іді,V-
оумъі,V-
сѧ,Pk
въ,R-
кѫпѣлі,Nb
сілоуамьсцѣ,A-
еже,Pr
съказаетъ,V-
сѧ,Pk
посъланъ,V-
і,C-
іде,V-
же,Df
і,C-
оумъі,V-
сѧ,Pk
і,C-
пріде,V-
вѧдѧ,V-
сѫсѣді,Nb
же,Df
і,C-
іже,Pr
бѣахѫ,V-
відѣлі,V-
прѣжде,Df
ѣко,G-
просітель,Nb
бѣ,V-
глахѫ,V-
не,Df
сь,Pd
лі,Du
естъ,V-
сѣдѧ,V-
і,C-
просѧ,V-
ові,Pd
глахѫ,V-
ѣко,G-
сь,Pd
естъ,V-
а,C-
іні,Px
глахѫ,V-
подобьнъ,A-
емоу,Pp
естъ,V-
онъ,Pd
же,Df
глаше,V-
ѣко,G-
азъ,Pp
есмь,V-
глахѫ,V-
же,Df
емоу,Pp
како,Du
ті,Pp
сѧ,Pk
отврѣсте,V-
очі,Nb
отъвѣшта,V-
онъ,Pd
і,C-
рече,V-
чкъ,Nb
наріцаемъі,V-
іс,Ne
брьніе,Nb
сътворі,V-
і,C-
помаза,V-
очі,Nb
мі,Pp
і,C-
рече,V-
мі,Pp
іді,V-
въ,R-
кѫпѣль,Nb
сілаамлѫ,V-
і,C-
оумъі,V-
сѧ,Pk
шьдъ,V-
же,Df
і,C-
оумъівъ,V-
сѧ,Pk
прозьрѣхъ,V-
рѣшѧ,V-
же,Df
емоу,Pp
къто,Pi
тъ,Pd
естъ,V-
гла,V-
не,Df
вѣмь,V-
вѣсѧ,V-
і,C-
къ,R-
фарісѣомъ,Nb
іже,Pr
бѣ,V-
іногда,Df
слѣпъ,A-
бѣ,V-
же,Df
сѫбота,Nb
егда,Dq
сътворі,V-
брьніе,Nb
іс,Ne
і,C-
отвръзе,V-
емоу,Pp
очі,Nb
пакъі,Df
же,Df
въпрашахѫ,V-
і,C-
фарісѣі,Nb
како,Du
прозьрѣ,V-
онъ,Pd
же,Df
рече,V-
імъ,Pp
брьніе,Nb
положі,V-
мьнѣ,Pp
на,R-
очію,Nb
і,C-
оумъіхъ,V-
сѧ,Pk
і,C-
віждѫ,V-
глахѫ,V-
же,Df
отъ,R-
фарісѣі,Nb
етері,Px
нѣстъ,V-
сь,Pd
отъ,R-
ба,Nb
чкъ,Nb
ѣко,G-
сѫботъі,Nb
не,Df
хранітъ,V-
ові,Pd
глаахѫ,V-
како,Du
можетъ,V-
чкъ,Nb
грѣшьнъ,A-
сіце,Df
знаменіѣ,Nb
творіті,V-
і,C-
распьрѣ,Nb
бѣ,V-
вь,R-
ніхъ,Pp
глашѧ,V-
слѣпьцоу,Nb
пакъі,Df
тъі,Pp
чьто,Pi
глеші,V-
о,R-
немь,Pp
ѣко,G-
отвръзе,V-
очі,Nb
твоі,Ps
онъ,Pd
же,Df
рече,V-
ѣко,G-
пророкъ,Nb
естъ,V-
не,Df
ѧсѧ,V-
же,Df
вѣръі,Nb
іюдеі,Nb
о,R-
немь,Pp
ѣко,G-
бѣ,V-
слѣпъ,A-
і,C-
прозьрѣ,V-
доньдеже,G-
възгласішѧ,V-
родітелѣ,Nb
того,Pd
прозьрѣвъшаего,V-
і,C-
въпросішѧ,V-
ѣ,Pp
глѭште,V-
сь,Pd
лі,Du
естъ,V-
снъ,Nb
ваю,Pp
егоже,Pr
въі,Pp
глета,V-
ѣко,G-
слѣпъ,A-
роді,V-
сѧ,Pk
како,Du
оубо,Df
нъінѣ,Df
відітъ,V-
отъвѣштасте,V-
імъ,Pp
родітелѣ,Nb
его,Pp
і,C-
рѣста,V-
то,Pd
вѣвѣ,V-
ѣко,G-
сь,Pd
естъ,V-
снъ,Nb
наю,Pp
і,C-
ѣко,G-
слѣпъ,A-
роді,V-
сѧ,Pk
како,Du
же,Df
нъінѣ,Df
відітъ,V-
не,Df
вѣвѣ,V-
лі,Du
къто,Pi
емоу,Pp
отвръзе,V-
очі,Nb
не,Df
вѣвѣ,V-
самого,Pd
въпросіте,V-
въздрастъ,Nb
іматъ,V-
самъ,Pd
о,R-
себѣ,Pk
да,G-
глетъ,V-
сіце,Df
рѣсте,V-
родітелѣ,Nb
его,Pp
ѣко,G-
боѣашете,V-
сѧ,Pk
іюдѣі,Nb
юже,Df
бо,Df
сѧ,Pk
бѣахѫ,V-
съложілі,V-
іюдеі,Nb
да,G-
аште,G-
къто,Px
ісповѣстъ,V-
ха,Ne
отълѫчьнъ,A-
сънъмішта,Nb
бѫдетъ,V-
сего,Pd
раді,R-
родітелѣ,Nb
его,Pp
рѣсте,V-
ѣко,G-
въздрастъ,Nb
іматъ,V-
самого,Pd
въпросіте,V-
възгласішѧ,V-
же,Df
въторіцеѭ,Df
чка,Nb
іже,Pr
бѣ,V-
слѣпъ,A-
і,C-
рѣшѧ,V-
емоу,Pp
даждь,V-
славѫ,Nb
бу,Nb
мъі,Pp
вѣмъ,V-
ѣко,G-
чкъ,Nb
сь,Pd
грѣшьнъ,A-
естъ,V-
отъвѣшта,V-
же,Df
онъ,Pd
і,C-
рече,V-
аште,G-
грѣшьнікъ,Nb
естъ,V-
не,Df
вѣмь,V-
едіно,Ma
вѣмь,V-
ѣко,G-
слѣпъ,A-
бѣхъ,V-
нъінѣ,Df
же,Df
віждѫ,V-
рѣшѧ,V-
же,Df
емоу,Pp
пакъі,Df
чьто,Pi
сътворі,V-
тебѣ,Pp
како,Du
отвръзе,V-
твоі,Ps
очі,Nb
отъвѣшта,V-
імъ,Pp
рѣхъ,V-
вамъ,Pp
юже,Df
і,C-
не,Df
слъішасте,V-
чьто,Pi
пакъі,Df
хоштете,V-
слъішаті,V-
еда,Du
і,C-
въі,Pp
оученіці,Nb
его,Pp
хоштете,V-
бъіті,V-
оні,Pd
же,Df
оукорішѧ,V-
і,C-
і,C-
рѣшѧ,V-
тъі,Pp
оученікъ,Nb
есі,V-
того,Pd
мъі,Pp
мосѣові,Ne
есмъ,V-
оученіці,Nb
мъі,Pp
вѣмъі,V-
ѣко,G-
мосѣові,Ne
гла,V-
бъ,Nb
сего,Pd
же,Df
не,Df
вѣмъ,V-
отъкѫдоу,Du
естъ,V-
отъвѣшта,V-
чкъ,Nb
і,C-
рече,V-
імъ,Pp
о,R-
семь,Pd
оубо,Df
дівъно,A-
естъ,V-
ѣко,G-
въі,Pp
не,Df
вѣсте,V-
отъкѫдоу,Du
естъ,V-
і,C-
отврьзе,V-
очі,Nb
моі,Ps
вѣмь,V-
же,Df
ѣко,G-
грѣшьнікъ,Nb
бъ,Nb
не,Df
послоушаетъ,V-
нъ,C-
аште,G-
къто,Px
бгочьтьць,Nb
естъ,V-
і,C-
волѫ,Nb
его,Pp
творітъ,V-
того,Pd
послоушаетъ,V-
отъ,R-
вѣка,Nb
нѣстъ,V-
слъішано,V-
ѣко,G-
къто,Px
отвръзе,V-
очі,Nb
слѣпоу,A-
рожденоу,V-
аште,G-
сь,Pd
не,Df
бі,V-
отъ,R-
ба,Nb
бъілъ,V-
не,Df
моглъ,V-
бі,V-
творіті,V-
нічесоже,Px
отъвѣшташѧ,V-
і,C-
рѣшѧ,V-
емоу,Pp
въ,R-
грѣсѣхъ,Nb
тъі,Pp
роділъ,V-
сѧ,Pk
есі,V-
вьсь,Px
і,C-
тъі,Pp
лі,Du
нъі,Pp
оучіші,V-
ізгънашѧ,V-
же,Df
і,C-
вънъ,Df
слъішавъ,V-
же,Df
іс,Ne
ѣко,G-
ізгънашѧ,V-
і,C-
вънъ,Df
і,C-
обрѣтъ,V-
і,C-
рече,V-
емоу,Pp
тъі,Pp
вѣроуеші,V-
лі,Du
въ,R-
сна,Nb
бжіѣ,A-
отъвѣшта,V-
онъ,Pd
і,C-
рече,V-
і,C-
къто,Pi
естъ,V-
гі,Nb
да,G-
вѣрѫ,Nb
імѫ,V-
вь,R-
него,Pp
рече,V-
же,Df
емоу,Pp
іс,Ne
і,C-
відѣлъ,V-
і,C-
есі,V-
і,C-
глѧі,V-
съ,R-
тобоѭ,Pp
тъ,Pd
естъ,V-
онъ,Pd
же,Df
рече,V-
вѣроуѭ,V-
гі,Nb
і,C-
поклоні,V-
сѧ,Pk
емоу,Pp
і,C-
рече,V-
іс,Ne
на,R-
сѫдъ,Nb
азъ,Pp
въ,R-
міръ,Nb
се,Pd
прідъ,V-
да,G-
не,Df
відѧштеі,V-
відѧтъ,V-
і,C-
відѧштеі,V-
слѣпі,A-
бѫдѫтъ,V-
слъішашѧ,V-
се,Pk
отъ,R-
фарісѣі,Nb
сіі,Pd
сѫштеі,V-
съ,R-
німь,Pp
і,C-
рѣшѧ,V-
емоу,Pp
еда,Du
і,C-
мъі,Pp
слѣпі,A-
есмъ,V-
рече,V-
же,Df
імъ,Pp
іс,Ne
аште,G-
бісте,V-
слѣпі,A-
бъілі,V-
не,Df
бісте,V-
імѣлі,V-
грѣха,Nb
нъінѣ,Df
же,Df
глете,V-
ѣко,G-
відімъ,V-
і,C-
грѣхъ,Nb
вашь,Ps
прѣбъіваетъ,V-
амін,I-
амін,I-
глѭ,V-
вамъ,Pp
не,Df
въходѧі,V-
двьрьмі,Nb
въ,R-
дворъ,Nb
овьчіі,A-
нъ,C-
прѣлазѧі,V-
іноудоу,Df
тъ,Pd
тать,Nb
естъ,V-
і,C-
разбоінікъ,Nb
а,C-
въходѧі,V-
двьрьмі,Nb
пастъірь,Nb
естъ,V-
овцамъ,Nb
семоу,Pd
двьрьнікъ,Nb
отвръзаетъ,V-
і,C-
овьцѧ,Nb
гласъ,Nb
его,Pp
слъішѧтъ,V-
і,C-
своѧ,Pt
овьцѧ,Nb
глашаетъ,V-
по,R-
імені,Nb
і,C-
ізгонітъ,V-
ѧ,Pp
егда,Dq
своѧ,Pt
овьцѧ,Nb
іжденетъ,V-
прѣдъ,R-
німі,Pp
ходітъ,V-
і,C-
овьцѧ,Nb
по,R-
немь,Pp
ідѫтъ,V-
ѣко,G-
вѣдѧтъ,V-
гласъ,Nb
его,Pp
по,R-
тоуждемь,A-
же,Df
не,Df
ідѫтъ,V-
нъ,C-
бѣжѧтъ,V-
отъ,R-
него,Pp
ѣко,G-
не,Df
знаѭтъ,V-
штоуждего,A-
гласа,Nb
сіѭ,Pd
прітъчѫ,Nb
рече,V-
імъ,Pp
іс,Ne
оні,Pd
же,Df
не,Df
разоумѣшѧ,V-
чьто,Pi
бѣашѧ,V-
ѣже,Pr
глашѧ,V-
імъ,Pp
рече,V-
же,Df
імъ,Pp
пакъі,Df
іс,Ne
амін,I-
амін,I-
глѭ,V-
вамъ,Pp
азъ,Pp
есмь,V-
двьрі,Nb
овьцамъ,Nb
вьсі,Px
елікоже,Dq
іхъ,Pp
пріде,V-
прѣжде,R-
мене,Pp
татіе,Nb
сѫтъ,V-
і,C-
разбоініці,Nb
нъ,C-
не,Df
послоушашѧ,V-
іхъ,Pp
овьцѧ,Nb
азъ,Pp
есмь,V-
двьрі,Nb
мъноѭ,Pp
аште,G-
къто,Px
вьнідетъ,V-
спетъ,V-
сѧ,Pk
і,C-
вьнідетъ,V-
і,C-
ізідетъ,V-
і,C-
пажіть,Nb
обрѧштетъ,V-
тать,Nb
не,Df
пріходітъ,V-
нъ,C-
да,G-
оукрадетъ,V-
і,C-
оубіетъ,V-
і,C-
погоубітъ,V-
азъ,Pp
прідъ,V-
да,G-
жівота,Nb
імѫтъ,V-
азъ,Pp
есмь,V-
пастъірь,Nb
добръі,A-
пастъірь,Nb
добръі,A-
полагаетъ,V-
дшѫ,Nb
своѭ,Pt
за,R-
овьцѧ,Nb
а,C-
наімьнікъ,Nb
іже,Pr
нѣстъ,V-
пастъірь,Nb
емоуже,Pr
не,Df
сѫтъ,V-
овьцѧ,Nb
своѧ,Pt
відітъ,V-
влька,Nb
грѧдѫшта,V-
і,C-
оставлѣетъ,V-
овьцѧ,Nb
і,C-
бѣгаетъ,V-
і,C-
влькъ,Nb
расхъітітъ,V-
ѧ,Pp
і,C-
распѫдітъ,V-
овьцѧ,Nb
а,C-
наімьнікъ,Nb
бѣжітъ,V-
ѣко,G-
наімьнікъ,Nb
естъ,V-
і,C-
небрѣжетъ,V-
о,R-
овьцахъ,Nb
азъ,Pp
есмь,V-
пастъірь,Nb
добръі,A-
і,C-
знаѭ,V-
моѧ,Ps
і,C-
знаѭтъ,V-
мѧ,Pp
моѧ,Ps
ѣкоже,Dq
знаетъ,V-
мѧ,Pp
оць,Nb
і,C-
азъ,Pp
знаѭ,V-
оца,Nb
і,C-
дшѫ,Nb
моѭ,Ps
полагаѭ,V-
за,R-
овьцѧ,Nb
і,C-
інъі,Px
овцѧ,Nb
імамь,V-
ѧже,Pr
не,Df
сѫтъ,V-
отъ,R-
двора,Nb
сего,Pd
і,C-
тъі,Pp
мі,Pp
подобаетъ,V-
прівесті,V-
і,C-
глас,Nb
моі,Ps
оуслъішѧтъ,V-
і,C-
бѫдетъ,V-
едіно,Ma
стадо,Nb
і,C-
едінъ,Ma
пастъірь,Nb
сего,Pd
раді,R-
мѧ,Pp
оць,Nb
любітъ,V-
ѣко,G-
азъ,Pp
полагаѭ,V-
дшѫ,Nb
моѭ,Ps
да,G-
пакъі,Df
пріімѫ,V-
ѭ,Pp
нікътоже,Px
възъметъ,V-
еѧ,Pp
отъ,R-
мене,Pp
нъ,C-
азъ,Pp
полагаѭ,V-
о,R-
себѣ,Pk
область,Nb
імамь,V-
положіті,V-
ѭ,Pp
і,C-
область,Nb
імамь,V-
пакъі,Df
пріѧті,V-
ѭ,Pp
сьѭ,Pd
заповѣдь,Nb
пріѧхъ,V-
отъ,R-
оца,Nb
моего,Ps
распьрѣ,Nb
же,Df
пакъі,Df
бъіс,V-
въ,R-
іюдѣіхъ,Nb
за,R-
словеса,Nb
сі,Pd
глахѫ,V-
же,Df
мнозі,A-
отъ,R-
ніхъ,Pp
бѣсъ,Nb
іматъ,V-
і,C-
неістовъ,A-
естъ,V-
чьто,Pi
его,Pp
послоушаете,V-
іні,Px
глахѫ,V-
сіі,Pd
глі,Nb
не,Df
сѫтъ,V-
бѣсъноуѭштаего,V-
сѧ,Pk
еда,Du
бѣсъ,Nb
можетъ,V-
слѣпомъ,A-
очі,Nb
отврѣсті,V-
бъішѧ,V-
же,Df
тогда,Df
свѧшніѣ,Nb
въ,R-
ілмѣхъ,Ne
і,C-
зіма,Nb
бѣ,V-
і,C-
хождаше,V-
іс,Ne
въ,R-
цръкъве,Nb
въ,R-
прітворѣ,Nb
соломоуні,Nb
обідѫ,V-
же,Df
і,C-
іюдѣі,Nb
і,C-
глахѫ,V-
емоу,Pp
доколѣ,Du
дшѧ,Nb
нашѧ,Ps
вьземлеші,V-
аште,G-
тъі,Pp
есі,V-
хъ,Ne
рьці,V-
намъ,Pp
не,Df
обіноуѧ,V-
сѧ,Pk
отъвѣшта,V-
імъ,Pp
іс,Ne
рѣхъ,V-
вамъ,Pp
і,C-
не,Df
вѣроуете,V-
дѣла,Nb
ѣже,Pr
творѭ,V-
азъ,Pp
въ,R-
імѧ,Nb
оца,Nb
моего,Ps
та,Pd
съвѣдѣтельствоуѭтъ,V-
о,R-
мнѣ,Pp
нъ,C-
въі,Pp
не,Df
вѣроуете,V-
нѣсте,V-
бо,Df
отъ,R-
овьць,Nb
моіхъ,Ps
ѣкоже,Dq
рѣхъ,V-
вамъ,Pp
овцѧ,Nb
моѧ,Ps
гласа,Nb
моего,Ps
слоушаѭтъ,V-
і,C-
азъ,Pp
знаѭ,V-
ѧ,Pp
і,C-
по,R-
мьнѣ,Pp
грѧдѫтъ,V-
і,C-
азъ,Pp
жівотъ,Nb
вѣчьнъі,A-
даѭ,V-
імъ,Pp
і,C-
не,Df
погъібнѫтъ,V-
въ,R-
вѣкъ,Nb
і,C-
не,Df
въсхъітітъ,V-
іхъ,Pp
нікътоже,Px
отъ,R-
рѫкъі,Nb
моеѧ,Ps
оць,Nb
моі,Ps
іже,Pr
дастъ,V-
мьнѣ,Pp
боліі,A-
всѣхъ,Px
естъ,V-
і,C-
нікътоже,Px
не,Df
можетъ,V-
въсхъітіті,V-
іхъ,Pp
отъ,R-
рѫкъі,Nb
оца,Nb
моего,Ps
азъ,Pp
і,C-
оць,Nb
едіно,Ma
есвѣ,V-
вьзѧшѧ,V-
же,Df
пакъі,Df
каменіе,Nb
іюдѣі,Nb
да,G-
і,Df
побіѭтъ,V-
і,C-
отъвѣшта,V-
імъ,Pp
іс,Ne
мънога,A-
дѣла,Nb
добраа,A-
ѣвіхъ,V-
вамъ,Pp
отъ,R-
оца,Nb
моего,Ps
за,R-
кое,Pi
іхъ,Pp
дѣло,Nb
каменіе,Nb
на,R-
мѧ,Pp
мештете,V-
отъвѣшташѧ,V-
емоу,Pp
іюдѣі,Nb
глѭште,V-
о,R-
добрѣ,A-
дѣлѣ,Nb
не,Df
мештемъ,V-
каменіѣ,Nb
на,R-
тѧ,Pp
нъ,C-
о,R-
власвіміі,A-
ѣко,G-
тъі,Pp
чкъ,Nb
съі,V-
творіші,V-
сѧ,Pk
самъ,Pd
бъ,Nb
отъвѣшта,V-
імъ,Pp
іс,Ne
нѣстъ,V-
лі,Du
псано,V-
въ,R-
законѣ,Nb
вашемь,Ps
ѣко,G-
азъ,Pp
рѣхъ,V-
бозі,Nb
есте,V-
аште,G-
онъ,Pd
рече,V-
богъі,Nb
къ,R-
німъже,Pr
рече,V-
слово,Nb
бжіе,A-
і,C-
не,Df
могѫтъ,V-
сѧ,Pk
разоріті,V-
кънігъі,Nb
егоже,Pr
оць,Nb
сті,A-
і,C-
посъла,V-
въ,R-
міръ,Nb
въі,Pp
глете,V-
ѣко,G-
власвімлѣеші,V-
зане,G-
рѣхъ,V-
ѣко,G-
снъ,Nb
бжіі,A-
есмь,V-
аште,G-
не,Df
творѫ,V-
дѣлъ,Nb
оца,Nb
моего,Ps
не,Df
емлѣте,V-
мі,Pp
вѣръі,Nb
аште,G-
лі,Df
творѭ,V-
аште,G-
і,C-
мьнѣ,Pp
вѣръі,Nb
не,Df
емлете,V-
дѣломъ,Nb
моімъ,Ps
вѣрѫ,Nb
імѣте,V-
да,G-
разоумѣете,V-
і,C-
вѣроуете,V-
ѣко,G-
въ,R-
мьнѣ,Pp
оць,Nb
і,C-
азъ,Pp
въ,R-
оці,Nb
іскахѫ,V-
же,Df
его,Pp
пакъі,Df
ѧті,V-
ізіде,V-
отъ,R-
рѫкъі,Nb
іхъ,Pp
і,C-
іде,V-
пакъі,Df
на,R-
онъ,Pd
полъ,Nb
іордана,Ne
на,R-
мѣсто,Nb
ідеже,Dq
бѣ,V-
іоанъ,Ne
прѣжде,Df
крьстѧ,V-
і,C-
прѣбъіс,Ne
тоу,Df
і,C-
мнозі,A-
прідѫ,V-
къ,R-
немоу,Pp
і,C-
глаахѫ,V-
ѣко,G-
іоанъ,Ne
оубо,Df
знаменіѣ,Nb
не,Df
сътворі,V-
ні,C-
едьного,Df
же,Df
вьсѣ,Px
еліко,Pr
рече,V-
іоанъ,Ne
о,R-
семь,Pd
істіна,Nb
бѣ,V-
і,C-
мнозі,A-
вѣровашѧ,V-
вь,R-
него,Pp
тоу,Df
бѣ,V-
же,Df
етеръ,Px
болѧ,V-
лазарь,Ne
отъ,R-
вітаніѧ,Ne
градьца,Nb
маріна,A-
і,C-
марътъі,Ma
сестръі,Nb
еѧ,Pp
бѣ,V-
же,Df
маріѣ,Ne
помазавъшіѣ,V-
гѣ,Nb
муромь,Nb
і,C-
отьръші,V-
нозѣ,Nb
его,Pp
власъі,Nb
своімі,Pt
еѧже,Pr
братъ,Nb
лазарь,Ne
болѣаше,V-
посъласте,V-
же,Df
сестрѣ,Nb
его,Pp
къ,R-
немоу,Pp
глѭшті,V-
гі,Nb
се,Pd
егоже,Pr
тъі,Pp
любіші,V-
болітъ,V-
слъішавъ,V-
же,Df
іс,Ne
рече,V-
сі,Pd
болѣзнь,Nb
нѣстъ,V-
къ,R-
съмръті,Nb
нъ,C-
къ,R-
славѣ,Nb
бжі,A-
да,G-
прославітъ,V-
сѧ,Pk
снъ,Nb
бжі,A-
еѭ,Pp
люблѣаше,V-
же,Df
іс,Ne
мартѫ,Ne
і,C-
сестрѫ,Nb
еѧ,Pp
і,C-
лазарѣ,Ne
егда,Dq
же,Df
оуслъіша,V-
ѣко,G-
болітъ,V-
тогда,Df
же,Df
прѣбъістъ,V-
на,R-
немьже,Pr
бѣ,V-
мѣстѣ,Nb
дъва,Ma
дьні,Nb
потомь,Df
же,Df
гла,V-
оученіком,Nb
ідѣмъ,V-
въ,R-
іюдеѭ,Ne
пакъі,Df
глашѧ,V-
емоу,Pp
оученіці,Nb
равві,Nb
нъінѣ,Df
іскахѫ,V-
тебе,Pp
каменіемь,Nb
побіті,V-
іюдеі,Nb
і,C-
пакъі,Df
лі,Du
ідеші,V-
тамо,Df
отъвѣшта,V-
іс,Ne
не,Df
дъва,Ma
лі,Du
на,R-
десѧте,Ma
часа,Nb
есте,V-
въ,R-
дьні,Nb
аште,G-
къто,Px
ходітъ,V-
въ,R-
дьне,Nb
не,Df
потъкнетъ,V-
сѧ,Pk
ѣко,G-
свѣтъ,Nb
міра,Nb
сего,Pd
відітъ,V-
аште,G-
лі,Du
къто,Pi
ходітъ,V-
ноштіѭ,Nb
потъкнетъ,V-
сѧ,Pk
ѣко,G-
свѣта,Nb
нѣстъ,V-
о,R-
немь,Pp
сі,Pd
рече,V-
і,C-
по,R-
семь,Pd
гла,V-
лазарь,Ne
дроугъ,Nb
нашь,Ps
оусъпе,V-
нъ,C-
ідѫ,V-
да,G-
възбоуждѫ,V-
і,C-
рѣшѧ,V-
же,Df
оученіці,Nb
его,Pp
гі,Nb
аште,G-
оусъпе,V-
съпасенъ,V-
бѫдетъ,V-
іс,Ne
же,Df
рече,V-
о,R-
съмръті,Nb
его,Pp
оні,Pd
же,Df
мьнѣшѧ,V-
ѣко,G-
о,R-
оусъпеніі,Nb
сні,Nb
і,C-
съна,Nb
глетъ,V-
тогда,Df
рече,V-
імъ,Pp
іс,Ne
не,Df
обіноуѧ,V-
сѧ,Pk
лазарь,Ne
оумьрѣтъ,V-
і,C-
радоуѭ,V-
сѧ,Pk
васъ,Pp
раді,R-
да,G-
вѣрѫ,Nb
імете,V-
ѣко,G-
не,Df
бѣхъ,V-
тоу,Df
нъ,C-
ідѣмъ,V-
къ,R-
немоу,Pp
рече,V-
же,Df
тома,Ne
наріцаемъі,V-
блізньць,Nb
къ,R-
оученікомъ,Nb
ідѣмъ,V-
і,C-
мъі,Pp
да,G-
оумьремъ,V-
съ,R-
німь,Pp
прішьдъ,V-
же,Df
іс,Ne
въ,R-
вітаніѭ,Ne
обрѣте,V-
і,C-
четъірі,Ma
дьні,Nb
імѫшть,V-
въ,R-
гробѣ,Nb
бѣ,V-
же,Df
вітаніѣ,Ne
блізъ,R-
ілма,Ne
ѣко,G-
д,Ma
і,C-
стадіі,Nb
і,C-
мнозі,A-
же,Df
бѣахѫ,V-
прішьлі,V-
къ,R-
мартѣ,Ne
і,C-
марі,V-
да,G-
оутѣшѧтъ,V-
і,C-
о,R-
братѣ,Nb
ею,Pp
маръта,Ne
же,Df
егда,Dq
оуслъіша,V-
ѣко,G-
іс,Ne
грѧдетъ,V-
сърѣте,V-
і,C-
а,C-
маріѣ,Ne
дома,Df
сѣдѣаше,V-
рече,V-
же,Df
марта,Ne
къ,R-
ісу,Ne
гі,Nb
аште,G-
бі,V-
сьде,Df
бъілъ,V-
не,Df
бі,V-
братъ,Nb
моі,Ps
оумрълъ,V-
нъінѣ,Df
вѣмь,V-
ѣко,G-
егоже,Pr
коліжьдо,Df
просіші,V-
отъ,R-
ба,Nb
дастъ,V-
ті,Pp
бъ,Nb
гла,V-
еі,Pp
іс,Ne
въскръснетъ,V-
братъ,Nb
твоі,Ps
гла,V-
емоу,Pp
марта,Nb
вѣмь,V-
ѣко,G-
въскръснетъ,V-
въ,R-
въскрѣшеніе,Nb
въ,R-
послѣдьні,A-
дьнь,Nb
рече,V-
же,Df
еі,Pp
іс,Ne
азъ,Pp
есмь,V-
въскрѣшеніе,Nb
і,C-
жівотъ,Nb
вѣроуѧі,V-
въ,R-
мѧ,Pp
аште,G-
оумьретъ,V-
ожіветъ,V-
і,C-
всѣкъ,A-
жівъіі,V-
і,C-
вѣроуѧі,V-
въ,R-
мѧ,Pp
не,Df
оумьретъ,V-
въ,R-
вѣкъ,Nb
імеші,V-
лі,Du
вѣрѫ,Nb
семоу,Pd
гла,V-
емоу,Pp
еі,I-
гі,Nb
азъ,Pp
вѣровахъ,V-
ѣко,G-
тъі,Pp
есі,V-
хъ,Ne
снъ,Nb
бжіі,A-
грѧдѧі,V-
въ,R-
міръ,Nb
і,C-
се,Pd
рекъші,V-
іде,V-
і,C-
прізъва,V-
маріѭ,Ne
сестрѫ,Nb
своѭ,Pt
таі,Df
і,C-
рекъші,V-
еі,Pp
оучітель,Nb
се,Pd
естъ,V-
і,C-
зоветъ,V-
тѧ,Pp
она,Pd
же,Df
ѣко,Df
оуслъіша,V-
въста,V-
скоро,Df
і,C-
іде,V-
къ,R-
немоу,Pp
не,Df
бѣ,V-
же,Df
не,Df
оу,R-
іс,Ne
прішьлъ,V-
въ,R-
вьсь,Px
нъ,C-
бѣ,V-
на,R-
мѣстѣ,Nb
еште,Df
ідеже,Dq
сърѣте,V-
і,C-
марта,Nb
іюдеі,Nb
же,Df
сѫштеі,V-
съ,R-
неѭ,Pp
въ,R-
домоу,Nb
і,C-
оутѣшаѭште,V-
ѭ,Pp
відѣвъше,V-
маріѭ,Ne
ѣко,G-
скоро,Df
въста,V-
і,C-
ізіде,V-
по,R-
неі,Pp
ідѫ,V-
глѭште,V-
ѣко,G-
ідетъ,V-
на,R-
гробъ,Nb
і,C-
плачетъ,V-
сѧ,Pk
тоу,Df
маріѣ,Ne
же,Df
ѣко,G-
пріде,V-
ідеже,Dq
бѣ,V-
іс,Ne
відѣвъші,V-
і,C-
паде,V-
емоу,Pp
на,R-
ногоу,Nb
глѭшті,V-
емоу,Pp
гі,Nb
аште,G-
бі,V-
бъілъ,V-
сьде,Df
не,Df
бі,V-
моі,Ps
братъ,Nb
оумрълъ,V-
іс,Ne
же,Df
ѣко,G-
відѣ,V-
ѭ,Pp
плачѫштѫ,V-
сѧ,Pk
і,C-
прішьдъшѧѧ,V-
съ,R-
неѭ,Pp
іюдеѭ,Ne
плачѫштѧ,V-
сѧ,Pk
запрѣті,V-
доухоу,Nb
і,C-
възмѫті,V-
сѧ,Pk
самъ,Pd
і,C-
рече,V-
къде,Du
положісте,V-
і,C-
глашѧ,V-
емоу,Pp
гі,Nb
грѧді,V-
і,C-
віждь,V-
і,C-
просльзі,V-
сѧ,Pk
іс,Ne
глахѫ,V-
же,Df
іюдеі,Nb
віждь,V-
како,Du
люблѣаше,V-
і,C-
етеріі,Px
же,Df
отъ,R-
ніхъ,Pp
рѣшѧ,V-
не,Df
можааше,V-
лі,Du
сь,Pd
отвръзъі,V-
очі,Nb
слѣпоуемоу,A-
сътворіті,V-
да,G-
і,C-
сь,Pd
не,Df
оумьретъ,V-
іс,Ne
же,Df
пакъі,Df
прѣтѧ,V-
вь,R-
себѣ,Pk
пріде,V-
къ,R-
гробоу,Nb
бѣ,V-
же,Df
пешть,Nb
і,C-
камень,Nb
належааше,V-
на,R-
неі,Pp
гла,V-
іс,Ne
възъмѣте,V-
камень,Nb
гла,V-
емоу,Pp
сестра,Nb
оумьръшаего,V-
марта,Nb
гі,Nb
юже,Df
смръдітъ,V-
четврѣдьневьнъ,A-
бо,Df
естъ,V-
гла,V-
еі,Pp
іс,Ne
не,Df
рѣхъ,V-
лі,Du
ті,Pp
ѣко,G-
аште,G-
вѣроуеші,V-
оузьріші,V-
славѫ,Nb
бжіѭ,A-
вьзѧсѧ,V-
же,Df
камень,Nb
іс,Ne
же,Df
вьзведе,V-
очі,Nb
въіспрь,Df
і,C-
рече,V-
оче,Nb
хвалѫ,Nb
тебѣ,Pp
въздаѭ,V-
ѣко,G-
оуслъіша,V-
мѧ,Pp
азъ,Pp
вѣдѣахъ,V-
ѣко,G-
вьсегда,Df
мене,Pp
послоушаеші,V-
нъ,C-
народа,Nb
раді,R-
стоѧштаего,A-
окръстъ,Df
рѣхъ,V-
да,G-
вѣрѫ,Nb
імѫтъ,V-
ѣко,G-
тъі,Pp
мѧ,Pp
посъла,V-
і,C-
се,Pd
рекъ,V-
гласомь,Nb
веліемь,A-
възгласі,V-
лазоре,Nb
грѧді,V-
вънъ,Df
і,C-
абіе,Df
ізіде,V-
оумьръі,Nb
обѧзанъ,V-
ногама,Nb
і,C-
рѫкама,Nb
оукроемь,Nb
і,C-
ліце,Nb
его,Pp
обѧзано,V-
оуброусомь,Ne
гла,V-
імъ,Pp
іс,Ne
раздрѣшіте,V-
і,C-
і,C-
не,Df
дѣіте,V-
его,Pp
іті,V-
мнозі,A-
же,Df
отъ,R-
іюдѣі,Nb
прішьдъшеі,V-
къ,R-
маріі,Ne
відѣвъше,V-
еже,Pr
сътворі,V-
іс,Ne
вѣровашѧ,V-
вь,R-
него,Pp
етері,Px
же,Df
отъ,R-
ніхъ,Pp
ідѫ,V-
къ,R-
фарісѣомъ,Nb
і,C-
рѣшѧ,V-
імъ,Pp
еже,Pr
сътворірі,V-
іс,Ne
събърашѧ,V-
же,Df
архіереі,Nb
і,C-
фарісѣі,Nb
съборъ,Nb
і,C-
глаахѫ,V-
чьто,Pi
сътворімъ,V-
ѣко,G-
чкъ,Nb
сь,R-
знаменіѣ,Nb
многа,A-
творітъ,V-
аште,G-
оставімъ,V-
і,C-
тако,Df
вьсі,Px
вѣрѫ,Nb
імѫтъ,V-
въ,R-
нь,Pp
і,C-
прідѫтъ,V-
рімлѣне,Nb
і,C-
възъмѫтъ,V-
і,C-
мѣсто,Nb
ѧзъікъ,Nb
едінъ,Ma
же,Df
отъ,R-
ніхъ,Pp
каіафа,Ne
архіереі,Nb
съі,V-
лѣтоу,Nb
томоу,Pd
рече,V-
імъ,Pp
въі,Pp
не,Df
вѣсте,V-
нічесоже,Px
ні,C-
помъішлѣете,V-
ѣко,G-
добрѣе,Df
естъ,V-
вамъ,Pp
да,G-
едінъ,Ma
чкъ,Nb
оумьретъ,V-
за,R-
люді,Nb
а,C-
не,Df
вьсь,Px
ѧзъікъ,Nb
погъібнетъ,V-
сего,Pd
же,Df
о,R-
себѣ,Pk
не,Df
рече,V-
нъ,C-
архіереі,Nb
съі,V-
лѣтоу,Nb
томоу,Pd
прорече,V-
ѣко,G-
хотѣаше,V-
іс,Ne
оумьрѣті,V-
за,R-
люді,Nb
і,C-
не,Df
тъкъмо,Df
за,R-
люді,Nb
нъ,C-
і,C-
да,Df
чѧда,Nb
бжіѣ,A-
съберетъ,V-
расточенаа,V-
въ,R-
едіно,Ma
отъ,R-
того,Pd
же,Df
дьне,Nb
съвѣшташѧ,V-
да,G-
і,C-
бѫ,V-
оубілі,V-
іс,Ne
же,Df
къ,R-
томоу,Pd
не,Df
ѣвѣ,Df
хождааше,V-
въ,R-
іюдеіхъ,Nb
нъ,C-
іде,V-
отътѫдоу,Df
въ,R-
странѫ,Nb
блізъ,R-
въ,R-
поустъіні,Nb
въ,R-
ефреомъ,Nb
наріцаемъ,V-
градъ,Nb
і,C-
тоу,Df
жівѣаше,V-
съ,R-
оученікъі,Nb
своімі,Pt
бѣ,V-
же,Df
блізъ,R-
пасха,Nb
іюдеіска,A-
і,C-
вьзідѫ,V-
мнозі,A-
въ,R-
ілмъ,Ne
отъ,R-
странъі,Nb
прѣжде,R-
пасхъі,Nb
да,G-
очістѧтъ,V-
сѧ,Pk
і,C-
іскахѫ,V-
же,Df
іса,Ne
і,C-
глахѫ,V-
къ,R-
себѣ,Pk
въ,R-
цръкъве,Nb
стоѧште,V-
чьто,Pi
сѧ,Pk
мьнітъ,V-
вамъ,Pp
ѣко,G-
не,Df
іматъ,V-
лі,Du
пріті,V-
въ,R-
праздьнікъ,Nb
дашѧ,V-
бо,Df
архіереі,Nb
і,C-
фарісѣі,Nb
заповѣдь,Nb
да,G-
аште,G-
къто,Px
оштоутітъ,V-
і,C-
къде,Du
бѫдетъ,V-
повѣсте,V-
да,G-
імѫтъ,V-
і,C-
іс,Ne
же,Df
прѣжде,R-
шесті,Ma
дьнъ,Nb
пасхъі,Nb
пріде,V-
въ,R-
вітаніѭ,Ne
ідеже,Dq
бѣ,V-
лазарь,Ne
оумьръі,Nb
егоже,Pr
въскрѣсі,V-
отъ,R-
мрътвъіхъ,A-
іс,Ne
сътворішѧ,V-
же,Df
емоу,Pp
вечерѫ,Nb
тоу,Df
і,C-
марта,Nb
слоужааше,V-
лазарь,Ne
же,Df
едінъ,Ma
бѣ,V-
отъ,R-
вьзлежѧштіхъ,V-
съ,R-
німь,Pp
маріѣ,Ne
же,Df
пріімъші,V-
ліврѫ,Nb
хрізмъі,Nb
нарда,Nb
пістікіѧ,Nb
многоцѣннъі,A-
помаза,V-
нозѣ,Nb
ісвѣ,A-
і,C-
отръ,V-
власъі,Nb
своімі,Pt
нозѣ,Nb
его,Pp
храміна,Nb
же,Df
ісплъні,V-
сѧ,Pk
отъ,R-
вонѧ,Nb
хрізмьнъіѧ,A-
гла,V-
же,Df
едінъ,Ma
отъ,R-
оученікъ,Nb
его,Pp
іюда,Ne
сімонъ,Ne
іскаріотьскъі,A-
іже,Pr
і,C-
хотѣаше,V-
прѣдаті,V-
чесо,Px
раді,R-
хрізма,Nb
сі,Pd
не,Df
продана,V-
бъістъ,V-
на,R-
трьхъ,Ma
сътѣхъ,Nb
пѣнѧзь,Nb
і,C-
дана,V-
ніштімъ,A-
се,Pd
же,Df
рече,V-
не,Df
ѣко,G-
о,R-
ніштіхъ,Nb
печааше,V-
сѧ,Pk
нъ,C-
ѣко,G-
тать,Nb
бѣ,V-
і,C-
ковьчежьць,Nb
імъі,V-
і,C-
въметаемаа,A-
ношааше,V-
рече,V-
же,Df
іс,Ne
не,Df
дѣі,V-
еѧ,Pp
да,G-
вь,R-
дьнь,Nb
погребеніѣ,Nb
моего,Ps
съблюдетъ,V-
ѭ,Pp
ніштѧѧ,A-
бо,Df
вьсегда,Df
съ,R-
собоѭ,Pk
імате,V-
а,C-
мене,Pp
не,Df
вьсегда,Df
імате,V-
разоумѣ,V-
же,Df
народъ,Nb
многъ,A-
отъ,R-
іюдеі,Nb
ѣко,G-
тоу,Df
естъ,V-
і,C-
прідѫ,V-
не,Df
іса,Ne
раді,R-
тъкъмо,Df
нъ,C-
да,Df
і,C-
лазарѣ,Ne
відѧтъ,V-
егоже,Pr
въскрѣсі,V-
отъ,R-
мрътвъіхъ,A-
съвѣшташѧ,V-
же,Df
архіереі,Nb
до,R-
і,C-
лазарѣ,Ne
оубіѭтъ,V-
ѣко,G-
мнозі,A-
его,Pp
раді,R-
ідѣахѫ,V-
іюдѣі,Nb
і,C-
вѣровахѫ,V-
въ,R-
іса,Ne
въ,R-
оутрѣі,A-
же,Df
дьнь,Nb
народъ,Nb
многъ,A-
прішьдъі,Nb
въ,R-
праздьнікъ,Nb
слъішавъше,V-
ѣко,G-
іс,Ne
грѧдетъ,V-
въ,R-
ілмъ,Ne
пріѧшѧ,V-
ваі,V-
отъ,R-
фінікъ,Nb
і,C-
ізідѫ,V-
протівѫ,R-
емоу,Pp
і,C-
зъваахѫ,V-
глѭште,V-
осанна,I-
благословенъ,A-
грѧдѧі,V-
въ,R-
імѧ,Nb
гне,A-
црь,Nb
іздраілевъ,A-
обрѣте,V-
же,Df
іс,Ne
осьлѧ,Nb
вьсѣде,V-
на,R-
не,Df
ѣкоже,Dq
естъ,V-
псано,V-
не,Df
боі,V-
сѧ,Pk
дъшті,Nb
сіонова,A-
се,I-
црь,Nb
твоі,Ps
грѧдетъ,V-
сѣдѧ,V-
на,R-
жрѣбѧте,Nb
осълі,A-
сіхъ,Pd
же,Df
не,Df
разоумѣшѧ,V-
оученіці,Nb
его,Pp
прѣжде,Df
нъ,C-
егда,Dq
прославітъ,V-
сѧ,Pk
іс,Ne
тогда,Df
помѣнѫшѧ,V-
ѣко,G-
сі,Pd
бѣшѧ,V-
о,R-
немь,Pp
псана,V-
і,C-
сі,Pd
сътворішѧ,V-
емоу,Pp
съвѣдѣтельствовааше,V-
народъ,Nb
іже,Pr
бѣ,V-
съ,R-
німь,Pp
егда,Dq
лазарѣ,Ne
възгласі,V-
отъ,R-
гроба,Nb
і,C-
въскрѣсі,V-
его,Pp
отъ,R-
мрътвъіхъ,A-
сего,Pd
раді,R-
і,C-
протівѫ,Df
ізіде,V-
емоу,Pp
народъ,Nb
ѣко,G-
слъішашѧ,V-
сътворьша,V-
знаменіѣ,Nb
фарісѣі,Nb
же,Df
рѣшѧ,V-
къ,R-
себѣ,Pk
відіте,V-
ѣко,G-
нікааже,V-
польза,Nb
естъ,V-
се,Pk
вьсь,Px
міръ,Nb
по,R-
немь,Pp
іде,V-
бѣахѫ,V-
же,Df
елліні,Nb
етері,Px
отъ,R-
въшьдъшіхъ,V-
да,G-
поклонѧтъ,V-
сѧ,Pk
въ,R-
праздьнікъ,Nb
сіі,Pd
же,Df
прістѫпішѧ,V-
къ,R-
філіпоу,Ne
іже,Pr
бѣ,V-
отъ,R-
відъсаідъі,Ne
галілѣіскъіѧ,A-
і,C-
молѣахѫ,V-
і,C-
глѭште,V-
гі,Nb
хоштемъ,V-
іса,Ne
відѣті,V-
пріде,V-
філіппъ,Nb
і,C-
гла,V-
аньдрѣові,Ne
і,C-
пакъі,Df
андрѣа,Ne
і,C-
філіпъ,Ne
гласте,V-
ісві,Ne
іс,Ne
же,Df
отъвѣшта,V-
іма,Pp
глѧ,V-
пріде,V-
часъ,Nb
да,G-
прославітъ,V-
сѧ,Pk
снъ,Nb
чскъі,A-
амін,I-
амін,I-
глѭ,V-
вамъ,Pp
аште,G-
зръно,Nb
пьшеньно,A-
не,Df
оумьретъ,V-
падъ,V-
въ,R-
землі,Nb
то,Pd
едіно,Ma
прѣбъіваетъ,V-
аште,G-
лі,Df
оумьретъ,V-
многъ,A-
плодъ,Nb
сътворітъ,V-
любѧі,V-
дшѫ,Nb
своѭ,Pt
погоубітъ,V-
ѭ,Pp
і,C-
ненавідѧі,V-
дшѧ,Nb
своеѧ,Pt
въ,R-
мірѣ,Nb
семь,Pd
въ,R-
жівотѣ,Nb
вѣчьнѣмь,A-
съхранітъ,V-
ѭ,Pp
аште,G-
кто,Px
мнѣ,Pp
слоужітъ,V-
по,R-
мнѣ,Pp
да,G-
ходітъ,V-
ідеже,Dq
есмь,V-
азъ,Pp
тоу,Df
і,C-
слоуга,Nb
моі,Ps
бѫдетъ,V-
і,C-
аште,G-
къто,Px
мьнѣ,Pp
слоужітъ,V-
почьтетъ,V-
і,C-
оць,Nb
нъінѣ,Df
дша,Nb
моѣ,Ps
възмѫті,V-
сѧ,Pk
і,C-
чьто,Pi
рекѫ,V-
оче,Nb
спі,V-
мѧ,Pp
отъ,R-
часа,Nb
сего,Pd
нъ,C-
сего,Pd
раді,R-
прідъ,V-
на,R-
годінѫ,Nb
сіѭ,Pd
оче,Nb
прославі,V-
імѧ,Nb
твое,Ps
пріде,V-
же,Df
глас,Nb
съ,R-
нбсе,Nb
і,C-
прославіхъ,V-
і,C-
пакъі,Df
прославлѫ,V-
народъ,Nb
же,Df
стоѧ,V-
і,C-
слъішавъ,V-
глаахѫ,V-
громъ,Nb
бъістъ,V-
іні,Px
глахѫ,V-
аглъ,Nb
гла,V-
емоу,Pp
отъвѣшта,V-
іс,Ne
і,C-
рече,V-
не,Df
мене,Pp
раді,R-
гласъ,Nb
сь,Pd
бъіс,V-
нъ,C-
народа,Nb
раді,R-
нъінѣ,Df
же,Df
сѫдъ,Nb
естъ,V-
міроу,Nb
семоу,Pd
нъінѣ,Df
кънѧзь,Nb
міра,Nb
сего,Pd
ізгънанъ,V-
бѫдетъ,V-
вънъ,Df
і,C-
азъ,Pp
аште,G-
вьзнесенъ,V-
бѫдѫ,V-
отъ,R-
землѧ,Nb
вьсѧ,Px
прівлѣкѫ,V-
къ,R-
себѣ,Pk
се,Pd
же,Df
глааше,V-
клеплѧ,V-
коеѭ,Pi
съмрътіѭ,Nb
хотѣаше,V-
оумьрѣті,V-
отъвѣшта,V-
емоу,Pp
народъ,Nb
мъі,Pp
слъішахомъ,V-
отъ,R-
закона,Nb
ѣко,G-
хъ,Ne
прѣбъіваетъ,V-
въ,R-
вѣкъ,Nb
і,C-
како,Du
тъі,Pp
глеші,V-
вьзнесті,V-
сѧ,Pk
подобаетъ,V-
сноу,Nb
чскоуемоу,V-
къто,Pi
сь,Pd
естъ,V-
снъ,Nb
чскъі,A-
рече,V-
же,Df
емоу,Pp
іс,Ne
еште,Df
въ,R-
мало,A-
врѣмѧ,Nb
свѣтъ,Nb
въ,R-
васъ,Pp
естъ,V-
ходіте,V-
доньдеже,G-
свѣтъ,Nb
імате,V-
да,G-
тьма,Nb
васъ,Pp
не,Df
іметъ,V-
і,C-
ходѧі,V-
въ,R-
тьмѣ,Nb
не,Df
вѣстъ,V-
камо,Du
ідетъ,V-
доньдеже,G-
свѣтъ,Nb
імате,V-
вѣроуете,V-
въ,R-
свѣтъ,Nb
да,G-
сні,V-
свѣтоу,Nb
бѫдете,V-
сі,Pd
гла,V-
іс,Ne
і,C-
шьдъ,V-
съкръі,V-
сѧ,Pk
отъ,R-
ніхъ,Pp
толіка,Pd
же,Df
знаменіѣ,Nb
сътворьшоу,V-
емоу,Pp
прѣдъ,R-
німі,Pp
не,Df
вѣроваахѫ,V-
емоу,Pp
да,G-
събѫдѫтъ,V-
сѧ,Pk
словеса,Nb
ісаіѧ,Ne
пророка,Nb
еже,Pr
рече,V-
гі,Nb
къто,Pi
вѣрова,V-
слоухоу,Nb
вашемоу,Ps
і,C-
мъішьца,Nb
гнѣ,A-
комоу,Pi
отъкръі,V-
сѧ,Pk
сего,Pd
раді,R-
не,Df
можахѫ,V-
вѣроваті,V-
ѣко,G-
пакъі,Df
рече,V-
ісаіѣ,Ne
ослѣпі,V-
очі,Nb
іхъ,Pp
і,C-
окамѣнілъ,V-
естъ,V-
сръдьца,Nb
іхъ,Pp
да,G-
не,Df
відѧтъ,V-
очіма,Nb
ні,C-
разоумѣѭтъ,V-
сръдьцемь,Nb
і,C-
обратѧтъ,V-
сѧ,Pk
і,C-
іцѣлѫ,V-
ѧ,Pp
сі,Pd
рече,V-
ісаіѣ,Ne
егда,Dq
відѣ,V-
славѫ,Nb
его,Pp
і,C-
гла,V-
о,R-
немь,Pp
обаче,Df
оубо,Df
і,C-
отъ,R-
кънѧзь,Nb
мнозі,A-
вѣровашѧ,V-
вь,R-
него,Pp
нъ,C-
фарісѣі,Nb
раді,R-
не,Df
ісповѣдаахѫ,V-
да,G-
не,Df
і,C-
сънъмішть,Nb
ізгънані,V-
бѫдѫтъ,V-
вьзлюбішѧ,V-
бо,Df
паче,Df
славѫ,Nb
чскѫ,A-
неже,Df
славѫ,Nb
бжіѭ,A-
іс,Ne
же,Df
възъва,V-
і,C-
рече,V-
вѣроуѧі,V-
вь,R-
мѧ,Pp
не,Df
вѣроуетъ,V-
въ,R-
мене,Pp
нъ,C-
въ,R-
посълавъшаего,V-
мѧ,Pp
і,C-
відѧі,V-
мѧ,Pp
відітъ,V-
посълавъшаего,V-
мѧ,Pp
азъ,Pp
свѣтъ,Nb
въ,R-
вьсь,Px
міръ,Nb
прідъ,V-
да,G-
вьсѣкъ,A-
вѣроуѧі,V-
въ,R-
мѧ,Pp
въ,R-
тьмѣ,Nb
не,Df
прѣбѫдетъ,V-
і,C-
аште,G-
кто,Px
оуслъішітъ,V-
глъі,Nb
моѧ,Ps
і,C-
не,Df
съхранітъ,V-
іхъ,Pp
азъ,Pp
не,Df
сѫждѫ,V-
емоу,Pp
не,Df
прідъ,V-
бо,Df
да,G-
сѫждѫ,V-
міроу,Nb
нъ,C-
да,G-
съпасѫ,V-
міръ,Nb
отъмѣтаѧі,V-
сѧ,Pk
мене,Pp
і,C-
не,Df
пріемлѧ,V-
глъ,Nb
моіхъ,Ps
іматъ,V-
сѫдѧштаего,V-
емоу,Pp
слово,Nb
еже,Pr
глахъ,V-
то,Df
сѫдітъ,V-
емоу,Pp
въ,R-
послѣдьні,A-
дьнь,Nb
ѣко,G-
азъ,Pp
о,R-
себѣ,Pk
не,Df
глаахъ,V-
нъ,C-
посълавъі,V-
мѧ,Pp
оць,Nb
тъ,Pd
мьнѣ,Pp
заповѣдь,Nb
дастъ,V-
чьто,Pi
рекѫ,V-
і,C-
чьто,Pi
възглаголѫ,V-
і,C-
вѣмь,V-
ѣко,G-
заповѣдь,Nb
его,Pp
жівотъ,Nb
вѣчьнъі,A-
естъ,V-
ѣже,Pr
оубо,Df
азъ,Pp
глѭ,V-
ѣкоже,Dq
рече,V-
мнѣ,Pp
оць,Nb
тако,Df
глѭ,V-
прѣжде,Df
же,Df
праздьніка,Nb
пасцѣ,Nb
вѣдъі,V-
іс,Ne
ѣко,G-
пріде,V-
емоу,Pp
годіна,Nb
да,G-
і,C-
прѣідетъ,V-
отъ,R-
міра,Nb
сего,Pd
къ,R-
оцоу,Nb
възлюбль,V-
своѧ,Pt
сѫштѧѧ,V-
въ,R-
вьсемь,Px
мірѣ,Nb
до,R-
коньца,Nb
вьзлюбі,V-
ѧ,Pp
і,C-
вечері,Nb
бъівъші,V-
діѣволоу,Nb
юже,Df
въложьшоу,V-
въ,R-
сръдьце,Nb
іюдѣ,Ne
сімоновоу,A-
іскаріотьскоуемоу,V-
да,G-
і,C-
прѣдастъ,V-
вѣдъі,V-
же,Df
іс,Ne
ѣко,G-
вьсѣ,Px
дастъ,V-
емоу,Pp
оць,Nb
въ,R-
рѫцѣ,Nb
і,C-
ѣко,G-
отъ,R-
ба,Nb
ізідъ,V-
і,C-
къ,R-
бу,Nb
грѧдетъ,V-
въста,V-
съ,R-
вечерѧ,Nb
і,C-
положі,V-
різъі,Nb
і,C-
пріімъ,V-
леонтіі,Ne
прѣпоѣса,V-
сѧ,Pk
потомь,Df
же,Df
воліѣ,V-
водѫ,Nb
въ,R-
оумъівальніцѫ,Nb
і,C-
начѧтъ,V-
оумъіваті,V-
нозѣ,Nb
оученікомъ,Nb
і,C-
отіраті,V-
лентіемь,Nb
імьже,Pr
бѣ,V-
прѣпоѣсанъ,V-
пріде,V-
же,Df
къ,R-
сімоноу,Ne
петроу,Ne
і,C-
гла,V-
емоу,Pp
тъ,Pd
гі,Nb
тъі,Pp
лі,Du
моі,Ps
оумъіеші,V-
нозѣ,Nb
отъвѣшта,V-
іс,Ne
і,C-
рече,V-
емоу,Pp
еже,Pr
азъ,Pp
творѫ,V-
тъі,Pp
не,Df
вѣсі,V-
нъінѣ,Df
разоумѣеші,V-
же,Df
по,R-
сіхъ,Pd
гла,V-
емоу,Pp
петръ,Ne
не,Df
оумъіеші,V-
моею,Ps
ногоу,Nb
въ,R-
вѣкъ,Nb
отъвѣшта,V-
емоу,Pp
іс,Ne
аште,G-
не,Df
оумъіѭ,V-
тебе,Pp
не,Df
імаші,V-
чѧсті,Nb
съ,R-
мноѭ,Pp
гла,V-
емоу,Pp
сімонъ,Ne
петръ,Ne
гі,Nb
не,Df
нозѣ,Nb
моі,Ps
тъкъмо,Df
нъ,C-
і,C-
рѫцѣ,Nb
і,C-
главѫ,Nb
гла,V-
емоу,Pp
іс,Ne
ізмъвенъі,V-
не,Df
трѣбоуетъ,V-
тъкъмо,Df
нозѣ,Nb
оумъіті,V-
естъ,V-
бо,Df
вьсь,Px
чістъ,A-
і,C-
въі,Pp
чісті,V-
есте,V-
нъ,C-
не,Df
вьсі,Px
вѣдѣаше,V-
бо,Df
прѣдаѭштаего,V-
і,C-
сего,Pd
раді,R-
рече,V-
ѣко,G-
не,Df
всі,Px
есте,V-
чісті,V-
егда,Dq
оумъі,V-
нозѣ,Nb
іхъ,Pp
і,C-
пріѧтъ,V-
різъі,Nb
своѧ,Pt
і,C-
вьзлеже,V-
пакъі,Df
рече,V-
імъ,Pp
вѣсте,V-
лі,Du
чьто,Pi
сътворіхъ,V-
вамъ,Pp
въі,Pp
глашаете,V-
мѧ,Pp
оучітелѣ,Nb
і,C-
гѣ,Nb
і,C-
добрѣ,Df
глете,V-
есмь,V-
бо,Df
аште,G-
оубо,Df
азъ,Pp
оумъіхъ,V-
ваші,Ps
нозѣ,Nb
гь,Nb
і,C-
оучітель,Nb
і,C-
въі,Pp
длъжьні,A-
есте,V-
дроугъ,Pc
дроугоу,Pc
оумъіваті,V-
нозѣ,Nb
образъ,Nb
дахъ,V-
вамъ,Pp
да,G-
ѣкоже,Dq
азъ,Pp
творіхъ,V-
вамъ,Pp
і,C-
въі,Pp
творіте,V-
амін,I-
амін,I-
глѭ,V-
вамъ,Pp
нѣстъ,V-
рабъ,Nb
болі,Nb
гѣ,Nb
своего,Pt
ні,C-
аполъ,Nb
болі,Nb
посълавъшаего,V-
і,C-
аште,G-
сі,Pd
вѣсте,V-
блажені,A-
есте,V-
аште,G-
творіте,V-
ѣ,Pp
не,Df
о,R-
вьсѣхъ,Px
васъ,Pp
глѭ,V-
азъ,Pp
бо,Df
вѣмь,V-
еже,Pr
ізбърахъ,V-
нъ,C-
да,G-
кънігъі,Nb
събѫдѫтъ,V-
сѧ,Pk
ѣко,G-
ѣдъі,V-
съ,R-
мноѭ,Pp
хлѣбъ,Nb
вьздвігнетъ,V-
на,R-
мѧ,Pp
пѧтѫ,Nb
своѭ,Pt
отъселѣ,Df
глѭ,V-
вамъ,Pp
прѣжде,Df
даже,G-
не,Df
бѫдетъ,V-
да,G-
егда,Dq
бѫдетъ,V-
вѣсте,V-
ѣко,G-
азъ,Pp
есмь,V-
амін,I-
амін,I-
глѭ,V-
вамъ,Pp
пріемлѧі,V-
аште,G-
кого,Pi
посълѭ,V-
мене,Pp
пріемлетъ,V-
а,C-
пріемлѧі,V-
мене,Pp
пріемлетъ,V-
посълавьшаего,V-
мѧ,Pp
сі,Pd
рекъ,V-
іс,Ne
възмѫті,V-
сѧ,Pk
дхомь,Nb
і,C-
съвѣдѣтельствова,V-
і,C-
рече,V-
амін,I-
амін,I-
глѭ,V-
вамъ,Pp
ѣко,G-
едінъ,Ma
отъ,R-
васъ,Pp
прѣдастъ,V-
мѧ,Pp
съзіраахѫ,V-
же,Df
сѧ,Pk
междоу,R-
собоѭ,Pk
оученіці,Nb
недомъіслѧште,V-
о,R-
комь,Pi
глетъ,V-
бѣ,V-
же,Df
вьзлежѧ,V-
едінъ,Ma
отъ,R-
оученікъ,Nb
его,Pp
на,R-
лонѣ,Nb
ісвѣ,A-
егоже,Pr
люблѣаше,V-
іс,Ne
поманѫ,V-
же,Df
семоу,Pd
сімонъ,Ne
петръ,Ne
въпросіті,V-
і,C-
къто,Pi
оубо,Df
естъ,V-
о,R-
немьже,Pr
глетъ,V-
нападъ,V-
же,Df
тако,Df
на,R-
пръсі,Nb
ісвъі,A-
гла,V-
емоу,Pp
гі,Nb
къто,Pi
естъ,V-
отъвѣшта,V-
іс,Ne
тъ,Pd
естъ,V-
емоуже,Pr
азъ,Pp
омочь,V-
хлѣбъ,Nb
подамь,V-
і,C-
омочь,V-
хлѣбъ,Nb
пріѧтъ,V-
і,C-
дастъ,V-
іюдѣ,Ne
сімоноу,Ne
іскаріотьскоумоу,A-
і,C-
по,R-
хлѣбѣ,Nb
тогда,Df
вьніде,V-
въ,R-
нь,Pp
сотона,Nb
гла,V-
емоу,Pp
іс,Ne
еже,Pr
творіші,V-
творі,V-
скоро,Df
сего,Pd
же,Df
нікътоже,Px
не,Df
разоумѣ,V-
вьзлежѧштіхъ,V-
чесо,Px
раді,R-
рече,V-
емоу,Pp
етері,Px
бо,Df
мьнѣахѫ,V-
понеже,G-
ковьчежьць,Nb
імѣаше,V-
іюда,Ne
ѣко,G-
глетъ,V-
емоу,Pp
іс,Ne
коупі,V-
егоже,Pr
трѣбоуемъ,V-
на,R-
праздьнікъ,Nb
лі,Du
ніштімъ,A-
да,G-
нѣчьто,Px
дастъ,V-
пріімъ,V-
же,Df
онъ,Pd
хлѣбъ,Nb
ізіде,V-
абіе,Df
бѣ,V-
же,Df
ношть,Nb
егда,Dq
ізіде,V-
гла,V-
же,Df
іс,Ne
нъінѣ,Df
прославі,V-
сѧ,Pk
снъ,Nb
чскъі,A-
і,C-
бъ,Nb
прославі,V-
сѧ,Pk
о,R-
немь,Pp
аште,G-
бъ,Nb
прославітъ,V-
сѧ,Pk
о,R-
немь,Pp
і,C-
бъ,Nb
прославітъ,V-
і,C-
в,R-
себѣ,Pk
і,C-
абіе,Df
прославітъ,V-
і,C-
чѧдьца,Nb
еште,Df
мало,Df
съ,R-
вамі,Pp
есмь,V-
вьзіштете,V-
мене,Pp
і,C-
ѣкоже,Dq
рѣхъ,V-
іюдѣомъ,Nb
ѣко,G-
ѣможе,Dq
азъ,Pp
ідѫ,V-
въі,Pp
не,Df
можете,V-
пріті,V-
і,C-
вамъ,Pp
глѭ,V-
нъінѣ,Df
заповѣдь,Nb
новѫ,A-
даѭ,V-
вамъ,Pp
да,G-
любіте,V-
дроугъ,Pc
дроуга,Pc
ѣкоже,Dq
вьзлюбіхъ,V-
въі,Pp
да,G-
і,Df
въі,Pp
любіте,V-
дроугъ,Pc
дроуга,Pc
о,R-
семь,Pd
разоумѣѭтъ,V-
всі,Px
ѣко,G-
моі,Ps
оученіці,Nb
есте,V-
аште,G-
любовь,Nb
імате,V-
междоу,R-
собоѭ,Pk
гла,V-
емоу,Pp
сімонъ,Ne
петръ,Ne
гі,Nb
камо,Du
ідеші,V-
отъвѣшта,V-
емоу,Pp
іс,Ne
ѣможе,Dq
азъ,Pp
ідѫ,V-
не,Df
можеші,V-
нъінѣ,Df
по,R-
мьнѣ,Pp
іті,V-
послѣдь,Df
же,Df
по,R-
мнѣ,Pp
ідеші,V-
гла,V-
емоу,Pp
петръ,Ne
гі,Nb
по,R-
чьто,Pi
нъінѣ,Df
по,R-
тебѣ,Pp
не,Df
могѫ,V-
іті,V-
нъінѣ,Df
дшѫ,Nb
моѭ,Ps
за,R-
тѧ,Pp
положѫ,V-
отъвѣшта,V-
емоу,Pp
іс,Ne
дшѫ,Nb
лі,Du
твоѭ,Ps
за,R-
мѧ,Pp
положіші,V-
амін,I-
амін,I-
глѭ,V-
тебѣ,Pp
не,Df
възгласітъ,V-
коуръ,Nb
доньдеже,G-
отъвръжеші,V-
сѧ,Pk
мене,Pp
трі,Ma
кратъі,Nb
да,G-
не,Df
съмѫштаетъ,V-
сѧ,Pk
ваше,Ps
сръдьце,Nb
вѣроуіте,V-
въ,R-
ба,Nb
і,C-
въ,R-
мѧ,Pp
вѣроуіте,V-
въ,R-
домъ,Nb
оца,Nb
моего,Ps
обітѣлі,Nb
многъі,A-
сѫтъ,V-
аште,G-
лі,Df
же,Df
ні,Df
реклъ,V-
бімь,V-
вамъ,Pp
ѣко,G-
ідѫ,V-
оуготоваті,V-
мѣсто,Nb
вамъ,Pp
і,C-
еште,Df
ідѫ,V-
пакъі,Df
прідѫ,V-
і,C-
оуготоваѭ,V-
мѣсто,Nb
вамъ,Pp
і,C-
поімѫ,V-
въі,Pp
къ,R-
себѣ,Pk
да,G-
ідеже,Dq
есмь,V-
азъ,Pp
і,C-
въі,Pp
бѫдете,V-
і,C-
ѣможе,Dq
азъ,Pp
ідѫ,V-
вѣсте,V-
пѫть,Nb
гла,V-
емоу,Pp
тома,Ne
гі,Nb
не,Df
вѣмъ,V-
камо,Du
ідеші,V-
і,C-
како,Du
пѫть,Nb
можемъ,V-
вѣдѣті,V-
гла,V-
емоу,Pp
іс,Ne
азъ,Pp
есмь,V-
пѫть,Nb
і,C-
істіна,Nb
і,C-
жівотъ,Nb
нікътоже,Px
прідетъ,V-
къ,R-
оцоу,Nb
тъкмо,Df
мноѭ,Pp
аште,G-
мѧ,Pp
бісте,V-
зналі,V-
і,C-
оца,Nb
моего,Ps
зналі,V-
бісте,V-
оубо,Df
отъселѣ,Df
познасте,V-
і,C-
і,C-
відѣсте,V-
і,C-
гла,V-
емоу,Pp
філіпъ,Ne
гі,Nb
покажі,V-
намъ,Pp
оца,Nb
і,C-
довьлетъ,V-
намъ,Pp
гла,V-
емоу,Pp
іс,Ne
толіко,Pd
врѣмѧ,Nb
съ,R-
вамі,Pp
есмь,V-
і,C-
не,Df
позна,V-
лі,Du
мене,Pp
філіппе,V-
відѣвъі,V-
мене,Pp
відѣ,V-
оца,Nb
како,Du
тъі,Pp
глеші,V-
покажі,V-
намъ,Pp
оца,Nb
не,Df
вѣроуеші,V-
лі,Du
ѣко,G-
азъ,Pp
въ,R-
оці,Nb
і,C-
оць,Nb
въ,R-
мнѣ,Pp
естъ,V-
глъі,Nb
ѧже,Pr
азъ,Pp
глѭ,V-
вамъ,Pp
о,R-
себѣ,Pk
не,Df
глѭ,V-
оць,Nb
же,Df
прѣбъіваѧі,V-
въ,R-
мьнѣ,Pp
тъ,Pd
творітъ,V-
дѣло,Nb
вѣрѫ,Nb
імѣте,V-
мьнѣ,Pp
ѣко,G-
азъ,Pp
въ,R-
оці,Nb
і,C-
оць,Nb
въ,R-
мьнѣ,Pp
аште,G-
лі,Df
же,Df
ні,C-
за,R-
та,Pd
дѣла,Nb
вѣрѫ,Nb
емлѣте,V-
мі,Pp
амін,I-
амін,I-
глѭ,V-
вамъ,Pp
вѣроуѧі,V-
въ,R-
мѧ,Pp
дѣла,Nb
ѣже,Pr
творѫ,V-
і,C-
тъ,Pd
творітъ,V-
і,C-
больша,A-
творітъ,V-
сіхъ,Pd
ѣко,Df
азъ,Pp
къ,R-
оцоу,Nb
грѧдѫ,V-
і,C-
егоже,Pr
коліжьдо,Df
просіте,V-
въ,R-
імѧ,Nb
мое,Ps
то,Df
створѫ,V-
да,G-
прославітъ,V-
сѧ,Pk
оць,Nb
о,R-
снѣ,Nb
і,C-
аште,G-
чесо,Px
просіте,V-
въ,R-
імѧ,Nb
мое,Ps
то,Df
сътворѫ,V-
аште,G-
любіте,V-
мѧ,Pp
заповѣді,Nb
моѧ,Ps
съблюдѣте,V-
і,C-
азъ,Pp
оумолѫ,Nb
оца,Nb
і,C-
іного,Px
паракліта,Nb
дастъ,V-
вамъ,Pp
да,G-
бѫдетъ,V-
съ,R-
вамі,Pp
въ,R-
вѣкъі,Nb
дхъ,Nb
істінънъі,A-
егоже,Pr
вьсь,Px
міръ,Nb
не,Df
можетъ,V-
пріѧті,V-
ѣко,G-
не,Df
відітъ,V-
его,Pp
ні,C-
знаетъ,V-
его,Pp
въі,Pp
же,Df
знаете,V-
і,C-
ѣко,G-
въ,R-
васъ,Pp
прѣбъіваетъ,V-
і,C-
въ,R-
васъ,Pp
бѫдетъ,V-
не,Df
оставлѭ,V-
васъ,Pp
сіръ,A-
прідѫ,V-
къ,R-
вамъ,Pp
еште,Df
мало,Df
і,C-
вьсь,Px
міръ,Nb
не,Df
відітъ,V-
мене,Pp
въі,Pp
же,Df
відіте,V-
мѧ,Pp
ѣко,G-
азъ,Pp
жівѫ,V-
і,C-
въі,Pp
жіві,V-
бѫдете,V-
въ,R-
тъ,Pd
дьнь,Nb
разоумѣете,V-
въі,Pp
ѣко,G-
азъ,Pp
въ,R-
оці,Nb
моемь,Ps
і,C-
въі,Pp
въ,R-
мьнѣ,Pp
есте,V-
і,C-
азъ,Pp
въ,R-
васъ,Pp
імѣѧі,V-
заповѣді,Nb
моѧ,Ps
і,C-
съблюдаѧ,V-
ѧ,Pp
тъ,Pd
естъ,V-
любѧі,V-
мѧ,Pp
а,C-
любѧі,V-
мѧ,Pp
вьзлюбленъ,V-
бѫдетъ,V-
оцемь,Nb
моімь,Ps
і,C-
азъ,Pp
въжлюблѫ,V-
і,C-
і,C-
ѣвлѭ,V-
сѧ,Pk
емоу,Pp
самъ,Pd
гла,V-
емоу,Pp
іюда,Ne
не,Df
іскаріотьскъі,A-
гі,Nb
то,Pd
бъістъ,V-
ѣко,G-
намъ,Pp
хоштеші,V-
сѧ,Pk
ѣвіті,V-
а,C-
не,Df
вьсемоу,Px
міроу,Nb
отъвѣшта,V-
іс,Ne
і,C-
рече,V-
емоу,Pp
аште,G-
кто,Px
любітъ,V-
мѧ,Pp
слово,Nb
мое,Ps
съблюдетъ,V-
і,C-
оць,Nb
моі,Ps
възлюбітъ,V-
і,C-
і,C-
къ,R-
немоу,Pp
ідевѣ,V-
і,C-
обітѣль,Nb
оу,R-
него,Pp
сътворівѣ,V-
не,Df
любѧі,V-
мене,Pp
і,C-
словесъ,Nb
моіхъ,Ps
не,Df
съблюдаетъ,V-
і,C-
слово,Nb
еже,Pr
слъішасте,V-
нѣстъ,V-
мое,Ps
нъ,C-
посълавъшаего,V-
мѧ,Pp
оца,Nb
сі,Pd
глахъ,V-
вамъ,Pp
въ,R-
васъ,Pp
съі,V-
параклітъ,Nb
же,Df
дхъ,Nb
стъі,A-
егоже,Pr
посълетъ,V-
оць,Nb
въ,R-
імѧ,Nb
мое,Ps
тъ,Pd
въі,Pp
наоучіть,V-
вьсемоу,Px
і,C-
въспомѧнѫтъ,V-
вамъ,Pp
всѣ,Px
ѣже,Pr
рѣхъ,V-
вамъ,Pp
міръ,Nb
оставлѣѭ,V-
вамъ,Pp
міръ,Nb
моі,Ps
даѭ,V-
вамъ,Pp
не,Df
ѣкоже,Dq
вьсь,Px
міръ,Nb
даетъ,V-
азъ,Pp
даѭ,V-
вамъ,Pp
да,G-
не,Df
съмѫштаетъ,V-
сѧ,Pk
сръдьце,Nb
ваше,Ps
ні,C-
оустрашаетъ,V-
слъішасте,V-
ѣко,G-
азъ,Pp
рѣхъ,V-
вамъ,Pp
ідѫ,V-
і,C-
прідѫ,V-
къ,R-
вамъ,Pp
аште,G-
бісте,V-
любілі,V-
мѧ,Pp
въздрадовалі,V-
сѧ,Pk
бісте,V-
оубо,Df
ѣко,G-
ідѫ,V-
къ,R-
оцоу,Nb
ѣко,G-
оць,Nb
болі,Nb
мене,Pp
естъ,V-
і,C-
нъінѣ,Df
рѣхъ,V-
вамъ,Pp
прѣжде,Df
даже,G-
не,Df
бѫдетъ,V-
да,G-
егда,Dq
бѫдетъ,V-
вѣрѫ,Nb
імете,V-
ѣко,G-
азъ,Pp
рѣхъ,V-
вамъ,Pp
юже,Df
не,Df
много,Df
глѭ,V-
съ,R-
вамі,Pp
грѧдетъ,V-
бо,Df
сего,Pd
міра,Nb
кънѧзь,Nb
і,C-
въ,R-
мьнѣ,Pp
не,Df
іматъ,V-
нічесоже,Px
нъ,C-
да,G-
разоумѣетъ,V-
вьсь,Px
міръ,Nb
ѣко,G-
люблѫ,V-
оца,Nb
і,C-
ѣкоже,Dq
заповѣдѣ,V-
мьнѣ,Pp
оць,Nb
тако,Df
творѫ,V-
въстанѣте,V-
ідѣмъ,V-
отъсѫдоу,Df
азъ,Pp
есмь,V-
лоза,Nb
істінънаѣ,A-
і,C-
оць,Nb
моі,Ps
дѣлатель,Nb
естъ,V-
вьсѣкѫ,A-
разгѫ,Nb
о,R-
мьнѣ,Pp
не,Df
творѧштѫ,V-
плода,Nb
ізъметъ,V-
ѭ,Pp
і,C-
вьсѣкѫ,A-
творѧштѫ,V-
плодъ,Nb
отрѣбітъ,V-
ѭ,Pp
да,G-
плодъ,Nb
бол,Nb
сътворітъ,V-
юже,Df
въі,Pp
чісті,V-
есте,V-
за,R-
слово,Nb
еже,Pr
глахъ,V-
вамъ,Pp
бѫдѣте,V-
въ,R-
мьнѣ,Pp
і,C-
азъ,Pp
въ,R-
васъ,Pp
ѣко,G-
бо,Df
розга,Nb
не,Df
можетъ,V-
плода,Nb
творіті,V-
о,R-
себѣ,Pk
аште,G-
не,Df
бѫдетъ,V-
на,R-
лозѣ,Nb
тако,Df
ні,Df
въі,Pp
аште,G-
въ,R-
мьнѣ,Pp
не,Df
прѣбѫдете,V-
азъ,Pp
есмь,V-
лоза,Nb
въі,Pp
раждіе,Nb
іже,Pr
бѫдетъ,V-
въ,R-
мнѣ,Pp
і,C-
азъ,Pp
вь,R-
немь,Pp
сътворітъ,V-
плодъ,Nb
многъ,A-
ѣко,G-
без,R-
мене,Pp
не,Df
можетъ,V-
творіті,V-
нічесоже,Px
аште,G-
кто,Px
въ,R-
мнѣ,Pp
не,Df
прѣбѫдетъ,V-
ізвръжетъ,V-
сѧ,Pk
вънъ,Df
ѣкоже,Dq
розга,Nb
і,C-
ісъшетъ,V-
і,C-
събіраѭтъ,V-
ѭ,Pp
і,C-
въ,R-
огнь,Nb
вълагаѭтъ,V-
аште,G-
прѣбѫдете,V-
въ,R-
мьнѣ,Pp
і,C-
глі,Nb
моі,Ps
въ,R-
васъ,Pp
прѣбѫдѫтъ,V-
емоуже,Pr
коліждо,Df
хоштете,V-
просіте,V-
і,C-
бѫдетъ,V-
вамъ,Pp
о,R-
семь,Pd
бо,Df
прославі,V-
сѧ,Pk
оць,Nb
моі,Ps
да,G-
плодъ,Nb
многъ,A-
сътворіте,V-
і,C-
бѫдете,V-
моі,Ps
оученіці,Nb
ѣкоже,Dq
вьзлюбі,V-
мѧ,Pp
оць,Nb
і,C-
азъ,Pp
възлюбіхъ,V-
въі,Pp
бѫдѣте,V-
въ,R-
любъві,Nb
моеі,Ps
аште,G-
заповѣді,Nb
моѧ,Ps
съблюдете,V-
прѣбѫдете,V-
въ,R-
любъві,Nb
моеі,Ps
ѣкоже,Dq
азъ,Pp
заповѣді,Nb
оца,Nb
моего,Ps
съблюдохъ,V-
і,C-
прѣбъіваѭ,V-
вь,R-
него,Pp
любъве,Nb
се,I-
глахъ,V-
вамъ,Pp
да,G-
радость,Nb
моѣ,Ps
въ,R-
васъ,Pp
бѫдетъ,V-
і,C-
радость,Nb
ваша,Ps
ісплънітъ,V-
сѧ,Pk
сі,Pd
же,Df
естъ,V-
заповѣдь,Nb
моѣ,Ps
да,G-
любіте,V-
дроугъ,Pc
дроуга,Pc
ѣкоже,Dq
възлюбіхъ,V-
въі,Pp
большѧ,A-
сеѧ,Pd
любъве,Nb
не,Df
іматъ,V-
ніктоже,Px
да,G-
кто,Px
дшѫ,Nb
своѭ,Pt
положітъ,V-
за,R-
дроугъі,Nb
своѧ,Pt
въі,Pp
дроузі,Nb
моі,Ps
есте,V-
аште,G-
творіте,V-
еліко,Pr
азъ,Pp
заповѣдаѭ,V-
вамъ,Pp
юже,Df
не,Df
глѭ,V-
вамъ,Pp
робъ,Nb
рабъ,Nb
бо,Df
не,Df
вѣстъ,V-
чьто,Pi
творітъ,V-
гь,Nb
его,Pp
въі,Pp
же,Df
рѣхъ,V-
дроугъі,A-
ѣко,G-
вьсѣ,Px
ѣже,Pr
слъішахъ,V-
отъ,R-
оца,Nb
моего,Ps
съказахъ,V-
вамъ,Pp
не,Df
въі,Pp
мене,Pp
ізбърасте,V-
нъ,C-
азъ,Pp
ізбърахъ,V-
въі,Pp
і,C-
положіхъ,V-
въі,Pp
да,G-
въі,Pp
ідете,V-
і,C-
плодъ,Nb
прінесете,V-
і,C-
плодъ,Nb
вашь,Ps
прѣбѫдетъ,V-
да,G-
егоже,Pr
коліждо,Df
просіте,V-
отъ,R-
оца,Nb
въ,R-
імѧ,Nb
мое,Ps
дастъ,V-
вамъ,Pp
сі,Pd
заповѣдаѭ,V-
вамъ,Pp
да,G-
любіте,V-
дроугъ,Pc
дроуга,Pc
аште,G-
міръ,Nb
васъ,Pp
ненавідітъ,V-
вѣдіте,V-
ѣко,G-
мене,Pp
прѣжде,Df
вьзненавідѣ,V-
аште,G-
отъ,R-
міра,Nb
бъісте,V-
бъілі,V-
міръ,Nb
оубо,Df
своѧ,Pt
любілъ,V-
бі,V-
ѣко,G-
же,Df
отъ,R-
міра,Nb
нѣсте,V-
нъ,C-
азъ,Pp
ізбърахъ,V-
въі,Pp
отъ,R-
міра,Nb
сего,Pd
раді,R-
ненавідітъ,V-
васъ,Pp
міръ,Nb
помьніте,V-
слово,Nb
еже,Pr
азъ,Pp
рѣхъ,V-
вамъ,Pp
нѣстъ,V-
рабъ,Nb
болі,Nb
гѣ,Nb
своего,Pt
аште,G-
мене,Pp
ізгънашѧ,V-
і,C-
васъ,Pp
іжденѫтъ,V-
аште,G-
слово,Nb
мое,Ps
съблюдошѧ,V-
і,C-
ваше,Ps
съблюдѫтъ,V-
нъ,C-
сі,Pd
вьсѣ,Px
творѧтъ,V-
вамъ,Pp
за,R-
імѧ,Nb
мое,Ps
ѣко,G-
не,Df
вѣдѧтъ,V-
посълавъшаего,V-
мѧ,Pp
аште,G-
не,Df
бімь,V-
прішьлъ,V-
і,C-
глалъ,V-
імъ,Pp
грѣха,Nb
не,Df
бѫ,V-
імѣлі,V-
нъінѣ,Df
же,Df
вінъі,Nb
не,Df
імѫтъ,V-
о,R-
грѣсѣ,Nb
своемь,Pt
ненавідѧі,V-
мене,Pp
і,C-
оца,Nb
моего,Ps
ненавідітъ,V-
аште,G-
дѣла,Nb
не,Df
бімь,V-
сътворілъ,V-
вь,R-
ніхъ,Pp
іхъже,Pr
нікътоже,Px
інъ,Px
не,Df
сътворі,V-
грѣха,Nb
не,Df
бѫ,V-
імѣлі,V-
нъінѣ,Df
же,Df
і,C-
відѣшѧ,V-
і,C-
вьзненавідѣшѧ,V-
і,C-
мене,Pp
і,C-
оца,Nb
моего,Ps
нъ,C-
да,G-
събѫдетъ,V-
сѧ,Pk
слово,Nb
псаное,V-
въ,R-
законѣ,Nb
іхъ,Pp
ѣко,G-
вьзненавідѣшѧ,V-
мѧ,Pp
спъіті,Df
егда,Dq
же,Df
прідетъ,V-
параклітъ,Nb
егоже,Pr
посълѭ,V-
вамъ,Pp
отъ,R-
оца,Nb
дхъ,Nb
істіньнъі,A-
іже,Pr
отъ,R-
оца,Nb
ісходітъ,V-
тъ,Pd
съвѣдѣтельствоуетъ,V-
о,R-
мьнѣ,Pp
і,C-
въі,Pp
же,Df
съвѣдѣтельствоуіте,V-
ѣко,G-
ісконі,Df
съ,R-
мноѭ,Pp
есте,V-
сі,Pd
глахъ,V-
вамъ,Pp
да,G-
не,Df
съблазніте,V-
сѧ,Pk
отъ,R-
сънъмішт,Nb
іжденѫтъ,V-
въі,Pp
нъ,C-
прідетъ,V-
годіна,Nb
да,G-
вьсѣкъ,A-
іже,Pr
оубіетъ,V-
въі,Pp
мьнітъ,V-
сі,Pd
слоужьбѫ,Nb
пріносіті,V-
бві,Nb
і,C-
сі,Pd
творѧтъ,V-
вамъ,Pp
ѣко,G-
не,Df
познашѧ,V-
оца,Nb
ні,C-
мене,Pp
нъ,C-
се,I-
глахъ,V-
вамъ,Pp
да,G-
егда,Dq
прідетъ,V-
годіна,Nb
помінаете,V-
сі,Pk
ко,R-
азъ,Pp
рѣхъ,V-
вамъ,Pp
сіхъ,Pd
же,Df
вамъ,Pp
іспръва,Df
не,Df
рѣхъ,V-
ѣко,G-
съ,R-
вамі,Pp
бѣхъ,V-
нъінѣ,Df
же,Df
ідѫ,V-
къ,R-
посълавъшоуемоу,V-
мѧ,Pp
і,C-
ніктоже,Px
отъ,R-
васъ,Pp
не,Df
въпрашаетъ,V-
мене,Pp
камо,Du
ідеші,V-
нъ,C-
ѣко,G-
сі,Pd
глахъ,V-
вамъ,Pp
скръбь,Nb
ісплъні,V-
сръдьца,Nb
ваша,Ps
нъ,C-
азъ,Pp
істінѫ,Nb
глѭ,V-
вамъ,Pp
добрѣе,Df
естъ,V-
вамъ,Pp
да,G-
азъ,Pp
ідѫ,V-
аште,G-
бо,Df
не,Df
ідѫ,V-
азъ,Pp
параклітъ,Nb
не,Df
прідетъ,V-
къ,R-
вамъ,Pp
і,C-
прішьдъ,V-
онъ,Pd
облічітъ,V-
всего,Px
міра,Nb
о,R-
грѣсѣ,Nb
і,C-
о,R-
правдѣ,Nb
і,C-
о,R-
сѫдѣ,Nb
о,R-
грѣсѣ,Nb
оубо,Df
ѣко,G-
не,Df
вѣроуѭтъ,V-
въ,R-
мѧ,Pp
о,R-
правьдѣ,Nb
же,Df
ѣко,G-
къ,R-
оцоу,Nb
ідѫ,V-
і,C-
к,R-
томоу,Pd
не,Df
відіте,V-
мене,Pp
о,R-
сѫдѣ,Nb
же,Df
ѣко,G-
кнѧзь,Nb
міра,Nb
сего,Pd
осѫжденъ,V-
бъіс,V-
еште,Df
много,Df
імамь,V-
глаті,V-
вамъ,Pp
нъ,C-
не,Df
можете,V-
носіті,V-
нъінѣ,Df
егда,Dq
же,Df
прідетъ,V-
онъ,Pd
дхъ,Nb
істіньнъі,A-
наставітъ,V-
въі,Pp
на,R-
всѣкѫ,A-
істінѫ,Nb
не,Df
о,R-
себѣ,Pk
бо,Df
глаті,V-
іматъ,V-
нъ,C-
еліко,Pr
аште,Df
оуслъішітъ,V-
глаті,V-
іматъ,V-
і,C-
грѧдѫштаа,V-
вьзвѣстітъ,V-
вамъ,Pp
онъ,Pd
мѧ,Pp
прославітъ,V-
ѣко,G-
отъ,R-
моего,Ps
прііметъ,V-
і,C-
вьзвѣстітъ,V-
вамъ,Pp
всѣ,Px
еліко,Pr
іматъ,V-
оць,Nb
моѣ,Ps
сѫтъ,V-
сего,Pd
раді,R-
рѣхъ,V-
ѣко,G-
отъ,R-
моего,Ps
прііметъ,V-
і,C-
вьзвѣстітъ,V-
вамъ,Pp
въ,R-
малѣ,A-
і,C-
к,R-
томоу,Pd
не,Df
відітъ,V-
мене,Pp
і,C-
пакъі,Df
въ,R-
малѣ,A-
і,C-
оузьріте,V-
мѧ,Pp
і,C-
ѣко,G-
ідѫ,V-
къ,R-
оцоу,Nb
рѣшѧ,V-
же,Df
і,C-
отъ,R-
оученікъ,Nb
его,Pp
къ,R-
себѣ,Pk
чьто,Pi
се,Pd
естъ,V-
еже,Pr
глетъ,V-
къ,R-
намъ,Pp
въ,R-
малѣ,A-
і,C-
не,Df
відіте,V-
мене,Pp
і,C-
пакъі,Df
въ,R-
малѣ,A-
оузьріте,V-
мѧ,Pp
і,C-
ѣко,G-
ідѫ,V-
къ,R-
оцоу,Nb
глаахѫ,V-
же,Df
чьто,Pi
оубо,Df
естъ,V-
се,Pd
еже,Pr
глетъ,V-
въ,R-
малѣ,A-
не,Df
вѣмъ,V-
чьто,Pi
глетъ,V-
разоумѣ,V-
же,Df
іс,Ne
ѣко,G-
хотѣахѫ,V-
і,C-
въпрашаті,V-
і,C-
рече,V-
імъ,Pp
о,R-
семь,Pd
лі,Du
сътѧзаете,V-
сѧ,Pk
междоу,R-
собоѭ,Pk
ѣко,G-
рѣхъ,V-
въ,R-
малѣ,A-
і,C-
не,Df
відіте,V-
мене,Pp
і,C-
пакъі,Df
въ,R-
малѣ,A-
оузьріте,V-
мѧ,Pp
амін,I-
амін,I-
глѭ,V-
вамъ,Pp
ѣко,G-
въсплачете,V-
сѧ,Pk
і,C-
въздръідаете,V-
въі,Pp
а,C-
вьсь,Px
міръ,Nb
въздрадоуетъ,V-
сѧ,Pk
въі,Pp
же,Df
печальні,A-
бѫдете,V-
нъ,C-
печаль,Nb
ваша,Ps
въ,R-
радость,Nb
бѫдетъ,V-
жена,Nb
егда,Dq
раждаетъ,V-
печаль,Nb
іматъ,V-
ѣко,G-
пріде,V-
годъ,Nb
еѧ,Pp
егда,Dq
же,Df
родітъ,V-
отрочѧ,Nb
къ,R-
томоу,Pd
не,Df
помьнітъ,V-
скръбі,Nb
за,R-
радость,Nb
ѣко,G-
роді,V-
сѧ,Pk
чкъ,Nb
въ,R-
міръ,Nb
і,C-
въі,Pp
же,Df
оубо,Df
нъінѣ,Df
печальні,A-
бѫдете,V-
пакъі,Df
же,Df
зьрѫ,V-
въі,Pp
і,C-
въздрадоуетъ,V-
сѧ,Pk
сръдьце,Nb
ваше,Ps
і,C-
радості,Nb
вашеѧ,Ps
нікътоже,Px
не,Df
възъметъ,V-
отъ,R-
васъ,Pp
і,C-
въ,R-
тъ,Pd
дьнь,Nb
мене,Pp
не,Df
въпросіте,V-
нічесоже,Px
амін,I-
амін,I-
глѭ,V-
вамъ,Pp
аште,G-
чесо,Px
просіте,V-
оу,R-
оца,Nb
въ,R-
імѧ,Nb
мое,Ps
дастъ,V-
вамъ,Pp
доселѣ,Df
не,Df
просісте,V-
нічесоже,Px
въ,R-
імѧ,Nb
мое,Ps
просіте,V-
і,C-
пріімете,V-
да,G-
радость,Nb
ваша,Ps
ісплънена,V-
бѫдетъ,V-
сі,Pk
въ,R-
прітъчахъ,Nb
глахъ,V-
вамъ,Pp
прідетъ,V-
годіна,Nb
егда,Dq
к,R-
томоу,Pd
въ,R-
прітъчахъ,Nb
не,Df
глѭ,V-
вамъ,Pp
нъ,C-
не,Df
обіноуѧ,V-
сѧ,Pk
о,R-
оці,Nb
вьзвѣштѫ,V-
вамъ,Pp
въ,R-
тъ,Pd
дьнь,Nb
въ,R-
імѧ,Nb
мое,Ps
въспросіте,V-
і,C-
не,Df
глѭ,V-
вамъ,Pp
ѣко,G-
азъ,Pp
оумолѭ,V-
оца,Nb
о,R-
васъ,Pp
самъ,Pd
бо,Df
оць,Nb
любітъ,V-
въі,Pp
ѣко,G-
въі,Pp
мене,Pp
вьзлюбісте,V-
і,C-
вѣровасте,V-
ѣко,G-
отъ,R-
ба,Nb
ізідъ,V-
ізідъ,V-
отъ,R-
оца,Nb
і,C-
прідъ,V-
въ,R-
вьсь,Px
міръ,Nb
пакъі,Df
оставлѣѭ,V-
вьсь,Px
міръ,Nb
і,C-
ідѫ,V-
къ,R-
оцоу,Nb
глашѧ,V-
емоу,Pp
оученіці,Nb
его,Pp
се,Pd
нъінѣ,Df
обіноуѧ,V-
сѧ,Pk
глеші,V-
а,C-
прітъчѧ,Nb
ні,C-
едіноѧ,Ma
же,Df
глеші,V-
нъінѣ,Df
вѣмъ,V-
ѣко,G-
вѣсі,V-
всѣ,Px
і,C-
не,Df
трѣбоуеші,V-
да,G-
къто,Px
тѧ,Pp
въпрашаетъ,V-
о,R-
семь,Pd
вѣроуемъ,V-
ѣко,G-
отъ,R-
ба,Nb
есі,V-
ішьлъ,V-
отъвѣшта,V-
імъ,Pp
іс,Ne
нъінѣ,Df
лі,Du
вѣроуете,V-
се,Pd
грѧдетъ,V-
годіна,Nb
і,C-
нъінѣ,Df
пріде,V-
да,G-
разідетъ,V-
сѧ,Pk
кождо,Px
въ,R-
своѣ,Pt
і,C-
мене,Pp
едіного,Ma
оставіте,V-
і,C-
нѣсмь,V-
едінъ,Ma
ѣко,Df
оць,Nb
съ,R-
мноѭ,Pp
естъ,V-
сі,Pd
глахъ,V-
вамъ,Pp
да,G-
въ,R-
мьнѣ,Pp
міръ,Nb
імате,V-
въ,R-
всемь,Px
мірѣ,Nb
скръбьні,A-
бѫдете,V-
нъ,C-
дръзаіте,V-
азъ,Pp
побѣбѣдіхъ,V-
всего,Px
міра,Nb
сі,Pd
гла,V-
іс,Ne
і,C-
възведе,V-
очі,Nb
своі,Pt
на,R-
нбо,Nb
і,C-
рече,V-
оче,Nb
пріде,V-
часъ,Nb
прославі,V-
сна,Nb
своего,Pt
до,R-
і,C-
снъ,Nb
твоі,Ps
прославітъ,V-
тѧ,Pp
ѣкоже,Dq
далъ,V-
емоу,Pp
есі,V-
власть,Nb
вьсѣкоѧ,A-
плъті,Nb
да,G-
всѣко,A-
еже,Pr
емоу,Pp
есі,V-
далъ,V-
дастъ,V-
імъ,Pp
жівота,Nb
вѣчьнаго,A-
се,Pd
же,Df
естъ,V-
вѣчьнъі,A-
жівотъ,Nb
да,G-
знаѭтъ,V-
тебе,Pp
едіного,Ma
істіньнаго,A-
ба,Nb
і,C-
егоже,Pr
посъла,V-
іу,Ne
ха,Ne
азъ,Pp
прославіхъ,V-
тѧ,Pp
на,R-
землі,Nb
дѣло,Nb
съвръшіхъ,V-
еже,Pr
далъ,V-
есі,V-
мьнѣ,Pp
да,G-
сътворѭ,V-
і,C-
нъінѣ,Df
прославі,V-
мѧ,Pp
оче,Nb
оу,R-
тебе,Pp
самого,Pd
славѫ,Nb
ѭже,Pr
імѣхъ,V-
прѣжде,Df
даже,G-
не,Df
бъіс,V-
оу,R-
тебе,Pp
вьсь,Px
міръ,Nb
ѣвіхъ,V-
імѧ,Nb
твое,Ps
чкомъ,Nb
ѧже,Pr
далъ,V-
есі,V-
мьнѣ,Pp
отъ,R-
вьсего,Px
міра,Nb
твоі,Ps
бѣшѧ,V-
і,C-
мьнѣ,Pp
ѧ,Pp
далъ,V-
есі,V-
і,C-
слово,Nb
твое,Ps
съхранішѧ,V-
нъінѣ,Df
разоумѣшѧ,V-
ѣко,G-
всѣ,Px
еліко,Pr
далъ,V-
есі,V-
мьнѣ,Pp
отъ,R-
тебе,Pp
сѫтъ,V-
ѣко,G-
глъі,Nb
ѧже,Pr
дастъ,V-
мьнѣ,Pp
дахъ,V-
імъ,Pp
і,C-
ті,Pp
пріѧшѧ,V-
і,C-
разоумѣшѧ,V-
въ,R-
істінѫ,Nb
ѣко,G-
отъ,R-
тебе,Pp
ізідъ,V-
і,C-
вѣровашѧ,V-
ѣко,G-
тъі,Pp
мѧ,Pp
посъла,V-
азъ,Pp
о,R-
сіхъ,Pd
молѭ,V-
не,Df
о,R-
вьсемь,Px
мірѣ,Nb
молѭ,V-
нъ,C-
о,R-
сіхъ,Pd
ѧже,Pr
далъ,V-
есі,V-
мьнѣ,Pp
ѣко,G-
твоі,Ps
сѫтъ,V-
і,C-
моѣ,Ps
вьсѣ,Px
твоѣ,Ps
сѫтъ,V-
і,C-
твоѣ,Ps
моѣ,Ps
і,C-
прославіхъ,V-
сѧ,Pk
вь,R-
ніхъ,Pp
і,C-
к,R-
томоу,Pd
нѣсмь,V-
въ,R-
всемь,Px
мірѣ,Nb
і,C-
і,C-
сіі,Pd
въ,R-
всемь,Px
мірѣ,Nb
сѫтъ,V-
і,C-
азъ,Pp
къ,R-
тебѣ,Pp
грѧдѫ,V-
дѧтъ,V-
славѫ,Nb
моѭ,Ps
ѭже,Pr
далъ,V-
есі,V-
мьнѣ,Pp
ѣко,G-
вьзлюбілъ,V-
мѧ,Pp
есі,V-
прѣжде,Df
съложеніѣ,Nb
всего,Px
міра,Nb
оче,Nb
правьдънъі,A-
і,C-
вьсь,Px
міръ,Nb
тебе,Pp
не,Df
позна,V-
азъ,Pp
же,Df
тѧ,Pp
познахъ,V-
і,C-
сіі,Pd
познашѧ,V-
ѣко,G-
тъі,Pp
мѧ,Pp
посъла,V-
і,C-
съказахъ,V-
імъ,Pp
імѧ,Nb
твое,Ps
і,C-
съкажѫ,V-
да,G-
любъі,Nb
еѭже,Pr
мѧ,Pp
есі,V-
вьзлюбілъ,V-
вь,R-
ніхъ,Pp
бѫдетъ,V-
і,C-
азъ,Pp
вь,R-
ніхъ,Pp
сі,Pd
рекъ,V-
іс,Ne
ізіде,V-
съ,R-
оученікъі,Nb
своімі,Pt
на,R-
онъ,Pd
полъ,Nb
острова,A-
кедрьска,A-
ідеже,Dq
бѣ,V-
врътъ,Nb
въ,R-
ньже,Pr
вьніде,V-
самъ,Pd
і,C-
оученіці,Nb
его,Pp
вѣдѣаше,V-
же,Df
іюда,Ne
іже,Pr
і,C-
прѣдаше,V-
мѣсто,Nb
ѣко,G-
множіцеѭ,Df
събіраше,V-
сѧ,Pk
іс,Ne
тоу,Df
съ,R-
оученікъі,Nb
своімі,Pt
іюда,Ne
же,Df
прімъ,V-
спірѫ,Nb
і,C-
отъ,R-
архіереі,Nb
і,C-
фарісѣі,Nb
слоугъі,Nb
пріде,V-
тамо,Df
съ,R-
свѣтілъі,Nb
і,C-
свѣштамі,Nb
і,C-
орѫжіі,Nb
іс,Ne
же,Df
вѣдъі,V-
вьсѣ,Px
грѧдѫшта,V-
на,R-
нь,Pp
ішьдъ,V-
рече,V-
імъ,Pp
кого,Pi
іштете,V-
отъвѣшташѧ,V-
емоу,Pp
іса,Ne
назарѣа,Nb
гла,V-
імъ,Pp
іс,Ne
азъ,Pp
есмь,V-
стоѣаше,V-
же,Df
іюда,Ne
іже,Pr
і,C-
прѣдааше,V-
съ,R-
німі,Pp
да,G-
ѣко,Df
рече,V-
імъ,Pp
азъ,Pp
есмь,V-
ідѫ,V-
вьспѧть,Df
і,C-
падѫ,V-
на,R-
землі,Nb
пакъі,Df
же,Df
ѧ,Pp
въпросі,V-
іс,Ne
кого,Pi
іштете,V-
оні,Pd
же,Df
рѣшѧ,V-
іса,Ne
назарѣа,Nb
отъвѣшта,V-
іс,Ne
рѣхъ,V-
вамъ,Pp
ѣко,G-
азъ,Pp
есмь,V-
аште,G-
оубо,Df
мене,Pp
іштете,V-
не,Df
дѣіте,V-
сіхъ,Pd
іті,V-
да,G-
събѫдетъ,V-
сѧ,Pk
слово,Nb
еже,Pr
рече,V-
ѣко,G-
ѧже,Pr
далъ,V-
есі,V-
мьнѣ,Pp
не,Df
погоубіхъ,V-
нікогоже,Px
отъ,R-
ніхъ,Pp
сімонъ,Ne
же,Df
петръ,Ne
імъі,V-
ножь,Nb
ізвлѣче,V-
і,C-
і,C-
оударі,V-
архіереова,A-
раба,Nb
і,C-
оурѣза,V-
емоу,Pp
оухо,Nb
десное,A-
бѣ,V-
же,Df
імѧ,Nb
рабоу,Nb
малхъ,Ne
рече,V-
же,Df
іс,Ne
петрові,Ne
въньзі,V-
ножь,Nb
въ,R-
ножьніцѧ,Nb
чашѫ,Nb
ѭже,Pr
дастъ,V-
мьнѣ,Pp
оць,Nb
не,Df
імамь,V-
лі,Du
піті,V-
еѧ,Pp
спіра,Nb
же,Df
і,C-
тъісѫштьнікъ,Nb
і,C-
слоугъі,Nb
іюдѣіскъі,A-
ѧшѧ,V-
іса,Ne
і,C-
съвѧзашѧ,V-
і,Pp
і,C-
ведошѧ,V-
і,C-
къ,R-
аннѣ,Ne
прьвѣе,R-
кѫѭ,Px
рѣчь,Nb
пріносіте,V-
на,R-
чка,Nb
сего,Pd
отъвѣшташѧ,V-
же,Df
і,C-
рѣшѧ,V-
емоу,Pp
аште,G-
не,Df
бі,V-
бъілъ,V-
сь,R-
зълодѣі,Nb
не,Df
біхомъ,V-
прѣдалі,V-
его,Pp
тебѣ,Pp
рече,V-
же,Df
імъ,Pp
пілатъ,Ne
поімѣте,V-
і,C-
въі,Pp
і,C-
по,R-
законоу,Nb
вашемоу,Ps
сѫдіте,V-
емоу,Pp
рѣшѧ,V-
же,Df
емоу,Pp
іюдѣі,Ne
намъ,Pp
не,Df
достоітъ,V-
нікогоже,Px
оубіті,V-
да,G-
слово,Nb
ісво,A-
събѫдетъ,V-
сѧ,Pk
еже,Pr
рече,V-
клеплѧ,V-
коеѭ,Pi
съмрътіѭ,Nb
хотѣа,A-
оумьрѣті,V-
вьніде,V-
же,Df
пакъі,Df
пілатъ,Ne
въ,R-
преторъ,Nb
і,C-
гласі,Nb
іса,Ne
і,C-
рече,V-
емоу,Pp
тъі,Pp
лі,Du
есі,V-
црь,Nb
іюдеіскъ,A-
отъвѣшта,V-
емоу,Pp
іс,Ne
о,R-
себѣ,Pk
лі,C-
се,I-
т,Ma
глеші,V-
лі,Du
іні,Px
тебѣ,Pp
рѣшѧ,V-
о,R-
мьнѣ,Pp
отъвѣшта,V-
пілатъ,Ne
еда,Du
азъ,Pp
жідовінъ,Nb
есмь,V-
родъ,Nb
твоі,Ps
і,C-
архіереі,Nb
прѣдашѧ,V-
тѧ,Pp
мнѣ,Pp
чьто,Pi
есі,V-
сътворілъ,V-
отъвѣшта,V-
іс,Ne
црсо,Nb
мое,Ps
нѣстъ,V-
отъ,R-
сего,Pd
міра,Nb
аште,G-
отъ,R-
сего,Pd
міра,Nb
бі,V-
бъіло,V-
црсо,Nb
мое,Ps
слоугъі,Nb
оубо,Df
моѧ,Ps
подвізалъі,V-
сѧ,Pk
бъішѧ,V-
да,G-
не,Df
прѣданъ,V-
бімь,V-
іюдеомъ,Nb
нъінѣ,Df
же,Df
црсо,Nb
мое,Ps
нѣстъ,V-
отъсѫдоу,Df
рече,V-
же,Df
емоу,Pp
пілатъ,Ne
оубо,Df
црь,Nb
лі,Du
есі,V-
тъі,Pp
отъвѣшта,V-
іс,Ne
тъі,Pp
глеші,V-
ѣко,G-
црь,Nb
есмь,V-
азъ,Pp
азъ,Pp
на,R-
се,Pd
родіхъ,V-
сѧ,Pk
і,C-
на,R-
се,Pd
прідъ,V-
въ,R-
вьсь,Px
міръ,Nb
да,G-
съвѣдѣтельствоуѭ,V-
о,R-
істінѣ,Nb
вьсѣкъ,A-
іже,Pr
естъ,V-
отъ,R-
істінъі,Nb
послоушаетъ,V-
гласа,Nb
моего,Ps
гла,V-
емоу,Pp
пілатъ,Ne
чьто,Pi
естъ,V-
істіна,Nb
і,C-
се,Pd
рекъ,V-
пакъі,Df
ізіде,V-
къ,R-
іюдеомъ,Nb
і,C-
гла,V-
імъ,Pp
азъ,Pp
ні,C-
едіноѧ,Ma
вінъі,Nb
не,Df
обрѣтаѭ,V-
вь,R-
немь,Pp
естъ,V-
же,Df
объічаі,Nb
вамъ,Pp
да,G-
едіного,Ma
вамъ,Pp
отъпоуштѫ,V-
на,R-
пасхѫ,Nb
хоштете,V-
лі,Du
оубо,Df
да,G-
отъпоуштѫ,V-
вамъ,Pp
црѣ,Nb
іюдеіска,A-
възъпішѧ,V-
же,Df
всі,Px
глѭште,V-
не,Df
сего,Pd
нъ,C-
вараавѫ,Ne
бѣ,V-
же,Df
вараава,Ne
разбоінікъ,Nb
тогда,Df
же,Df
пілатъ,Ne
поѧтъ,V-
іса,Ne
і,C-
бі,V-
і,C-
і,C-
воіні,Nb
съплетъше,V-
отъ,R-
тръніѣ,Nb
вѣньць,Nb
възложішѧ,V-
на,R-
главѫ,Nb
емоу,Pp
і,C-
въ,R-
різѫ,Nb
прапрѫдьнѫ,A-
облѣшѧ,V-
і,C-
і,C-
похождаахѫ,V-
къ,R-
немоу,Pp
і,C-
глаахѫ,V-
радоуі,V-
сѧ,Pk
црю,Nb
іюдеіскъ,A-
і,C-
біѣахѫ,V-
і,C-
по,R-
ланітама,Nb
ізіде,V-
же,Df
пакъі,Df
пілатъ,Ne
вънъ,Df
і,C-
гла,V-
імъ,Pp
се,Pd
ізвождѫ,V-
і,C-
вамъ,Pp
вънъ,Df
да,G-
разоумѣете,V-
ѣко,G-
вь,R-
немь,Pp
вінъі,Nb
не,Df
обрѣтаѭ,V-
ізіде,V-
іс,Ne
вънъ,Df
носѧ,V-
тръновъ,A-
вѣньць,Nb
і,C-
прапрѫдьнѫ,A-
різѫ,Nb
і,C-
гла,V-
імъ,Pp
се,I-
чкъ,Nb
егда,Dq
же,Df
відѣшѧ,V-
і,C-
архіереі,Nb
і,C-
слоугъі,Nb
възъпішѧ,V-
глѭште,V-
пропьні,V-
пропьні,V-
гла,V-
імъ,Pp
пілатъ,Ne
поімѣте,V-
въі,Pp
і,C-
пропьнѣте,V-
азъ,Pp
бо,Df
не,Df
обрѣтаѭ,V-
вь,R-
немь,Pp
вінъі,Nb
отъвѣшташѧ,V-
емоу,Pp
іюдеі,Nb
мъі,Pp
законъ,Nb
імамъ,V-
і,C-
по,R-
законоу,Nb
нашемоу,Ps
длъжьнъ,A-
естъ,V-
оумьрѣті,V-
ѣко,G-
снъ,Nb
бжіі,A-
творітъ,V-
сѧ,Pk
егда,Dq
же,Df
слъіша,V-
пілатъ,Ne
се,I-
слово,Nb
паче,Df
оубоѣ,V-
сѧ,Pk
і,C-
вьніде,V-
въ,R-
пріторъ,Ne
пакъі,Df
і,C-
гла,V-
ісві,Ne
пілатъ,Ne
же,Df
гла,V-
пакъі,Df
ісві,Ne
отъкѫдоу,Du
есі,V-
тъі,Pp
і,C-
іс,Ne
отъвѣта,Nb
не,Df
сътворі,V-
емоу,Pp
гла,V-
же,Df
емоу,Pp
пілатъ,Ne
мьнѣ,Pp
лі,Du
не,Df
глеші,V-
не,Df
вѣсі,V-
лі,Du
ѣко,G-
власть,Nb
імамь,V-
пропѧті,V-
тѧ,Pp
і,C-
власть,Nb
імамь,V-
поустіті,V-
тѧ,Pp
отъвѣшта,V-
іс,Ne
не,Df
імаші,V-
області,Nb
на,R-
мьнѣ,Pp
нікоѧже,Px
аште,G-
не,Df
бі,V-
ті,Pp
дано,V-
съвъіше,Df
сего,Pd
раді,R-
прѣдавъі,V-
мѧ,Pp
тебѣ,Pp
болі,Nb
грѣхъ,Nb
іматъ,V-
овъ,Pd
того,Pd
пілатъ,Ne
іскаше,V-
поустіті,V-
і,C-
жідове,Nb
же,Df
въпіѣхѫ,V-
глѭште,V-
аште,G-
сего,Pd
поустіші,V-
нѣсі,V-
дроугъ,Nb
кесареві,Nb
вьсѣкъ,A-
іже,Pr
сѧ,Pk
творітъ,V-
црь,Nb
протівітъ,V-
сѧ,Pk
кесареві,Nb
пілатъ,Ne
же,Df
слъішавъ,V-
та,Pd
словеса,Nb
ізведе,V-
вънъ,Df
іса,Ne
і,C-
сѣде,V-
на,R-
сѫдішті,Nb
на,R-
мѣстѣ,Nb
наріцаемѣмь,V-
літостратѫ,V-
еврѣіскъі,Df
же,Df
гаваата,V-
бѣ,V-
же,Df
параскевьгі,Nb
пасцѣ,Nb
годіна,Nb
бѣ,V-
ѣко,G-
третіѣѣ,Nb
і,C-
гла,V-
імъ,Pp
се,I-
црь,Nb
вашь,Ps
оні,Pd
же,Df
въпіѣхѫ,V-
възьмі,V-
възъмі,V-
пропьні,V-
і,C-
гла,V-
імъ,Pp
пілатъ,Ne
црѣ,Nb
лі,Du
вашего,Ps
пропьнѫ,V-
отъвѣшташѧ,V-
архіереі,Nb
не,Df
імамъ,V-
црѣ,Nb
тъкмо,Df
кесарѣ,Nb
тогда,Df
же,Df
і,C-
прѣдастъ,V-
імъ,Pp
да,G-
і,Df
пропьнѫтъ,V-
оні,Pd
же,Df
поемъше,V-
і,C-
вѣсѧ,V-
і,C-
самъ,Pd
сі,Pd
несъі,V-
крстъ,Nb
ізіде,V-
же,Df
въ,R-
наріцамое,Pd
краніево,A-
мѣсто,Nb
еже,Pr
глетъ,V-
сѧ,Pk
еврѣіскъі,Df
голъгота,Ne
іде,V-
і,C-
пропѧсѧ,V-
і,C-
съ,R-
німь,Pp
іна,Px
дъва,Ma
сѫдоу,Nb
і,C-
овѫдоу,Df
посрѣдѣ,R-
же,Df
іса,Ne
напса,V-
же,Df
і,C-
тітьлъ,A-
пілатъ,Ne
і,C-
положі,V-
і,C-
на,R-
крстѣ,Nb
бѣ,V-
же,Df
напсано,V-
іс,Ne
назарѣі,Nb
црь,Nb
іюдѣіскъ,A-
сего,Pd
же,Df
тітъла,A-
мнозі,A-
чішѧ,V-
отъ,R-
іюдѣі,Nb
ѣко,G-
блізъ,Df
бѣ,V-
мѣсто,Nb
града,Nb
ідеже,Dq
пропѧшѧ,V-
іса,Ne
і,C-
бѣ,V-
напсано,V-
евреіскъі,Df
і,C-
грьчьскъі,Df
латіньскъі,Df
глаахѫ,V-
же,Df
пілатові,Ne
архіереі,Nb
іюдѣісці,A-
не,Df
піші,V-
црь,Nb
іюдеіскъ,A-
отъвѣшта,V-
пілатъ,Ne
еже,Pr
псахъ,V-
псахъ,V-
воіні,Nb
же,Df
егда,Dq
пропѧшѧ,V-
іса,Ne
пріѧшѧ,V-
різъі,Nb
его,Pp
і,C-
сътворішѧ,V-
четъірі,Ma
чѧсті,Nb
комоуждо,Px
воіноу,Nb
чѧсть,Nb
і,C-
хітонъ,Nb
бѣ,V-
же,Df
хітонъ,Nb
не,Df
шьвенъ,V-
і,C-
съ,R-
връхоу,Nb
істъканъ,V-
вьсь,Px
рѣшѧ,V-
же,Df
къ,R-
себѣ,Pk
не,Df
прѣдерѣмъ,V-
его,Pp
нъ,C-
метѣмъ,A-
жрѣбіѧ,Nb
о,R-
нь,Pp
комоу,Pi
бѫдетъ,V-
да,G-
събѫдѫтъ,V-
сѧ,Pk
кънігъі,Nb
глѭштѧѧ,V-
раздѣлішѧ,V-
себѣ,Pk
різъі,Nb
моѧ,Ps
і,C-
о,R-
матізмъ,Nb
моі,Ps
меташѧ,V-
жрѣбіѧ,Nb
воіні,Nb
же,Df
оубо,Df
сі,Pd
сътворішѧ,V-
стоѣахѫ,V-
же,Df
прі,R-
крстѣ,Nb
ісвѣ,A-
маті,Nb
его,Pp
і,C-
сестра,Nb
матере,Nb
его,Pp
маріѣ,Ne
клеопова,A-
і,C-
маріѣ,Ne
магдалъіні,Ne
іс,Ne
же,Df
відѣвъ,V-
матерь,Nb
і,C-
оученіка,Nb
стоѧшта,V-
егоже,Pr
люблѣаше,V-
гла,V-
матері,Nb
жено,Nb
се,I-
снъ,Nb
твоі,Ps
потомь,Df
же,Df
оученікоу,Nb
се,I-
маті,Nb
твоѣ,Ps
і,C-
отъ,R-
того,Pd
часа,Nb
поѧтъ,V-
ѭ,Pp
оученікъ,Nb
въ,R-
своѣ,Pt
сі,Pd
по,R-
семь,Pd
вѣдъі,V-
іс,Ne
ѣко,G-
всѣ,Px
юже,Df
съвръшішѧ,V-
сѧ,Pk
да,G-
събѫдѫтъ,V-
сѧ,Pk
кънігъі,Nb
гла,V-
жѧждѫ,Nb
съсѫдъ,Nb
же,Df
стоѣше,V-
плънъ,A-
оцьта,Nb
гѫбѫ,Nb
же,Df
наплъньше,V-
оцьта,Nb
на,R-
усопъ,Nb
вьзнезъше,V-
прідѣшѧ,V-
къ,R-
оустомъ,Nb
его,Pp
егда,Dq
же,Df
пріѧтъ,V-
оцьтъ,Nb
іс,Ne
рече,V-
съвръші,V-
сѧ,Pk
і,C-
прѣклонь,V-
главѫ,Nb
прѣдастъ,V-
дхъ,Nb
іюдѣі,Nb
же,Df
понеже,G-
параскевьгі,Nb
бѣ,V-
да,G-
не,Df
останѫтъ,V-
на,R-
крстѣ,Nb
тѣлеса,Nb
въ,R-
сѫботѫ,Nb
бѣ,V-
бо,Df
велі,A-
дьнь,Nb
тоѧ,Pd
сѫботъі,Nb
молішѧ,V-
пілата,Ne
да,G-
прѣбіѭтъ,V-
голѣні,Nb
іхъ,Pp
і,C-
възъмѫтъ,V-
ѧ,Pp
прідѫ,V-
же,Df
воіні,Nb
і,C-
пръвоумоу,Mo
прѣбішѧ,V-
голѣні,Nb
і,C-
дроугоумоу,A-
пропѧтоумоу,V-
съ,R-
німь,Pp
на,R-
іса,Ne
же,Df
прішьдъше,V-
ѣко,G-
відѣшѧ,V-
і,C-
юже,Df
оумьръшь,V-
не,Df
прѣбішѧ,V-
емоу,Pp
голѣнію,Nb
нъ,C-
едінъ,Ma
отъ,R-
воінъ,Nb
копіемь,Nb
емоу,Pp
ребра,Nb
прободе,V-
і,C-
ізіде,V-
абіе,Df
кръвь,Nb
і,C-
вода,Nb
і,C-
істінно,A-
естъ,V-
съвѣдѣтельство,Nb
его,Pp
і,C-
тъ,Pd
вѣстъ,V-
ѣко,G-
істінѫ,Nb
глетъ,V-
да,G-
і,C-
въі,Pp
вѣрѫ,Nb
імете,V-
бъішѧ,V-
бо,Df
сі,Pd
да,Df
събѫдѫтъ,V-
сѧ,Pk
кънігъі,Nb
кость,Nb
не,Df
съкроушітъ,V-
сѧ,Pk
отъ,R-
него,Pp
і,C-
пакъі,Df
дроугъіѧ,A-
кънігъі,Nb
глѭтъ,V-
възьрѧтъ,V-
на,R-
него,Pp
іже,Pr
пробасѧ,V-
по,R-
сіхъ,Pd
же,Df
молі,V-
пілата,Ne
іосіфъ,Ne
іже,Pr
бѣ,V-
отъ,R-
аріматѣѧ,Ne
съі,V-
оученікъ,Nb
ісвъ,A-
таінъ,Nb
же,Df
за,R-
страхъ,Nb
іюдеіскъ,A-
да,G-
възъметъ,V-
тѣло,Nb
ісво,A-
і,C-
повелѣ,V-
пілатъ,Ne
пріде,V-
же,Df
і,C-
вьзѧтъ,V-
тѣло,Nb
ісво,A-
пріде,V-
же,Df
і,C-
нікодімъ,Ne
прішьдъі,Nb
къ,R-
ісві,Ne
ноштіѭ,Nb
прѣжде,Df
несъі,V-
съмѣшеніе,Nb
змърно,A-
і,C-
олъгоуіно,A-
ѣко,G-
і,C-
лівръ,Nb
съто,Ma
пріѧсте,V-
же,Df
тѣло,Nb
ісво,A-
і,C-
обісте,V-
е,Pp
різамі,Nb
съ,R-
ароматъі,Nb
ѣкоже,Dq
объічаі,Nb
естъ,V-
іюдѣомъ,Nb
погрѣбаті,V-
бѣ,V-
же,Df
на,R-
мѣстѣ,Nb
ідеже,Dq
і,C-
пропѧшѧ,V-
врътъпъ,Nb
і,C-
въ,R-
врътъпѣ,Nb
гробъ,Nb
новъ,A-
вь,R-
немьже,Pr
не,Df
бѣ,V-
ніколіже,Df
ніктоже,Px
не,Df
бѣ,V-
положенъ,V-
тоу,Df
же,Df
за,R-
параскевьгіѭ,Nb
іюдѣіскѫ,A-
ѣко,G-
блізъ,Df
бѣаше,V-
гробъ,Nb
ідеже,Dq
положісте,V-
іса,Ne
въ,R-
едінѫ,Ma
же,Df
сѫботь,Nb
маріѣ,Ne
магдалъіні,Nb
пріде,V-
за,R-
оутра,Nb
еште,Df
сѫшті,V-
тъмѣ,Nb
на,R-
гробъ,Nb
і,C-
відѣ,V-
камень,Nb
вьзѧтъ,V-
отъ,R-
гроба,Nb
тече,V-
і,C-
пріде,V-
къ,R-
сімоноу,Ne
петроу,Ne
і,C-
къ,R-
дроугоумоу,A-
оученікоу,Nb
егоже,Pr
люблѣаше,V-
іс,Ne
і,C-
гла,V-
іма,Pp
вьзѧшѧ,V-
гѣ,Nb
отъ,R-
же,Df
гла,V-
томѣ,Ne
прінесі,V-
пръстъ,Nb
твоі,Ps
сѣмо,Df
і,C-
віждь,V-
рѫцѣ,Nb
моі,Ps
і,C-
прінесі,V-
рѫкѫ,Nb
твоѭ,Ps
і,C-
въложі,V-
въ,R-
ребра,Nb
моѣ,Ps
і,C-
не,Df
бѫді,V-
невѣрьнъ,A-
нъ,C-
вѣрьнъ,A-
отъвѣшта,V-
тома,Ne
і,C-
рече,V-
емоу,Pp
гь,Nb
моі,Ps
бъ,Nb
моі,Ps
гла,V-
емоу,Pp
іс,Ne
ѣко,G-
відѣвъ,V-
мѧ,Pp
вѣрова,V-
блажені,A-
не,Df
відѣвъшеі,V-
і,C-
вѣровавъшеі,V-
многа,A-
же,Df
іна,Px
знаменіѣ,Nb
створі,V-
іс,Ne
прѣдъ,R-
оученікъі,Nb
своімі,Pt
ѣже,Pr
не,Df
сѫтъ,V-
псана,V-
въ,R-
кънігахъ,Nb
сіхъ,Pd
сі,Pd
же,Df
псана,V-
бъішѧ,V-
да,G-
вѣрѫ,Nb
імете,V-
ѣко,G-
іс,Ne
естъ,V-
хъ,Ne
снъ,Nb
бжіі,A-
і,C-
вѣроуѭште,V-
жівота,Nb
вѣчьнаго,A-
імате,V-
въ,R-
імѧ,Nb
его,Pp
по,R-
семь,Pd
ѣві,V-
сѧ,Pk
пакъі,Df
іс,Ne
оученікомъ,Nb
своімъ,Pt
на,R-
морі,Nb
тіверьѣдьсцѣмь,A-
ѣві,V-
же,Df
сѧ,Pk
сіце,Df
бѣахѫ,V-
въкоупѣ,Df
сімонъ,Ne
петръ,Ne
і,C-
ѳома,Ne
наріцаемъі,V-
блізньць,Nb
і,C-
натанаіль,Ne
іже,Pr
бѣ,V-
отъ,R-
кана,Ne
галілеіскъі,A-
і,C-
сна,Nb
зеведѣова,A-
і,C-
іна,Px
два,Ma
отъ,R-
оученікъ,Nb
его,Pp
гла,V-
імъ,Pp
сімонъ,Ne
петръ,Ne
ідѫ,V-
ръібъ,Nb
ловітъ,V-
глашѧ,V-
емоу,Pp
ідемъ,V-
і,C-
мъі,Pp
съ,R-
тобоѭ,Pp
і,C-
ідѫ,V-
і,C-
вьсѣдѫ,V-
въ,R-
корабль,Nb
і,C-
въ,R-
тѫ,Pd
ношть,Nb
не,Df
ѧшѧ,V-
нічесоже,Px
оутроу,Nb
же,Df
абіе,Df
бъівъшоу,V-
ста,V-
іс,Ne
прі,R-
брѣзѣ,Nb
не,Df
познашѧ,V-
же,Df
оученіці,Nb
ѣко,G-
іс,Ne
естъ,V-
гла,V-
же,Df
імъ,Pp
іс,Ne
дѣті,Nb
еда,Du
чьто,Pi
сънѣдьно,A-
імате,V-
отъвѣшташѧ,V-
же,Df
емоу,Pp
ні,C-
онъ,Pd
же,Df
рече,V-
імъ,Pp
въвръзѣте,V-
о,R-
деснѫѭ,A-
странѫ,Nb
мрѣжѧ,Nb
і,C-
обрѧштете,V-
въвръгѫ,V-
же,Df
і,C-
къ,R-
томоу,Pd
не,Df
можаахѫ,V-
прівлѣшті,V-
еѧ,Pp
отъ,R-
множьства,Nb
ръібъ,Nb
гла,V-
же,Df
оученікъ,Nb
егоже,Pr
люблѣаше,V-
іс,Ne
петрові,Ne
гь,Nb
естъ,V-
сімонъ,Ne
же,Df
петръ,Ne
слъішавъ,V-
ѣко,G-
гь,Nb
естъ,V-
епендітомь,Nb
прѣпоѣса,V-
сѧ,Pk
бѣ,V-
бо,Df
нагъ,A-
і,C-
въвръже,V-
сѧ,Pk
въ,R-
море,Nb
а,C-
дроузі,Nb
оученіці,Nb
корабліцемь,Nb
прідѫ,V-
не,Df
бѣшѧ,V-
бо,Df
далече,Df
отъ,R-
землѧ,Nb
нъ,C-
ѣко,Df
дьвѣ,Ma
сътѣ,Ma
лакътъ,Nb
влѣкѫште,V-
мрѣжѫ,Nb
ръібъ,Nb
ѣко,G-
ізлѣзѫ,V-
на,R-
землѫ,Nb
відѣшѧ,V-
огнь,Nb
лежѧшть,V-
і,C-
ръібѫ,Nb
на,R-
немь,Pp
лежѧштѫ,V-
і,C-
хлѣбъ,Nb
гла,V-
імъ,Pp
іс,Ne
прінесѣте,V-
отъ,R-
ръібъ,Nb
ѧже,Pr
ѧсте,V-
нъінѣ,Df
вьлѣзе,V-
же,Df
сімонъ,Ne
петръ,Ne
і,C-
ізвлѣче,V-
мрѣжѧ,Nb
на,R-
землѫ,Nb
плънѫ,A-
велііхъ,A-
ръібъ,Nb
съто,Ma
і,C-
пѧть,Ma
десѧтъ,Ma
і,C-
трі,Ma
толікоу,Pd
сѫштоу,V-
не,Df
протръже,V-
сѧ,Pk
мрѣжа,Nb
гла,V-
імъ,Pp
іс,Ne
прідѣте,V-
обѣдоуіте,V-
і,C-
ніктоже,Px
не,Df
съмѣаше,V-
отъ,R-
оученікъ,Nb
істѧзаті,V-
тъі,Pp
кто,Pi
есі,V-
вѣдѫште,V-
ѣко,G-
гь,Nb
естъ,V-
пріде,V-
же,Df
іс,Ne
і,C-
пріѧтъ,V-
хлѣбъ,Nb
і,C-
дастъ,V-
імъ,Pp
і,C-
ръібѫ,Nb
такожде,Df
се,Pd
юже,Df
третіці,Df
ѣві,V-
сѧ,Pk
іс,Ne
оученікомъ,Nb
своімъ,Pt
въставъ,V-
отъ,R-
мрътвъіхъ,A-
егда,Dq
же,Df
обѣдовашѧ,V-
гла,V-
сімонові,Ne
петроу,Ne
іс,Ne
сімоне,Ne
іонінъ,A-
любіші,V-
лі,Du
мѧ,Pp
паче,Df
сіхъ,Pd
гла,V-
емоу,Pp
еі,I-
гі,Nb
тъі,Pp
вѣсі,V-
ѣко,G-
люблѭ,V-
тѧ,Pp
гла,V-
емоу,Pp
пасі,V-
агньцѧ,Nb
моѧ,Ps
гла,V-
емоу,Pp
пакъі,Df
въторіцеѭ,Df
сімоне,Ne
іонінъ,A-
любіші,V-
лі,Du
мѧ,Pp
гла,V-
емоу,Pp
еі,I-
гі,Nb
тъі,Pp
вѣсі,V-
ѣко,G-
люблѭ,V-
тѧ,Pp
гла,V-
емоу,Pp
пасі,V-
овьцѧ,Nb
моѧ,Ps
гла,V-
емоу,Pp
третіці,Df
