10|Matthew Chapter 1
10|Matthew Chapter 2
10|Matthew Chapter 3
10|Matthew Chapter 4
10|Matthew Chapter 5
10|Matthew Chapter 6
10|Matthew Chapter 7
10|Matthew Chapter 8
10|Matthew Chapter 9
10|Matthew Chapter 10
10|Matthew Chapter 11
10|Matthew Chapter 12
10|Matthew Chapter 13
10|Matthew Chapter 14
10|Matthew Chapter 15
10|Matthew Chapter 16
10|Matthew Chapter 17
10|Matthew Chapter 18
10|Matthew Chapter 19
10|Matthew Chapter 20
10|Matthew Chapter 21
10|Matthew Chapter 22
10|Matthew Chapter 23
10|Matthew Chapter 24
10|Matthew Chapter 25
10|Matthew Chapter 26
10|Matthew Chapter 27
10|Matthew Chapter 28
10|Mark Chapter 1
10|Mark Chapter 2
10|Mark Chapter 3
10|Mark Chapter 5
10|Mark Chapter 6
10|Mark Chapter 7
10|Mark Chapter 8
10|Mark Chapter 9
10|Mark Chapter 10
10|Mark Chapter 12
10|Mark Chapter 15
10|Mark Chapter 16
10|Luke Chapter 1
10|Luke Chapter 2
10|Luke Chapter 3
10|Luke Chapter 4
10|Luke Chapter 5
10|Luke Chapter 6
10|Luke Chapter 7
10|Luke Chapter 8
10|Luke Chapter 9
10|Luke Chapter 10
10|Luke Chapter 11
10|Luke Chapter 12
10|Luke Chapter 13
10|Luke Chapter 14
10|Luke Chapter 15
10|Luke Chapter 16
10|Luke Chapter 17
10|Luke Chapter 18
10|Luke Chapter 19
10|Luke Chapter 20
10|Luke Chapter 21
10|Luke Chapter 22
10|Luke Chapter 23
10|Luke Chapter 24
10|John Chapter 1
10|John Chapter 2
10|John Chapter 3
10|John Chapter 4
10|John Chapter 5
10|John Chapter 6
10|John Chapter 7
10|John Chapter 8
10|John Chapter 9
10|John Chapter 8
10|John Chapter 9
10|John Chapter 10
10|John Chapter 11
10|John Chapter 12
10|John Chapter 13
10|John Chapter 14
10|John Chapter 15
10|John Chapter 16
10|John Chapter 17
10|John Chapter 18
10|John Chapter 19
10|John Chapter 20
10|John Chapter 21
