1,βίβλος,Nb
2,γένεσις,Nb
3,Ἰησοῦς,Ne
4,Χριστός,Ne
5,υἱός,Nb
6,Δαυίδ,Ne
7,Ἀβραάμ,Ne
8,γεννάω,V-
9,ὁ,S-
10,Ἰσαάκ,Ne
11,δέ,Df
12,Ἰακώβ,Ne
13,Ἰούδας,Ne
14,καί,C-
15,ἀδελφός,Nb
16,αὐτός,Pp
17,Φάρες,Ne
18,Ζάρα,Ne
19,ἐκ,R-
20,Θαμάρ,Ne
21,Ἑσρώμ,Ne
22,Ἀράμ,Ne
23,Ἀμιναδάβ,Ne
24,Ναασσών,Ne
25,Σαλμών,Ne
26,Βόες,Ne
27,Ῥαχάβ,Ne
28,Ἰωβήδ,Ne
29,Ῥούθ,Ne
30,Ἰεσσαί,Ne
31,βασιλεύς,Nb
32,Σολομών,Ne
33,Οὐρίας,Ne
34,Ῥοβοάμ,Ne
35,Ἀβιά,Ne
36,Ἀσάφ,Ne
37,Ἰωσαφάτ,Ne
38,Ἰωράμ,Ne
39,Ὀζίας,Ne
40,Ἰωαθάμ,Ne
41,Ἀχάζ,Ne
42,Ἑζεκίας,Ne
43,Μανασσῆς,Ne
44,Ἀμώς,Ne
45,Ἰωσίας,Ne
46,Ἰεχονίας,Ne
47,ἐπί,R-
48,μετοικεσία,Nb
49,Βαβυλών,Ne
50,μετά,R-
51,Σαλαθιήλ,Ne
52,Ζοροβαβέλ,Ne
53,Ἀβιούδ,Ne
54,Ἐλιακίμ,Ne
55,Ἀζώρ,Ne
56,Σαδώκ,Ne
57,Ἀχίμ,Ne
58,Ἐλιούδ,Ne
59,Ἐλεάζαρ,Ne
60,Ματθάν,Ne
61,Ἰωσήφ,Ne
62,ἀνήρ,Nb
63,Μαρία,Ne
64,ὅς,Pr
65,λέγω,V-
66,πᾶς,Px
67,οὖν,Df
68,γενεά,Nb
69,ἀπό,R-
70,ἕως,R-
71,δεκατέσσαρες,Ma
72,οὕτω(ς),Df
73,εἰμί#1,V-
74,μνηστεύω,V-
75,μήτηρ,Nb
76,πρίν,G-
77,ἤ,Df
78,συνέρχομαι,V-
79,εὑρίσκω,V-
80,ἐν,R-
81,γαστήρ,Nb
82,ἔχω,V-
83,πνεῦμα,Nb
84,ἅγιος,A-
85,δίκαιος,A-
86,μή,Df
87,ἐθέλω,V-
88,δειγματίζω,V-
89,βούλομαι,V-
90,λάθρᾳ,Df
91,ἀπολύω,V-
92,οὗτος,Pd
93,ἐνθυμέομαι,V-
94,ἰδοὺ,I-
95,ἄγγελος,Nb
96,κύριος,Nb
97,κατά,R-
98,ὄναρ,Nb
99,φαίνω,V-
100,φοβέω,V-
101,παραλαμβάνω,V-
102,γυνή,Nb
103,σύ,Pp
104,γάρ,Df
105,τίκτω,V-
106,καλέω,V-
107,ὄνομα,Nb
108,σῴζω,V-
109,λαός,Nb
110,ἁμαρτία,Nb
111,ὅλος,A-
112,γίγνομαι,V-
113,ἵνα,G-
114,πληρόω,V-
115,ὑπό,R-
116,διά,R-
117,προφήτης,Nb
118,παρθένος,Nb
119,Ἐμμανουήλ,Ne
120,μεθερμηνεύω,V-
121,ἡμεῖς,Pp
122,θεός,Nb
123,ἐγείρω,V-
124,ὕπνος,Nb
125,ποιέω,V-
126,ὡς,Dq
127,προστάσσω,V-
128,οὐ,Df
129,γιγνώσκω,V-
130,ἕως,G-
131,Βηθλέεμ,Ne
132,Ἰουδαία,Ne
133,ἡμέρα,Nb
134,Ἡρῴδης,Ne
135,μάγος,Nb
136,ἀνατολή,Nb
137,παραγίγνομαι,V-
138,εἰς,R-
139,Ἱεροσόλυμα,Ne
140,ποῦ,Du
141,Ἰουδαῖος,A-
142,ὁράω,V-
143,ἀστήρ,Nb
144,ἔρχομαι,V-
145,προσκυνέω,V-
146,ἀκούω,V-
147,ταράσσω,V-
148,συνάγω,V-
149,ἀρχιερεύς,Nb
150,γραμματεύς,Nb
151,πυνθάνομαι,V-
152,παρά,R-
153,ὁ,Pp
154,γράφω,V-
155,γῆ,Nb
156,οὐδαμῶς,Df
157,ἐλάχιστος,A-
158,ἡγεμών,Nb
159,ἐξέρχομαι,V-
160,ἡγέομαι,V-
161,ὅστις,Pr
162,ποιμαίνω,V-
163,ἐγώ,Pp
164,Ἰσραήλ,Ne
165,τότε,Df
166,ἀκριβόω,V-
167,χρόνος,Nb
168,πέμπω,V-
169,πορεύομαι,V-
170,ἐξετάζω,V-
171,ἀκριβῶς,Df
172,περί,R-
173,παιδίον,Nb
174,ἐπάν,G-
175,ἀπαγγέλλω,V-
176,ὅπως,G-
177,καί#1,Df
178,προάγω,V-
179,ἵστημι,V-
180,ἐπάνω,R-
181,οὗ,Dq
182,χαίρω,V-
183,χαρά,Nb
184,μέγας,A-
185,σφόδρα,Df
186,οἰκία,Nb
187,πίπτω,V-
188,ἀνοίγνυμι,V-
189,θησαυρός,Nb
190,προσφέρω,V-
191,δῶρον,Nb
192,χρυσός,Nb
193,λίβανος,Nb
194,σμύρνα,Nb
195,χρηματίζω,V-
196,ἀνακάμπτω,V-
197,πρός,R-
198,ἄλλος,A-
199,ὁδός,Nb
200,ἀναχωρέω,V-
201,χώρα,Nb
202,φεύγω,V-
203,Αἴγυπτος,Ne
204,ἐκεῖ,Df
205,ἄν,Df
206,μέλλω,V-
207,ζητέω,V-
208,ἀπόλλυμι,V-
209,νύξ,Nb
210,τελευτή,Nb
211,ὅτι,G-
212,ἐμπαίζω,V-
213,θυμόω,V-
214,λίαν,Df
215,ἀποστέλλω,V-
216,ἀναιρέω,V-
217,παῖς,Nb
218,ὅριον,Nb
219,διετής,A-
220,κάτω,Df
221,Ἰερεμίας,Ne
222,φωνή,Nb
223,Ῥαμά,Ne
224,κλαυθμός,Nb
225,ὀδυρμός,Nb
226,πολύς,A-
227,Ῥαχήλ,Ne
228,κλαίω,V-
229,τέκνον,Nb
230,παρακαλέω,V-
231,τελευτάω,V-
232,θνῄσκω,V-
233,ψυχή,Nb
234,εἰσέρχομαι,V-
235,Ἀρχέλαος,Ne
236,βασιλεύω,V-
237,ἀντί,R-
238,πατήρ,Nb
239,ἀπέρχομαι,V-
240,μέρος,Nb
241,Γαλιλαία,Ne
242,κατοικέω,V-
243,πόλις,Nb
244,Ναζαρά,Ne
245,Ναζωραῖος,A-
246,ἐκεῖνος,Pd
247,Ἰωάν(ν)ης,Ne
248,βαπτιστής,Nb
249,κηρύσσω,V-
250,ἔρημος,A-
251,μετανοέω,V-
252,ἐγγίζω,V-
253,βασιλεία,Nb
254,οὐρανός,Nb
255,Ἠσαΐας,Ne
256,βοάω,V-
257,ἑτοιμάζω,V-
258,εὐθύς,A-
259,τρίβος,Nb
260,αὐτός,Pd
261,ἔνδυμα,Nb
262,θρίξ,Nb
263,κάμηλος,Nb
264,ζώνη,Nb
265,δερμάτινος,A-
266,ὀσφῦς,Nb
267,τροφή,Nb
268,ἀκρίς,Nb
269,μέλι,Nb
270,ἄγριος,A-
271,ἐκπορεύομαι,V-
272,περίχωρος,Nb
273,Ἰορδάνης,Ne
274,βαπτίζω,V-
275,ποταμός,Nb
276,ἐξομολογέω,V-
277,Φαρισαῖος,Nb
278,Σαδδουκαῖος,Nb
279,βάπτισμα,Nb
280,γέννημα,Nb
281,ἔχιδνα,Nb
282,τίς,Pi
283,ὑποδείκνυμι,V-
284,ὑμεῖς,Pp
285,ὀργή,Nb
286,καρπός,Nb
287,ἄξιος,A-
288,μετάνοια,Nb
289,δοκέω,V-
290,ἑαυτοῦ,Pk
291,δύναμαι,V-
292,λίθος,Nb
293,ἤδη,Df
294,ἀξίνη,Nb
295,ῥίζα,Nb
296,δένδρον,Nb
297,κεῖμαι,V-
298,καλός,A-
299,ἐκκόπτω,V-
300,πῦρ,Nb
301,βάλλω,V-
302,μέν,Df
303,ὕδωρ,Nb
304,ὀπίσω,R-
305,ἰσχυρός,A-
306,ἱκανός,A-
307,ὑπόδημα,Nb
308,βαστάζω,V-
309,πτύον,Nb
310,χείρ,Nb
311,διακαθαρίζω,V-
312,ἅλων,Nb
313,σῖτος,Nb
314,ἀποθήκη,Nb
315,ἄχυρον,Nb
316,κατακαίω,V-
317,ἄσβεστος,A-
318,διακωλύω,V-
319,χρεία,Nb
320,ἀποκρίνω,V-
321,ἀφίημι,V-
322,ἄρτι,Df
323,πρέπω,V-
324,δικαιοσύνη,Nb
325,εὐθύς,Df
326,ἀναβαίνω,V-
327,καταβαίνω,V-
328,ὡσεί,Df
329,περιστερά,Nb
330,ἀγαπητός,A-
331,εὐδοκέω,V-
332,ἀνάγω,V-
333,ἔρημος,Nb
334,πειράζω,V-
335,διάβολος,Nb
336,νηστεύω,V-
337,τεσσεράκοντα,Ma
338,ὕστερος,A-
339,πεινάω,V-
340,προσέρχομαι,V-
341,εἰ,G-
342,ἄρτος,Nb
343,μόνος,A-
344,ζῶ,V-
345,ἄνθρωπος,Nb
346,ἀλλά,C-
347,ῥῆμα,Nb
348,στόμα,Nb
349,πτερύγιον,Nb
350,ἱερόν,Nb
351,σεαυτοῦ,Pk
352,ἐντέλλω,V-
353,ἀείρω,V-
354,μήποτε,G-
355,προσκόπτω,V-
356,πούς,Nb
357,φημί,V-
358,πάλιν,Df
359,ἐκπειράζω,V-
360,ὄρος#1,Nb
361,ὑψηλός,A-
362,δείκνυμι,V-
363,κόσμος,Nb
364,δόξα,Nb
365,δίδωμι,V-
366,ἐάν,G-
367,ὑπάγω,V-
368,Σατανᾶς,Ne
369,λατρεύω,V-
370,διακονέω,V-
371,παραδίδωμι,V-
372,καταλείπω,V-
373,Καφαρναούμ,Ne
374,παραθαλάσσιος,A-
375,Ζαβουλών,Ne
376,Νεφθαλίμ,Ne
377,θάλασσα,Nb
378,πέραν,R-
379,ἔθνος,Nb
380,κάθημαι,V-
381,σκότος,Nb
382,φῶς,Nb
383,σκιά,Nb
384,θάνατος,Nb
385,ἀνατέλλω,V-
386,ἄρχω,V-
387,περιπατέω,V-
388,δύο,Ma
389,Σίμων,Ne
390,Πέτρος,Ne
391,Ἀνδρέας,Ne
392,ἀμφίβληστρον,Nb
393,ἁλιεύς,Nb
394,δεῦτε,I-
395,εὐθέως,Df
396,δίκτυον,Nb
397,ἀκολουθέω,V-
398,προβαίνω,V-
399,ἐκεῖθεν,Df
400,Ἰάκωβος,Ne
401,Ζεβεδαῖος,Ne
402,πλοῖον,Nb
403,καταρτίζω,V-
404,περιάγω,V-
405,διδάσκω,V-
406,συναγωγή,Nb
407,εὐαγγέλιον,Nb
408,θεραπεύω,V-
409,νόσος,Nb
410,μαλακία,Nb
411,ἀκοή,Nb
412,Συρία,Ne
413,κακῶς,Df
414,ποικίλος,A-
415,βάσανος,Nb
416,συνέχω,V-
417,δαιμονίζομαι,V-
418,σεληνιάζομαι,V-
419,παραλυτικός,A-
420,ὄχλος,Nb
421,Δεκάπολις,Ne
422,καθίζω,V-
423,μαθητής,Nb
424,μακάριος,A-
425,πτωχός,A-
426,πραΰς,A-
427,κληρονομέω,V-
428,πενθέω,V-
429,διψάω,V-
430,χορτάζω,V-
431,ἐλεήμων,A-
432,ἐλεέω,V-
433,καθαρός,A-
434,καρδία,Nb
435,εἰρηνοποιός,A-
436,διώκω,V-
437,ἕνεκα,R-
438,ὅταν,Dq
439,ὀνειδίζω,V-
440,πονηρός,A-
441,ψεύδομαι,V-
442,ἀγαλλιάω,V-
443,μισθός,Nb
444,πρό,R-
445,ἅλας,Nb
446,μωραίνω,V-
447,ἁλίζω#2,V-
448,οὐδείς,Px
449,ἰσχύω,V-
450,ἔτι,Df
451,εἰ#1,Df
452,ἔξω,Df
453,καταπατέω,V-
454,κρύπτω,V-
455,οὐδέ,C-
456,καίω,V-
457,λύχνος,Nb
458,τίθημι,V-
459,μόδιος,Nb
460,λυχνία,Nb
461,λάμπω,V-
462,ἔμπροσθεν,R-
463,ἔργον,Nb
464,δοξάζω,V-
465,νομίζω,V-
466,καταλύω,V-
467,νόμος,Nb
468,ἤ,C-
469,ἀμήν,I-
470,παρέρχομαι,V-
471,ἰῶτα,Nb
472,εἷς,Ma
473,κεραία,Nb
474,λύω,V-
475,ἐντολή,Nb
476,περισσεύω,V-
477,ἀρχαῖος,A-
478,φονεύω,V-
479,ἔνοχος,A-
480,κρίσις,Nb
481,ὀργίζω,V-
482,ῥακά,F-
483,συνέδριον,Nb
484,μωρός,A-
485,γέεννα,Ne
486,θυσιαστήριον,Nb
487,μιμνῄσκω,V-
488,πρῶτος,Mo
489,διαλλάσσομαι,V-
490,εὐνοέω,V-
491,ἀντίδικος,Nb
492,ταχύς,A-
493,κριτής,Nb
494,ὑπηρέτης,Nb
495,φυλακή,Nb
496,ἀποδίδωμι,V-
497,ἔσχατος,A-
498,κοδράντης,Nb
499,μοιχεύω,V-
500,βλέπω,V-
501,ἐπιθυμέω,V-
502,ὀφθαλμός,Nb
503,δεξιός,A-
504,σκανδαλίζω,V-
505,ἐξαιρέω,V-
506,συμφέρω,V-
507,μέλος,Nb
508,σῶμα,Nb
509,ἀποστάσιον,Nb
510,παρεκτός,R-
511,λόγος,Nb
512,πορνεία,Nb
513,γαμέω,V-
514,μοιχάω,V-
515,ἐπιορκέω,V-
516,ὅρκος,Nb
517,ὄμνυμι,V-
518,ὅλως,Df
519,μήτε,C-
520,θρόνος,Nb
521,ὑποπόδιον,Nb
522,κεφαλή,Nb
523,λευκός,A-
524,μέλας,A-
525,ναί,I-
526,περισσός,A-
527,ὀδούς,Nb
528,ἀνθίστημι,V-
529,ῥαπίζω,V-
530,σιαγών,Nb
531,στρέφω,V-
532,κρίνω,V-
533,χιτών,Nb
534,λαμβάνω,V-
535,ἱμάτιον,Nb
536,ἀγγαρεύω,V-
537,μίλιον,Nb
538,αἰτέω,V-
539,δαν(ε)ίζω,V-
540,ἀποστρέφω,V-
541,ἀγαπάω,V-
542,πλησίον,Df
543,μισέω,V-
544,ἐχθρός,A-
545,προσεύχομαι,V-
546,ὑπέρ,R-
547,ἥλιος,Nb
548,ἀγαθός,A-
549,βρέχω,V-
550,ἄδικος,A-
551,οὐχί,Df
552,τελώνης,Nb
553,ἀσπάζομαι,V-
554,ἐθνικός,A-
555,τέλειος,A-
556,οὐράνιος,A-
557,προσέχω,V-
558,θεάομαι,V-
559,ἐλεημοσύνη,Nb
560,σαλπίζω,V-
561,ὥσπερ,Dq
562,ὑποκριτής,Nb
563,ῥύμη,Nb
564,ἀπέχω,V-
565,ἀριστερός,A-
566,κρυπτός,A-
567,ὡς,Df
568,ὅτι#1,Df
569,φιλέω,V-
570,γωνία,Nb
571,πλατεῖα,Nb
572,ταμεῖον,Nb
573,κλείω,V-
574,θύρα,Nb
575,βατταλογέω,V-
576,ὥσπερ,Df
577,πολυλογία,Nb
578,εἰσακούω,V-
579,ὁμοιόω,V-
580,οἶδα,V-
581,ἁγιάζω,V-
582,θέλημα,Nb
583,ἐπιούσιος,A-
584,σήμερον,Df
585,ὀφείλημα,Nb
586,ὀφειλέτης,Nb
587,εἰσφέρω,V-
588,πειρασμός,Nb
589,ἐρύω,V-
590,παράπτωμα,Nb
591,οὐδέ,Df
592,σκυθρωπός,A-
593,ἀφανίζω,V-
594,πρόσωπον,Nb
595,ἀλείφω,V-
596,νίπτω,V-
597,θησαυρίζω,V-
598,ὅπου,Dq
599,σής,Nb
600,βρῶσις,Nb
601,κλέπτης,Nb
602,διορύσσω,V-
603,κλέπτω,V-
604,οὔτε,C-
605,ἁπλόος,A-
606,φωτεινός,A-
607,σκοτεινός,A-
608,πόσος,Pi
609,δουλεύω,V-
610,ἕτερος,A-
611,ἀντέχω,V-
612,καταφρονέω,V-
613,μαμωνᾶς,Nb
614,μεριμνάω,V-
615,ἐσθίω,V-
616,μηδέ,C-
617,ἐνδύω,V-
618,ἐμβλέπω,V-
619,πετεινόν,Nb
620,σπείρω,V-
621,θερίζω,V-
622,τρέφω,V-
623,μᾶλλον,Df
624,διαφέρω,V-
625,προστίθημι,V-
626,ἡλικία,Nb
627,πῆχυς,Nb
628,καταμανθάνω,V-
629,κρίνον,Nb
630,ἀγρός,Nb
631,πῶς,Du
632,αὐξάνω,V-
633,κοπιάω,V-
634,νήθω,V-
635,περιβάλλω,V-
636,χόρτος,Nb
637,αὔριον,Df
638,κλίβανος,Nb
639,ἀμφιέννυμι,V-
640,ὀλιγόπιστος,A-
641,πίνω,V-
642,ἐπιζητέω,V-
643,χρῄζω,V-
644,ἅπας,A-
645,ἀρκετός,A-
646,κακία,Nb
647,κρίμα,Nb
648,μέτρον,Nb
649,μετρέω,V-
650,κάρφος,Nb
651,σός,Ps
652,δοκός,Nb
653,κατανοέω,V-
654,ἐκβάλλω,V-
655,διαβλέπω,V-
656,κύων,Nb
657,μαργαρίτης,Nb
658,χοῖρος,Nb
659,ῥήγνυμι,V-
660,κρούω,V-
661,ἐπιδίδωμι,V-
662,ἰχθύς,Nb
663,ὄφις,Nb
664,δόμα,Nb
665,ὅσος,Pr
666,στενός,A-
667,πύλη,Nb
668,πλατύς,A-
669,εὐρύχωρος,A-
670,ἀπάγω,V-
671,ἀπώλεια,Nb
672,θλίβω,V-
673,ζωή,Nb
674,ὀλίγος,A-
675,ψευδοπροφήτης,Nb
676,πρόβατον,Nb
677,ἔσωθεν,Df
678,λύκος,Nb
679,ἅρπαξ,A-
680,ἐπιγιγνώσκω,V-
681,μήτι,Du
682,συλλέγω,V-
683,ἄκανθα,Nb
684,σταφυλή,Nb
685,τρίβολος,Nb
686,σῦκον,Nb
687,σαπρός,A-
688,φέρω,V-
689,ἄραγε,Df
690,προφητεύω,V-
691,δαιμόνιον,Nb
692,δύναμις,Nb
693,ὁμολογέω,V-
694,οὐδέποτε,Df
695,ἀποχωρέω,V-
696,ἐργάζομαι,V-
697,ἀνομία,Nb
698,φρόνιμος,A-
699,οἰκοδομέω,V-
700,πέτρα,Nb
701,βροχή,Nb
702,πνέω,V-
703,ἄνεμος,Nb
704,προσπίπτω,V-
705,θεμελιόω,V-
706,ἄμμος,Nb
707,πτῶσις,Nb
708,ὅτε,G-
709,τελέω,V-
710,ἐκπλήσσω,V-
711,διδαχή,Nb
712,ἐξουσία,Nb
713,λεπρός,A-
714,καθαρίζω,V-
715,ἐκτείνω,V-
716,ἅπτω,V-
717,λέπρα,Nb
718,μηδείς,Px
719,ἱερεύς,Nb
720,Μωϋσῆς,Ne
721,μαρτύριον,Nb
722,ἑκατοντάρχης,Nb
723,δεινῶς,Df
724,βασανίζω,V-
725,στέγη,Nb
726,ἰάομαι,V-
727,ἐμαυτοῦ,Pk
728,στρατιώτης,Nb
729,δοῦλος,Nb
730,θαυμάζω,V-
731,τοσοῦτος,Pd
732,πίστις,Nb
733,δυσμή,Nb
734,ἥκω,V-
735,ἀνακλίνω,V-
736,ἐξώτερος,A-
737,βρυγμός,Nb
738,πιστεύω,V-
739,ὥρα,Nb
740,πενθερά,Nb
741,πυρέσσω,V-
742,πυρετός,Nb
743,ὄψιος,A-
744,ἀσθένεια,Nb
745,κελεύω,V-
746,πέραν,Df
747,διδάσκαλος,Nb
748,ἀλώπηξ,Nb
749,φωλεός,Nb
750,κατασκήνωσις,Nb
751,κλίνω,V-
752,ἐπιτρέπω,V-
753,θάπτω,V-
754,νεκρός,A-
755,ἐμβαίνω,V-
756,σεισμός,Nb
757,ὥστε,G-
758,καλύπτω,V-
759,κῦμα,Nb
760,καθεύδω,V-
761,δειλός,A-
762,ἐπιτιμέω,V-
763,γαλήνη,Nb
764,ποταπός,Pi
765,ὑπακούω,V-
766,Γαδαρηνός,A-
767,ὑπαντάω,V-
768,μνημεῖον,Nb
769,χαλεπός,A-
770,τὶς,Px
771,κράζω,V-
772,ὧδε,Df
773,καιρός,Nb
774,μακράν,Df
775,ἀγέλη,Nb
776,βόσκω,V-
777,δαίμων,Nb
778,ὁρμάω,V-
779,κρημνός,Nb
780,ἀποθνῄσκω,V-
781,ὑπάντησις,Nb
782,μεταβαίνω,V-
783,διαπεράω,V-
784,ἴδιος,A-
785,κλίνη,Nb
786,θαρσέω,V-
787,βλασφημέω,V-
788,ἐνθύμησις,Nb
789,ἱνατί,Du
790,εὔκοπος,A-
791,οἶκος,Nb
792,τοιοῦτος,Pd
793,παράγω,V-
794,τελώνιον,Nb
795,Μαθθαῖος,Ne
796,ἀνίστημι,V-
797,ἀνάκειμαι,V-
798,ἁμαρτωλός,A-
799,συνανάκειμαι,V-
800,ἰατρός,Nb
801,μανθάνω,V-
802,ἔλεος,Nb
803,θυσία,Nb
804,νυμφών,Nb
805,νυμφίος,Nb
806,ἀπαίρω,V-
807,ἐπιβάλλω,V-
808,ἐπίβλημα,Nb
809,ῥάκος,Nb
810,ἄγναφος,A-
811,παλαιός,A-
812,πλήρωμα,Nb
813,χείρων,A-
814,σχίσμα,Nb
815,οἶνος,Nb
816,νέος,A-
817,ἀσκός,Nb
818,ἐκχέω,V-
819,καινός,A-
820,ἀμφότεροι,A-
821,συντηρέω,V-
822,λαλέω,V-
823,ἄρχων,Nb
824,θυγάτηρ,Nb
825,ἐπιτίθημι,V-
826,αἱμορροέω,V-
827,δώδεκα,Ma
828,ἔτος,Nb
829,ὄπισθεν,Df
830,κράσπεδον,Nb
831,αὐλητής,Nb
832,θορυβέω,V-
833,κοράσιον,Nb
834,καταγελάω,V-
835,κρατέω,V-
836,φήμη,Nb
837,τυφλός,A-
838,ἐμβριμάομαι,V-
839,διαφημίζω,V-
840,κωφός,A-
841,κώμη,Nb
842,σπλαγχνίζομαι,V-
843,σκύλλω,V-
844,ῥίπτω,V-
845,ποιμήν,Nb
846,θερισμός,Nb
847,ἐργάτης,Nb
848,δέω#2,V-
849,προσκαλέω,V-
850,ἀκάθαρτος,A-
851,ἀπόστολος,Nb
852,Φίλιππος,Ne
853,Βαρθολομαῖος,Ne
854,Θωμᾶς,Ne
855,Ἁλφαῖος,Ne
856,Λεββαῖος,Ne
857,Καναναῖος,A-
858,Ἰσκαριώθ,Ne
859,παραγγέλλω,V-
860,Σαμαρίτης,Nb
861,ἀσθενέω,V-
862,δωρεάν,Df
863,κτάομαι,V-
864,ἄργυρος,Nb
865,χαλκός,Nb
866,πήρα,Nb
867,ῥάβδος,Nb
868,μένω,V-
869,εἰρήνη,Nb
870,ἐπιστρέφω,V-
871,δέχομαι,V-
872,ἔξω,R-
873,ἐκτινάσσω,V-
874,κονιορτός,Nb
875,ἀνεκτός,A-
876,Σόδομα,Ne
877,Γόμορρα,Ne
878,μέσος,A-
879,ἀκέραιος,A-
880,μαστιγόω,V-
881,ἄγω,V-
882,ἐπανίστημι,V-
883,γονεύς,Nb
884,θανατόω,V-
885,ὑπομένω,V-
886,τέλος,Nb
887,οἰκοδεσπότης,Nb
888,Βεελζεβούλ,Ne
889,ἐπικαλέω,V-
890,οἰκιακός,Nb
891,ἀποκαλύπτω,V-
892,σκοτία,Nb
893,οὖς,Nb
894,δῶμα,Nb
895,ἀποκτείνω,V-
896,στρουθίον,Nb
897,ἀσσάριον,Nb
898,πωλέω,V-
899,ἄνευ,R-
900,ἀριθμέω,V-
901,ἀρνέομαι,V-
902,μάχαιρα,Nb
903,διχάζω,V-
904,νύμφη,Nb
905,σταυρός,Nb
906,ποτίζω,V-
907,μικρός,A-
908,ποτήριον,Nb
909,ψυχρός,A-
910,διατάσσω,V-
911,δεσμωτήριον,Nb
912,προσδοκάω,V-
913,ἀναβλέπω,V-
914,χωλός,A-
915,εὐαγγελίζω,V-
916,κάλαμος,Nb
917,σαλεύω,V-
918,μαλακός,A-
919,φορέω,V-
920,κατασκευάζω,V-
921,γεννητός,A-
922,βιάζω,V-
923,βιαστής,Nb
924,ἁρπάζω,V-
925,Ἡλίας,Ne
926,ὅμοιος,A-
927,ἀγορά,Nb
928,προσφωνέω,V-
929,αὐλέω,V-
930,ὀρχέομαι,V-
931,θρηνέω,V-
932,κόπτω,V-
933,φάγος,Nb
934,οἰνοπότης,Nb
935,φίλος,Nb
936,δικαιόω,V-
937,σοφία,Nb
938,οὐαί,I-
939,Χοραζίν,Ne
940,Βηθσαϊδά(ν),Ne
941,Τύρος,Ne
942,Σιδών,Ne
943,πάλαι,Df
944,σάκκος,Nb
945,σποδός,Nb
946,πλήν,Df
947,ὑψόω,V-
948,Ἅιδης,Ne
949,καταβιβάζω,V-
950,μέχρι,R-
951,σοφός,A-
952,συνετός,A-
953,νήπιος,A-
954,εὐδοκία,Nb
955,φορτίζω,V-
956,ἀναπαύω,V-
957,ζυγόν,Nb
958,ταπεινός,A-
959,ἀνάπαυσις,Nb
960,χρηστός,A-
961,φορτίον,Nb
962,ἐλαφρός,A-
963,σάββατον,Nb
964,σπόριμος,A-
965,τίλλω,V-
966,στάχυς,Nb
967,ἔξεστι,V-
968,ἀναγιγνώσκω,V-
969,πρόθεσις,Nb
970,βεβηλόω,V-
971,ἀναίτιος,A-
972,καταδικάζω,V-
973,ξηρός,A-
974,ἐπερωτάω,V-
975,κατηγορέω,V-
976,ἐμπίπτω,V-
977,βόθυνος,Nb
978,ὥστε,Df
979,καλῶς,Df
980,ἀποκαθιστάνω,V-
981,ὑγιής,A-
982,συμβούλιον,Nb
983,φανερός,A-
984,αἱρετίζω,V-
985,ἐρίζω,V-
986,κραυγάζω,V-
987,συντρίβω,V-
988,κατάγνυμι,V-
989,λίνον,Nb
990,τύφω,V-
991,σβέννυμι,V-
992,νῖκος,Nb
993,ἐλπίζω,V-
994,ἐξίστημι,V-
995,μερίζω,V-
996,ἐρημόω,V-
997,ἆρα,Df
998,φθάνω,V-
999,σκεῦος,Nb
1000,δέω#1,V-
1001,διαρπάζω,V-
1002,σκορπίζω,V-
1003,βλασφημία,Nb
1004,αἰών,Nb
1005,περίσσευμα,Nb
1006,ἀργός,A-
1007,σημεῖον,Nb
1008,μοιχαλίς,Nb
1009,Ἰωνᾶς,Ne
1010,κοιλία,Nb
1011,κῆτος,Nb
1012,τρεῖς,Ma
1013,Νινευίτης,Nb
1014,κατακρίνω,V-
1015,κήρυγμα,Nb
1016,βασίλισσα,Nb
1017,νότος,Nb
1018,πέρας,Nb
1019,διέρχομαι,V-
1020,ἄνυδρος,A-
1021,τόπος,Nb
1022,ὅθεν,Dq
1023,σχολάζω,V-
1024,σαρόω,V-
1025,κοσμέω,V-
1026,ἑπτά,Ma
1027,ἀδελφή,Nb
1028,αἰγιαλός,Nb
1029,παραβολή,Nb
1030,κατεσθίω,V-
1031,πετρώδης,A-
1032,ἐξανατέλλω,V-
1033,βάθος,Nb
1034,καυματίζω,V-
1035,ξηραίνω,V-
1036,πνίγω,V-
1037,ἑκατόν,Ma
1038,ἑξήκοντα,Ma
1039,τριάκοντα,Ma
1040,μυστήριον,Nb
1041,συνίημι,V-
1042,ἀναπληρόω,V-
1043,προφητεία,Nb
1044,παχύνω,V-
1045,βαρέως,Df
1046,καμμύω,V-
1047,πρόσκαιρος,A-
1048,θλῖψις,Nb
1049,διωγμός,Nb
1050,μέριμνα,Nb
1051,ἀπάτη,Nb
1052,πλοῦτος,Nb
1053,συμπνίγω,V-
1054,ἄκαρπος,A-
1055,δή,Df
1056,καρποφορέω,V-
1057,παρατίθημι,V-
1058,σπέρμα,Nb
1059,ζιζάνιον,Nb
1060,ἀνά,R-
1061,βλαστάνω,V-
1062,πόθεν,Du
1063,μήποτε,Df
1064,ἐκριζόω,V-
1065,ἅμα,R-
1066,συναυξάνω,V-
1067,θεριστής,Nb
1068,δέσμη,Nb
1069,κόκκος,Nb
1070,σίναπι,Nb
1071,λάχανον,Nb
1072,κατασκηνόω,V-
1073,κλάδος,Nb
1074,ζύμη,Nb
1075,ἐγκρύπτω,V-
1076,ἄλευρον,Nb
1077,σάτον,Nb
1078,ζυμόω,V-
1079,χωρίς,R-
1080,ἐρεύγομαι,V-
1081,καταβολή,Nb
1082,φράζω,V-
1083,συντέλεια,Nb
1084,σκάνδαλον,Nb
1085,κάμινος,Nb
1086,ἐκλάμπω,V-
1087,ἀγοράζω,V-
1088,ἔμπορος,Nb
1089,πολύτιμος,A-
1090,πέρνημι,V-
1091,σαγήνη,Nb
1092,γένος,Nb
1093,ἀναβιβάζω,V-
1094,ἀγγεῖον,Nb
1095,ἀφορίζω,V-
1096,μαθητεύω,V-
1097,μεταίρω,V-
1098,πατρίς,Nb
1099,τέκτων,Nb
1100,ἄτιμος,A-
1101,ἀπιστία,Nb
1102,τετραάρχης,Nb
1103,ἐνεργέω,V-
1104,ἀποτίθημι,V-
1105,Ἡρῳδιάς,Ne
1106,γενέσια,Nb
1107,ἀρέσκω,V-
1108,προβιβάζω,V-
1109,πίναξ,Nb
1110,λυπέω,V-
1111,ἀποκεφαλίζω,V-
1112,πτῶμα,Nb
1113,πεζός,A-
1114,ἄρρωστος,A-
1115,βρῶμα,Nb
1116,πέντε,Ma
1117,εὐλογέω,V-
1118,κλάω,V-
1119,κλάσμα,Nb
1120,κόφινος,Nb
1121,πλήρης,A-
1122,πεντακισχίλιοι,Ma
1123,ἀναγκάζω,V-
1124,ἐναντίος,A-
1125,τέταρτος,Mo
1126,φάντασμα,Nb
1127,φόβος,Nb
1128,καταποντίζω,V-
1129,ἐπιλαμβάνομαι,V-
1130,διστάζω,V-
1131,κοπάζω,V-
1132,ἀληθῶς,Df
1133,Γεννησαρέτ,Ne
1134,διασῴζω,V-
1135,παραβαίνω,V-
1136,παράδοσις,Nb
1137,πρέσβυς,A-
1138,τιμάω,V-
1139,κακολογέω,V-
1140,ὠφελέω,V-
1141,ἀκυρόω,V-
1142,χεῖλος,Nb
1143,πόρρω,Df
1144,μάτην,Df
1145,σέβω,V-
1146,διδασκαλία,Nb
1147,ἔνταλμα,Nb
1148,κοινόω,V-
1149,φυτεία,Nb
1150,φυτεύω,V-
1151,ὁδηγός,Nb
1152,ὁδηγέω,V-
1153,ἀκμήν,Df
1154,ἀσύνετος,A-
1155,νοέω,V-
1156,εἰσπορεύομαι,V-
1157,χωρέω,V-
1158,ἀφεδρών,Nb
1159,διαλογισμός,Nb
1160,φόνος,Nb
1161,μοιχεία,Nb
1162,κλοπή,Nb
1163,ψευδομαρτυρία,Nb
1164,ἄνιπτος,A-
1165,Χαναναῖος,A-
1166,ἐρωτάω,V-
1167,ὄπισθεν,R-
1168,βοηθέω,V-
1169,κυνάριον,Nb
1170,ψιχίον,Nb
1171,τράπεζα,Nb
1172,ὦ,I-
1173,κυλλός,A-
1174,προσμένω,V-
1175,νῆστις,A-
1176,ἐκλύω,V-
1177,ἐρημία,Nb
1178,ἰχθύδιον,Nb
1179,ἀναπίπτω,V-
1180,εὐχαριστέω,V-
1181,σπυρίς,Nb
1182,τετρακισχίλιοι,Ma
1183,Μαγαδάν,Ne
1184,ἐπιδείκνυμι,V-
1185,εὐδία,Nb
1186,πυρράζω,V-
1187,πρωΐ,Df
1188,χειμών,Nb
1189,στυγνάζω,V-
1190,διακρίνω,V-
1191,ἐπιλανθάνομαι,V-
1192,διαλογίζομαι,V-
1193,οὔπω,Df
1194,μνημονεύω,V-
1195,Καισάρεια,Ne
1196,Βαριωνᾶ,Ne
1197,σάρξ,Nb
1198,αἷμα,Nb
1199,ἐκκλησία,Nb
1200,κατισχύω,V-
1201,κλείς,Nb
1202,διαστέλλω,V-
1203,δεῖ,V-
1204,πάσχω,V-
1205,τρίτος,Mo
1206,προσλαμβάνω,V-
1207,ἵλαος,A-
1208,φρονέω,V-
1209,ἀπαρνέομαι,V-
1210,κερδαίνω,V-
1211,ζημιόω,V-
1212,ἀντάλλαγμα,Nb
1213,ἕκαστος,Px
1214,πρᾶξις,Nb
1215,γεύομαι,V-
1216,ἕξ,Ma
1217,ἀναφέρω,V-
1218,μεταμορφόω,V-
1219,συλλαλέω,V-
1220,σκηνή,Nb
1221,νεφέλη,Nb
1222,ἐπισκιάζω,V-
1223,ἐπαίρω,V-
1224,ὅραμα,Nb
1225,γονυπετέω,V-
1226,πολλάκις,Df
1227,ἄπιστος,A-
1228,διαστρέφω,V-
1229,πότε,Du
1230,ἀνέχω,V-
1231,ὀλιγοπιστία,Nb
1232,ἐνθάδε,Df
1233,ἀδυνατέω,V-
1234,συστρέφω,V-
1235,δίδραχμον,Nb
1236,προφθάνω,V-
1237,κῆνσος,Nb
1238,ἀλλότριος,A-
1239,ἐλεύθερος,A-
1240,ἄγκιστρον,Nb
1241,στατήρ,Nb
1242,ταπεινόω,V-
1243,κρεμάννυμι,V-
1244,μύλος,Nb
1245,ὀνικός,A-
1246,τράχηλος,Nb
1247,πέλαγος,Nb
1248,ἀνάγκη,Nb
1249,αἰώνιος,A-
1250,μονόφθαλμος,A-
1251,πλανάω,V-
1252,ἐνενήκοντα ἐννέα,Ma
1253,ἁμαρτάνω,V-
1254,ἐλέγχω,V-
1255,μεταξύ,R-
1256,μάρτυς,Nb
1257,παρακούω,V-
1258,συμφωνέω,V-
1259,πρᾶγμα,Nb
1260,ἐμός,Ps
1261,ποσάκις,Du
1262,ἑπτάκις,Df
1263,ἑβδομηκοντάκις,Df
1264,συναίρω,V-
1265,μύριοι,Ma
1266,τάλαντον,Nb
1267,μακροθυμέω,V-
1268,δάν(ε)ιον,Nb
1269,σύνδουλος,Nb
1270,ὀφείλω,V-
1271,δηνάριον,Nb
1272,διασαφέω,V-
1273,ὀφειλή,Nb
1274,ἐπεί,G-
1275,βασανιστής,Nb
1276,ἕκαστος,A-
1277,εἰ,Du
1278,αἰτία,Nb
1279,ἀρχή,Nb
1280,ἄρσην,A-
1281,θῆλυς,A-
1282,κολλάω,V-
1283,οὐκέτι,Df
1284,συζεύγνυμι,V-
1285,χωρίζω,V-
1286,βιβλίον,Nb
1287,σκληροκαρδία,Nb
1288,εὐνοῦχος,Nb
1289,εὐνουχίζω,V-
1290,κωλύω,V-
1291,τηρέω,V-
1292,ποῖος,Pi
1293,ψευδομαρτυρέω,V-
1294,νεανίσκος,Nb
1295,φυλάσσω,V-
1296,ὑστερέω,V-
1297,ὑπάρχω,V-
1298,δεῦρο,I-
1299,κτῆμα,Nb
1300,πλούσιος,A-
1301,δυσκόλως,Df
1302,τρύπημα,Nb
1303,ῥαφίς,Nb
1304,ἀδύνατος,A-
1305,δυνατός,A-
1306,παλιγγενεσία,Nb
1307,φυλή,Nb
1308,πολλαπλασίων,A-
1309,ἅμα,Df
1310,μισθόω,V-
1311,ἀμπελών,Nb
1312,ἕκτος,Mo
1313,ἔνατος,Mo
1314,ὡσαύτως,Df
1315,ἑνδέκατος,Mo
1316,ἐπίτροπος,Nb
1317,γογγύζω,V-
1318,ἴσος,A-
1319,βάρος,Nb
1320,καύσων,Nb
1321,ἑταῖρος,Nb
1322,ἀδικέω,V-
1323,σταυρόω,V-
1324,εὐώνυμος,A-
1325,δέκα,Ma
1326,ἀγανακτέω,V-
1327,κατακυριεύω,V-
1328,κατεξουσιάζω,V-
1329,διάκονος,Nb
1330,λύτρον,Nb
1331,Ἰεριχώ,Ne
1332,σιωπάω,V-
1333,φωνέω,V-
1334,ὄμμα,Nb
1335,Βηθφαγή,Ne
1336,ἐλαία,Nb
1337,κατέναντι,R-
1338,ὄνος,Nb
1339,πῶλος,Nb
1340,Σιών,Ne
1341,ἐπιβαίνω,V-
1342,ὑποζύγιον,Nb
1343,καθώς,Df
1344,ἐπικαθίζω,V-
1345,στρωννύω,V-
1346,ὡσαννά,I-
1347,ὕψιστος,A-
1348,σείω,V-
1349,κολλυβιστής,Nb
1350,καταστρέφω,V-
1351,καθέδρα,Nb
1352,προσευχή,Nb
1353,σπήλαιον,Nb
1354,λῃστής,Nb
1355,θαυμάσιος,A-
1356,θηλάζω,V-
1357,αἶνος,Nb
1358,Βηθανία,Ne
1359,αὐλίζομαι,V-
1360,ἐπανάγω,V-
1361,συκῆ,Nb
1362,φύλλον,Nb
1363,μηκέτι,Df
1364,παραχρῆμα,Df
1365,μεταμέλομαι,V-
1366,πόρνη,Nb
1367,φραγμός,Nb
1368,περιτίθημι,V-
1369,ὀρύσσω,V-
1370,ληνός,Nb
1371,πύργος,Nb
1372,ἐκδίδωμι,V-
1373,γεωργός,Nb
1374,ἀποδημέω,V-
1375,δέρω,V-
1376,λιθοβολέω,V-
1377,ἐντρέπω,V-
1378,κληρονόμος,Nb
1379,κληρονομία,Nb
1380,κακός,A-
1381,γραφή,Nb
1382,ἀποδοκιμάζω,V-
1383,θαυμαστός,A-
1384,γάμος,Nb
1385,ἄριστον,Nb
1386,ταῦρος,Nb
1387,σιτιστός,A-
1388,θύω,V-
1389,ἕτοιμος,A-
1390,ἀμελέω,V-
1391,ἐμπορία,Nb
1392,λοιπός,A-
1393,ὑβρίζω,V-
1394,στράτευμα,Nb
1395,φονεύς,Nb
1396,ἐμπίπρημι,V-
1397,διέξοδος,Nb
1398,τε,C-
1399,πίμπλημι,V-
1400,φιμόω,V-
1401,κλητός,A-
1402,ἐκλεκτός,A-
1403,παγιδεύω,V-
1404,Ἡρῳδιανοί,Nb
1405,ἀληθής,A-
1406,ἀλήθεια,Nb
1407,μέλει,V-
1408,Καῖσαρ,Nb
1409,πονηρία,Nb
1410,νόμισμα,Nb
1411,εἰκών,Nb
1412,ἐπιγραφή,Nb
1413,ἀνάστασις,Nb
1414,ἐπιγαμβρεύω,V-
1415,ὁμοίως,Df
1416,δεύτερος,Mo
1417,γαμίζω,V-
1418,νομικός,A-
1419,διάνοια,Nb
1420,ὑποκάτω,R-
1421,τολμάω,V-
1422,δεσμεύω,V-
1423,βαρύς,A-
1424,ὦμος,Nb
1425,δάκτυλος,Nb
1426,κινέω,V-
1427,πλατύνω,V-
1428,φυλακτήριον,Nb
1429,μεγαλύνω,V-
1430,πρωτοκλισία,Nb
1431,δεῖπνον,Nb
1432,πρωτοκαθεδρία,Nb
1433,ἀσπασμός,Nb
1434,ῥαββί,Nb
1435,καθηγητής,Nb
1436,προσήλυτος,Nb
1437,διπλόος,A-
1438,ναός,Nb
1439,ἀποδεκατόω,V-
1440,ἡδύοσμον,Nb
1441,ἄνηθον,Nb
1442,κύμινον,Nb
1443,διϋλίζω,V-
1444,κώνωψ,Nb
1445,καταπίνω,V-
1446,ἔξωθεν,R-
1447,παροψίς,Nb
1448,γέμω,V-
1449,ἁρπαγή,Nb
1450,ἀκρασία,Nb
1451,ἐντός,R-
1452,ἐκτός,R-
1453,παρομοιάζω,V-
1454,τάφος,Nb
1455,κονιάω,V-
1456,ἔξωθεν,Df
1457,ὡραῖος,A-
1458,ὀστέον,Nb
1459,ἀκαθαρσία,Nb
1460,μεστός,A-
1461,ὑπόκρισις,Nb
1462,κοινωνός,Nb
1463,μαρτυρέω,V-
1464,ὅπως,Df
1465,Ἅβελ,Ne
1466,Ζαχαρίας,Ne
1467,Βαραχίας,Ne
1468,ἐπισυνάγω,V-
1469,τρόπος,Nb
1470,ὄρνις,Nb
1471,νοσσίον,Nb
1472,πτέρυξ,Nb
1473,οἰκοδομή,Nb
1474,παρουσία,Nb
1475,πόλεμος,Nb
1476,θροέω,V-
1477,λιμός,Nb
1478,ὠδίν,Nb
1479,ἀλλήλων,Pc
1480,πληθύνω,V-
1481,ψύχω,V-
1482,ἀγάπη,Nb
1483,οἰκουμένη,Nb
1484,βδέλυγμα,Nb
1485,ἐρήμωσις,Nb
1486,Δανιήλ,Ne
1487,ὀπίσω,Df
1488,φυγή,Nb
1489,οἷος,Pr
1490,νῦν#1,Df
1491,κολοβόω,V-
1492,ψευδόχριστος,Nb
1493,τέρας,Nb
1494,προλέγω,V-
1495,ἀστραπή,Nb
1496,ἀετός,Nb
1497,σκοτίζω,V-
1498,σελήνη,Nb
1499,φέγγος,Nb
1500,σάλπιγξ,Nb
1501,τέσσαρες,Ma
1502,ἄκρον,Nb
1503,ἁπαλός,A-
1504,ἐκφύω,V-
1505,ἐγγύς,Df
1506,θέρος,Nb
1507,Νῶε,Ne
1508,κατακλυσμός,Nb
1509,τρώγω,V-
1510,ἄχρι,R-
1511,κιβωτός,Nb
1512,ἀλήθω,V-
1513,γρηγορέω,V-
1514,ἐάω,V-
1515,πιστός,A-
1516,καθίστημι,V-
1517,οἰκετεία,Nb
1518,χρονίζω,V-
1519,τύπτω,V-
1520,μεθύω,V-
1521,διχοτομέω,V-
1522,λαμπάς,Nb
1523,ἔλαιον,Nb
1524,νυστάζω,V-
1525,κραυγή,Nb
1526,ἀπάντησις,Nb
1527,ἀρκέω,V-
1528,ἀργύριον,Nb
1529,εὖ,Df
1530,σκληρός,A-
1531,διασκορπίζω,V-
1532,ὀκνηρός,A-
1533,τραπεζίτης,Nb
1534,κομίζω,V-
1535,σύν,R-
1536,τόκος,Nb
1537,ἀχρεῖος,A-
1538,ἔριφος,Nb
1539,ἐρίφιον,Nb
1540,ξένος,A-
1541,γυμνός,A-
1542,ἐπισκέπτομαι,V-
1543,καταράομαι,V-
1544,ἀσθενής,A-
1545,κόλασις,Nb
1546,πάσχα,Nb
1547,αὐλή,Nb
1548,Καϊάφας,Ne
1549,συμβουλεύω,V-
1550,δόλος,Nb
1551,ἑορτή,Nb
1552,θόρυβος,Nb
1553,ἀλάβαστρος,Nb
1554,μύρον,Nb
1555,καταχέω,V-
1556,κόπος,Nb
1557,παρέχω,V-
1558,πάντοτε,Df
1559,ἐνταφιάζω,V-
1560,μνημόσυνον,Nb
1561,εὐκαιρία,Nb
1562,ἄζυμος,A-
1563,δεῖνα,A-
1564,συντάσσω,V-
1565,ἐμβάπτω,V-
1566,τρύβλιον,Nb
1567,καθώς,Dq
1568,διαθήκη,Nb
1569,ἄφεσις,Nb
1570,γένημα,Nb
1571,ἄμπελος,Nb
1572,ὑμνέω,V-
1573,πατάσσω,V-
1574,ποίμνη,Nb
1575,ἀλέκτωρ,Nb
1576,τρίς,Df
1577,χωρίον,Nb
1578,Γεθσημανί,Ne
1579,αὐτοῦ,Df
1580,ἀδημονέω,V-
1581,περίλυπος,A-
1582,πρόθυμος,A-
1583,βαρέω,V-
1584,ξύλον,Nb
1585,καταφιλέω,V-
1586,πάρειμι#1,V-
1587,ἀποσπάω,V-
1588,ἀφαιρέω,V-
1589,ὠτίον,Nb
1590,παρίστημι,V-
1591,λεγιών,Nb
1592,συλλαμβάνω,V-
1593,καθέζομαι,V-
1594,μακρόθεν,Df
1595,ἔσω,Df
1596,ψευδόμαρτυς,Nb
1597,καταμαρτυρέω,V-
1598,ἐξορκίζω,V-
1599,δια(ρ)ρήγνυμι,V-
1600,ἐμπτύω,V-
1601,κολαφίζω,V-
1602,παίω,V-
1603,παιδίσκη,Nb
1604,Γαλιλαῖος,A-
1605,πυλών,Nb
1606,λαλιά,Nb
1607,δῆλος,A-
1608,καταθεματίζω,V-
1609,πικρῶς,Df
1610,πρωΐα,Nb
1611,Πιλᾶτος,Ne
1612,ἀθῷος,A-
1613,ἀπάγχω,V-
1614,κορβανᾶς,Nb
1615,τιμή,Nb
1616,κεραμεύς,Nb
1617,ταφή,Nb
1618,διό,Df
1619,καθά,Dq
1620,εἴωθα,V-
1621,δέσμιος,Nb
1622,ἐπίσημος,A-
1623,Βαραββᾶς,Ne
1624,φθόνος,Nb
1625,βῆμα,Nb
1626,πείθω,V-
1627,περισσῶς,Df
1628,ἀπονίζω,V-
1629,ἀπέναντι,R-
1630,φραγελλόω,V-
1631,πραιτώριον,Nb
1632,σπεῖρα,Nb
1633,ἐκδύω,V-
1634,χλαμύς,Nb
1635,κόκκινος,A-
1636,πλέκω,V-
1637,στέφανος,Nb
1638,Κυρηναῖος,A-
1639,Γολγοθᾶ,Ne
1640,κρανίον,Nb
1641,χολή,Nb
1642,μείγνυμι,V-
1643,διαμερίζω,V-
1644,κλῆρος,Nb
1645,παραπορεύομαι,V-
1646,ἄλλος,Px
1647,συσταυρόω,V-
1648,ἀναβοάω,V-
1649,ἑλωΐ,F-
1650,λεμά,F-
1651,σαβαχθάνι,F-
1652,ἐγκαταλείπω,V-
1653,τρέχω,V-
1654,σπόγγος,Nb
1655,ὄξος,Nb
1656,καταπέτασμα,Nb
1657,σχίζω,V-
1658,ἄνωθεν,Df
1659,κοιμάομαι,V-
1660,ἔγερσις,Nb
1661,ἐμφανίζω,V-
1662,θεωρέω,V-
1663,Μαγδαληνή,Nb
1664,Ἁριμαθαία,Ne
1665,ἐντυλίσσω,V-
1666,σινδών,Nb
1667,λατομέω,V-
1668,προσκυλίω,V-
1669,ἐπαύριον,Df
1670,παρασκευή,Nb
1671,πλάνος,A-
1672,ἀσφαλίζω,V-
1673,πλάνη,Nb
1674,κουστωδία,Nb
1675,σφραγίζω,V-
1676,ὀψέ,Df
1677,ἐπιφώσκω,V-
1678,ἀποκυλίω,V-
1679,εἰδέα,Nb
1680,χιών,Nb
1681,ἀμέριμνος,A-
1682,φημίζω,V-
1683,ἕνδεκα,Ma
1684,τάσσω,V-
1685,Ἱεροσολυμίτης,Nb
1686,κύπτω,V-
1687,ἱμάς,Nb
1688,θηρίον,Nb
1689,μισθωτός,Nb
1690,ἀνακράζω,V-
1691,Ναζαρηνός,Nb
1692,σπαράσσω,V-
1693,θαμβέω,V-
1694,συζητέω,V-
1695,ἐπιτάσσω,V-
1696,πανταχοῦ,Df
1697,κατάκειμαι,V-
1698,ἔννυχος,A-
1699,καταδιώκω,V-
1700,ἀλλαχοῦ,Df
1701,κωμόπολις,Nb
1702,καθαρισμός,Nb
1703,φανερῶς,Df
1704,πάντοθεν,Df
1705,ἀποστεγάζω,V-
1706,ἐξορύσσω,V-
1707,χαλάω,V-
1708,κράβαττος,Nb
1709,Λευί,Ne
1710,ἁμαρτωλός,Nb
1711,ὅτι,Du
1712,ἐπιρράπτω,V-
1713,Ἀβιαθάρ,Ne
1714,παρατηρέω,V-
1715,κακοποιέω,V-
1716,περιβλέπω,V-
1717,συλλυπέω,V-
1718,πώρωσις,Nb
1719,πλῆθος,Nb
1720,Ἰδουμαία,Ne
1721,πλοιάριον,Nb
1722,προσκαρτερέω,V-
1723,ἐπιπίπτω,V-
1724,μάστιξ,Nb
1725,Βοανηργές,Ne
1726,βροντή,Nb
1727,Θαδδαῖος,Ne
1728,μήτε,Df
1729,ἁμάρτημα,Nb
1730,στήκω,V-
1731,κύκλῳ,Df
1732,εἶτα,Df
1733,ἐπιθυμία,Nb
1734,παραδέχομαι,V-
1735,μήτι,Df
1736,φανερόω,V-
1737,ἀπόκρυφος,A-
1738,σπόρος,Nb
1739,μηκύνω,V-
1740,αὐτόματος,A-
1741,δρέπανον,Nb
1742,ἐπιλύω,V-
1743,λαῖλαψ,Nb
1744,γεμίζω,V-
1745,πρύμνα,Nb
1746,προσκεφάλαιον,Nb
1747,διεγείρω,V-
1748,Γερασηνός,A-
1749,κατοίκησις,Nb
1750,μνῆμα,Nb
1751,ἅλυσις,Nb
1752,πέδη,Nb
1753,διασπάω,V-
1754,δαμάζω,V-
1755,διαπαντός,Df
1756,κατακόπτω,V-
1757,ὁρκίζω,V-
1758,δισχίλιοι,Ma
1759,ἱματίζω,V-
1760,σωφρονέω,V-
1761,διηγέομαι,V-
1762,ἀρχισυνάγωγος,Nb
1763,Ἰάϊρος,Ne
1764,θυγάτριον,Nb
1765,ἐσχάτως,Df
1766,συνθλίβω,V-
1767,ῥύσις,Nb
1768,δαπανάω,V-
1769,πηγή,Nb
1770,τρέμω,V-
1771,συνακολουθέω,V-
1772,ἀλαλάζω,V-
1773,ταλιθά,F-
1774,κούμ,F-
1775,ἔκστασις,Nb
1776,Ἰωσῆς,Ne
1777,συγγενής,A-
1778,ὑποδέω,V-
1779,σανδάλιον,Nb
1780,χοῦς,Nb
1781,ἐνέχω,V-
1782,ἀπορέω,V-
1783,ἡδέως,Df
1784,εὔκαιρος,A-
1785,μεγιστάν,Nb
1786,χιλίαρχος,Nb
1787,ἥμισυς,A-
1788,σπουδή,Nb
1789,ἐξαυτῆς,Df
1790,ἀθετέω,V-
1791,σπεκουλάτωρ,Nb
1792,εὐκαιρέω,V-
1793,πεζῇ,Df
1794,συντρέχω,V-
1795,προέρχομαι,V-
1796,διακόσιοι,Ma
1797,συμπόσιον,Nb
1798,χλωρός,A-
1799,πρασιά,Nb
1800,πεντήκοντα,Ma
1801,κατακλάω,V-
1802,ἀποτάσσω,V-
1803,ἐλαύνω,V-
1804,πωρόω,V-
1805,προσορμίζω,V-
1806,περιτρέχω,V-
1807,περιφέρω,V-
1808,κοινός,A-
1809,πυκνός,A-
1810,βαπτισμός,Nb
1811,ξέστης,Nb
1812,χαλκίον,Nb
1813,κορβᾶν,F-
1814,παρόμοιος,A-
1815,πλεονεξία,Nb
1816,ἀσέλγεια,Nb
1817,ὑπερηφανία,Nb
1818,ἀφροσύνη,Nb
1819,λανθάνω,V-
1820,Ἑλληνίς,A-
1821,Συροφοινίκισσα,Nb
1822,μογιλάλος,A-
1823,ἀπολαμβάνω,V-
1824,πτύω,V-
1825,γλῶσσα,Nb
1826,στενάζω,V-
1827,ἐφφαθά,F-
1828,διανοίγω,V-
1829,δεσμός,Nb
1830,ὀρθῶς,Df
1831,ὑπερπερισσῶς,Df
1832,ἄλαλος,A-
1833,ὡς#2,Df
1834,Δαλμανουθά,Ne
1835,ἀναστενάζω,V-
1836,ἐκφέρω,V-
1837,δηλαυγῶς,Df
1838,παρρησία,Nb
1839,ἐπαισχύνομαι,V-
1840,στίλβω,V-
1841,γναφεύς,Nb
1842,λευκαίνω,V-
1843,ἔκφοβος,A-
1844,ἐξάπινα,Df
1845,ἐξουθενέω,V-
1846,ἐκθαμβέω,V-
1847,προστρέχω,V-
1848,καταλαμβάνω,V-
1849,ἀφρίζω,V-
1850,τρίζω,V-
1851,συσπαράσσω,V-
1852,κυλίω,V-
1853,παιδιόθεν,Df
1854,ἐπισυντρέχω,V-
1855,ἀγνοέω,V-
1856,διαλέγομαι,V-
1857,ἐναγκαλίζομαι,V-
1858,περίκειμαι,V-
1859,ἀποκόπτω,V-
1860,σκώληξ,Nb
1861,ἄναλος,A-
1862,ἀρτύω,V-
1863,εἰρηνεύω,V-
1864,συμπορεύομαι,V-
1865,κτίσις,Nb
1866,κατευλογέω,V-
1867,ἀποστερέω,V-
1868,νεότης,Nb
1869,χρῆμα,Nb
1870,δύσκολος,A-
1871,τρυμαλιά,Nb
1872,ἑκατονταπλασίων,A-
1873,συμβαίνω,V-
1874,προσπορεύομαι,V-
1875,Τιμαῖος,Ne
1876,Βαρτιμαῖος,Ne
1877,προσαίτης,Nb
1878,ἀποβάλλω,V-
1879,ῥαββουνί,Nb
1880,ἄμφοδον,Nb
1881,στιβάς,Nb
1882,ἀναμιμνῄσκω,V-
1883,ὄντως,Df
1884,ὑπολήνιον,Nb
1885,κενός,A-
1886,κεφαλιόω,V-
1887,ἀτιμάζω,V-
1888,ἀγρεύω,V-
1889,ἵνα,Df
1890,ἐξανίστημι,V-
1891,βάτος#1,Nb
1892,ἰσχύς,Nb
1893,πλήν,R-
1894,σύνεσις,Nb
1895,ὁλοκαύτωμα,Nb
1896,νουνεχῶς,Df
1897,στολή,Nb
1898,χήρα,Nb
1899,πρόφασις,Nb
1900,μακρός,A-
1901,γαζοφυλάκιον,Nb
1902,λεπτός,Nb
1903,ὑστέρησις,Nb
1904,βίος,Nb
1905,συντελέω,V-
1906,προμεριμνάω,V-
1907,κτίζω,V-
1908,ἐκλέγω,V-
1909,ἀποπλανάω,V-
1910,μέχρι,G-
1911,ἀγρυπνέω,V-
1912,ἀπόδημος,A-
1913,θυρωρός,Nb
1914,μεσονύκτιον,Nb
1915,ἀλεκτοροφωνία,Nb
1916,ἐξαίφνης,Df
1917,νάρδος,Nb
1918,πιστικός,A-
1919,πολυτελής,A-
1920,τριακόσιοι,Ma
1921,προλαμβάνω,V-
1922,μυρίζω,V-
1923,ἐνταφιασμός,Nb
1924,ἐπαγγέλλομαι,V-
1925,εὐκαίρως,Df
1926,ἀπαντάω,V-
1927,κεράμιον,Nb
1928,κατάλυμα,Nb
1929,ἀνάγαιον,Nb
1930,δίς,Df
1931,ἐκπερισσῶς,Df
1932,συναποθνῄσκω,V-
1933,ἀββά,Nb
1934,παραφέρω,V-
1935,ὑποστρέφω,V-
1936,καταβαρέω,V-
1937,σύσσημον,Nb
1938,ἀσφαλῶς,Df
1939,σπάω,V-
1940,συγκάθημαι,V-
1941,θερμαίνω,V-
1942,μαρτυρία,Nb
1943,χειροποίητος,A-
1944,ἀχειροποίητος,A-
1945,εὐλογητός,A-
1946,περικαλύπτω,V-
1947,ῥάπισμα,Nb
1948,ἐπίσταμαι,V-
1949,προαύλιον,Nb
1950,ἀναθεματίζω,V-
1951,ἀποφέρω,V-
1952,παραιτέομαι,V-
1953,στασιαστής,Nb
1954,στάσις,Nb
1955,ἀνασείω,V-
1956,συγκαλέω,V-
1957,ἐνδιδύσκω,V-
1958,πορφύρα,Nb
1959,ἀκάνθινος,A-
1960,γόνυ,Nb
1961,ἐξάγω,V-
1962,Ἀλέξανδρος,Ne
1963,Ῥοῦφος,Ne
1964,σμυρνίζω,V-
1965,ἐπιγράφω,V-
1966,οὐά,I-
1967,καθαιρέω,V-
1968,ἐκπνέω,V-
1969,κεντυρίων,Nb
1970,Σαλώμη,Ne
1971,συναναβαίνω,V-
1972,προσάββατον,Nb
1973,εὐσχήμων,A-
1974,βουλευτής,Nb
1975,προσδέχομαι,V-
1976,δωρέομαι,V-
1977,ἐνειλέω,V-
1978,κατατίθημι,V-
1979,διαγίγνομαι,V-
1980,ἄρωμα,Nb
1981,ἀνακυλίω,V-
1982,τρόμος,Nb
1983,ἀπιστέω,V-
1984,μορφή,Nb
1985,παρακολουθέω,V-
1986,θανάσιμος,A-
1987,βλάπτω,V-
1988,ἀναλαμβάνω,V-
1989,συνεργέω,V-
1990,βεβαιόω,V-
1991,ἐπακολουθέω,V-
1992,ἐπειδήπερ,G-
1993,ἐπιχειρέω,V-
1994,ἀνατάσσομαι,V-
1995,διήγησις,Nb
1996,πληροφορέω,V-
1997,αὐτόπτης,Nb
1998,καθεξῆς,Df
1999,κράτιστος,A-
2000,Θεόφιλος,Ne
2001,κατηχέω,V-
2002,ἀσφάλεια,Nb
2003,ἐφημερία,Nb
2004,Ἀαρών,Ne
2005,Ἐλισάβετ,Ne
2006,ἐναντίον,R-
2007,δικαίωμα,Nb
2008,ἄμεμπτος,A-
2009,καθότι,G-
2010,στεῖρα,Nb
2011,ἱερατεύω,V-
2012,τάξις,Nb
2013,ἔναντι,R-
2014,ἔθος,Nb
2015,ἱερατεία,Nb
2016,λαγχάνω,V-
2017,θυμιάω,V-
2018,θυμίαμα,Nb
2019,διότι,G-
2020,δέησις,Nb
2021,ἀγαλλίασις,Nb
2022,ἐνώπιον,R-
2023,σίκερα,Nb
2024,ἀπειθής,A-
2025,φρόνησις,Nb
2026,πρεσβύτης,Nb
2027,Γαβριήλ,Ne
2028,ἀντί,G-
2029,ὀπτασία,Nb
2030,διανεύω,V-
2031,διαμένω,V-
2032,ὡς,G-
2033,λειτουργία,Nb
2034,περικρύβω,V-
2035,μείς,Nb
2036,ἐφοράω,V-
2037,ὄνειδος,Nb
2038,χαριτόω,V-
2039,διαταράσσω,V-
2040,χάρις,Nb
2041,ἐπέρχομαι,V-
2042,συγγενίς,Nb
2043,γῆρας,Nb
2044,δούλη,Nb
2045,ὀρεινός,A-
2046,σκιρτάω,V-
2047,βρέφος,Nb
2048,ἀναφωνέω,V-
2049,τελείωσις,Nb
2050,σωτήρ,Nb
2051,ἐπιβλέπω,V-
2052,ταπείνωσις,Nb
2053,μακαρίζω,V-
2054,κράτος,Nb
2055,βραχίων,Nb
2056,ὑπερήφανος,A-
2057,δυνάστης,Nb
2058,ἐμπίμπλημι,V-
2059,πλουτέω,V-
2060,ἐξαποστέλλω,V-
2061,ἀντιλαμβάνω,V-
2062,περίοικος,A-
2063,συγχαίρω,V-
2064,ὄγδοος,Mo
2065,περιτέμνω,V-
2066,συγγένεια,Nb
2067,ἐννεύω,V-
2068,πινακίδιον,Nb
2069,περιοικέω,V-
2070,διαλαλέω,V-
2071,λύτρωσις,Nb
2072,κέρας,Nb
2073,σωτηρία,Nb
2074,ἀφόβως,Df
2075,ὁσιότης,Nb
2076,προπορεύομαι,V-
2077,γνῶσις,Nb
2078,σπλάγχνον,Nb
2079,ὕψος,Nb
2080,ἐπιφαίνω,V-
2081,κατευθύνω,V-
2082,κραταιόω,V-
2083,ἀνάδειξις,Nb
2084,δόγμα,Nb
2085,Αὔγουστος,Ne
2086,ἀπογράφω,V-
2087,ἀπογραφή,Nb
2088,ἡγεμονεύω,V-
2089,Κυρήνιος,Ne
2090,πατριά,Nb
2091,ἔγκυος,A-
2092,πρωτότοκος,A-
2093,σπαργανόω,V-
2094,φάτνη,Nb
2095,ἀγραυλέω,V-
2096,ἐφίστημι,V-
2097,περιλάμπω,V-
2098,στρατιά,Nb
2099,αἰνέω,V-
2100,γνωρίζω,V-
2101,σπεύδω,V-
2102,ἀνευρίσκω,V-
2103,συμβάλλω,V-
2104,ὀκτώ,Ma
2105,μήτρα,Nb
2106,ζεῦγος,Nb
2107,τρυγών,Nb
2108,νοσσός,Nb
2109,Συμεών,Ne
2110,εὐλαβής,A-
2111,παράκλησις,Nb
2112,εἰσάγω,V-
2113,ἐθίζω,V-
2114,ἀγκάλη,Nb
2115,δεσπότης,Nb
2116,σωτήριον,Nb
2117,ἀποκάλυψις,Nb
2118,ἀντιλέγω,V-
2119,ῥομφαία,Nb
2120,Ἅννα,Ne
2121,προφῆτις,Nb
2122,Φανουήλ,Ne
2123,Ἀσήρ,Ne
2124,παρθενία,Nb
2125,ὀγδοήκοντα τεσσάρες,Ma
2126,ἀφίστημι,V-
2127,νηστεία,Nb
2128,ἀνθομολογέομαι,V-
2129,τελειόω,V-
2130,συνοδία,Nb
2131,ἀναζητέω,V-
2132,γνωστός,A-
2133,ἀπόκρισις,Nb
2134,ὀδυνάω,V-
2135,ὑποτάσσω,V-
2136,διατηρέω,V-
2137,προκόπτω,V-
2138,πεντεκαιδέκατος,Mo
2139,ἡγεμονία,Nb
2140,Τιβέριος,Ne
2141,Πόντιος,Ne
2142,τετρααρχέω,V-
2143,Ἰτουραῖος,A-
2144,Τραχωνῖτις,A-
2145,Λυσανίας,Ne
2146,Ἀβιληνή,Ne
2147,Ἅννας,Ne
2148,φάραγξ,Nb
2149,βουνός,Nb
2150,σκολιός,A-
2151,τραχύς,A-
2152,λεῖος,A-
2153,μεταδίδωμι,V-
2154,πράσσω,V-
2155,στρατεύω,V-
2156,διασείω,V-
2157,συκοφαντέω,V-
2158,ὀψώνιον,Nb
2159,διακαθαίρω,V-
2160,κατακλείω,V-
2161,σωματικός,A-
2162,εἶδος,Nb
2163,Ἡλεί,Ne
2164,Μαθθάθ,Ne
2165,Μελχεὶ,Ne
2166,Ἰανναί,Ne
2167,Ματταθίας,Ne
2168,Ναούμ,Ne
2169,Ἐσλεί,Ne
2170,Ναγγαί,Ne
2171,Μάαθ,Ne
2172,Σεμεείν,Ne
2173,Ἰωσήχ,Ne
2174,Ἰωδά,Ne
2175,Ἰωανάν,Ne
2176,Ῥησά,Ne
2177,Νηρεί,Ne
2178,Ἀδδεί,Ne
2179,Κωσάμ,Ne
2180,Ἐλμαδάμ,Ne
2181,Ἤρ,Ne
2182,Ἐλιέζερ,Ne
2183,Ἰωρείμ,Ne
2184,Ἰωνάμ,Ne
2185,Ἐλιακείμ,Ne
2186,Μελεά,Ne
2187,Μεννά,Ne
2188,Ματταθά,Ne
2189,Ναθάμ,Ne
2190,Βόος,Ne
2191,Σαλά,Ne
2192,Ἀδμείν,Ne
2193,Ἀρνεί,Ne
2194,Θάρα,Ne
2195,Ναχώρ,Ne
2196,Σερούχ,Ne
2197,Ῥαγαῦ,Ne
2198,Φαλέκ,Ne
2199,Ἔβερ,Ne
2200,Καϊνάμ,Ne
2201,Ἀρφαξάδ,Ne
2202,Σήμ,Ne
2203,Λάμεχ,Ne
2204,Μαθουσαλά,Ne
2205,Ἑνώχ,Ne
2206,Ἰάρετ,Ne
2207,Μαλελεήλ,Ne
2208,Ἐνώς,Ne
2209,Σήθ,Ne
2210,Ἀδάμ,Ne
2211,στιγμή,Nb
2212,Ἱερουσαλήμ,Ne
2213,ἐντεῦθεν,Df
2214,διαφυλάσσω,V-
2215,ἀνατρέφω,V-
2216,ἀναπτύσσω,V-
2217,χρίω,V-
2218,αἰχμάλωτος,A-
2219,ἀνάβλεψις,Nb
2220,θραύω,V-
2221,ἐνιαυτός,Nb
2222,δεκτός,A-
2223,πτύσσω,V-
2224,ἀτενίζω,V-
2225,πάντως,Df
2226,χῆρος,Nb
2227,Σάρεπτα,Ne
2228,Σιδωνία,Ne
2229,Ἐλισαῖος,Ne
2230,Ναιμάν,Ne
2231,Σύρος,Nb
2232,θυμός,Nb
2233,ὀφρῦς,Nb
2234,κατακρημνίζω,V-
2235,κατέρχομαι,V-
2236,ἔα,I-
2237,θάμβος,Nb
2238,ἦχος,Nb
2239,δύω,V-
2240,κατέχω,V-
2241,ἐπίκειμαι,V-
2242,λίμνη,Nb
2243,ἀποβαίνω,V-
2244,πλύνω,V-
2245,παύω,V-
2246,ἄγρα,Nb
2247,ἐπιστάτης,Nb
2248,συγκλείω,V-
2249,κατανεύω,V-
2250,μέτοχος,A-
2251,βυθίζω,V-
2252,περιέχω,V-
2253,ζωγρέω,V-
2254,κατάγω,V-
2255,ὑποχωρέω,V-
2256,νομοδιδάσκαλος,Nb
2257,παραλύω,V-
2258,κέραμος,Nb
2259,καθίημι,V-
2260,κλινίδιον,Nb
2261,παράδοξος,A-
2262,δοχή,Nb
2263,ὑγιαίνω,V-
2264,μήγε,Df
2265,δευτερόπρωτος,A-
2266,διαπορεύομαι,V-
2267,ψώχω,V-
2268,ὁπότε,G-
2269,ἀγαθοποιέω,V-
2270,ἄνοια,Nb
2271,διανυκτερεύω,V-
2272,ὀνομάζω,V-
2273,ζηλωτής,Nb
2274,προδότης,Nb
2275,πεδινός,A-
2276,παράλιος,A-
2277,ἐνοχλέω,V-
2278,ὑμέτερος,Ps
2279,γελάω,V-
2280,ἐπηρεάζω,V-
2281,ἀπαιτέω,V-
2282,ἀπελπίζω,V-
2283,ἀχάριστος,A-
2284,οἰκτίρμων,A-
2285,πιέζω,V-
2286,ὑπερεκχύννω,V-
2287,κόλπος,Nb
2288,ἀντιμετρέω,V-
2289,τρυγάω,V-
2290,προφέρω,V-
2291,σκάπτω,V-
2292,βαθύνω,V-
2293,θεμέλιος,Nb
2294,πλήμμυρα,Nb
2295,προσρήσσω,V-
2296,ῥῆγμα,Nb
2297,ἐπειδή,G-
2298,ἔντιμος,A-
2299,σπουδαίως,Df
2300,ἀξιόω,V-
2301,ἑξῆς,Df
2302,Ναΐν,Ne
2303,ἐκκομίζω,V-
2304,μονογενής,A-
2305,σορός,Nb
2306,ἀνακαθίζω,V-
2307,χαρίζομαι,V-
2308,ἱματισμός,Nb
2309,ἔνδοξος,A-
2310,τρυφή,Nb
2311,βασίλειος,A-
2312,βουλή,Nb
2313,κατακλίνω,V-
2314,δάκρυον,Nb
2315,ἐκμάσσω,V-
2316,χρεοφειλέτης,Nb
2317,δαν(ε)ιστής,Nb
2318,πεντακόσιοι,Ma
2319,ὑπολαμβάνω,V-
2320,φίλημα,Nb
2321,διαλείπω,V-
2322,χάριν,R-
2323,διοδεύω,V-
2324,Ἰωάν(ν)α,Ne
2325,Χουζᾶς,Ne
2326,Σουσάννα,Ne
2327,σύνειμι#2,V-
2328,ἐπιπορεύομαι,V-
2329,καταπίπτω,V-
2330,φύω,V-
2331,ἰκμάς,Nb
2332,συμφύω,V-
2333,ἀποπνίγω,V-
2334,ἡδονή,Nb
2335,τελεσφορέω,V-
2336,ὑπομονή,Nb
2337,συντυγχάνω,V-
2338,πλέω,V-
2339,ἀφυπνόω,V-
2340,συμπληρόω,V-
2341,κινδυνεύω,V-
2342,κλύδων,Nb
2343,καταπλέω,V-
2344,ἀντιπέρα,R-
2345,συναρπάζω,V-
2346,ἄβυσσος,Nb
2347,ἀποδέχομαι,V-
2348,προσαναλίσκω,V-
2349,ἀποθλίβω,V-
2350,ἀποτινάσσω,V-
2351,διαπορέω,V-
2352,θεραπεία,Nb
2353,ἐπισιτισμός,Nb
2354,κλισία,Nb
2355,σύνειμι#1,V-
2356,ἐξαστράπτω,V-
2357,ἔξοδος,Nb
2358,διαγρηγορέω,V-
2359,συνίστημι,V-
2360,διαχωρίζω,V-
2361,σιγάω,V-
2362,συναντάω,V-
2363,ἀφρός,Nb
2364,μόγις,Df
2365,προσάγω,V-
2366,μεγαλειότης,Nb
2367,παρακαλύπτω,V-
2368,αἰσθάνομαι,V-
2369,ἀνάλημψις,Nb
2370,στηρίζω,V-
2371,ἀναλίσκω,V-
2372,διαγγέλλω,V-
2373,ἄροτρον,Nb
2374,εὔθετος,A-
2375,ἀναδείκνυμι,V-
2376,ἑβδομήκοντα,Ma
2377,ἀρήν,Nb
2378,βαλλάντιον,Nb
2379,ἐπαναπαύομαι,V-
2380,ἀπομάσσω,V-
2381,πατέω,V-
2382,σκορπίος,Nb
2383,ἐγγράφω,V-
2384,ἀποκρύπτω,V-
2385,περιπίπτω,V-
2386,πληγή,Nb
2387,ἡμιθανής,A-
2388,συγκυρία,Nb
2389,ἀντιπαρέρχομαι,V-
2390,Λευίτης,Nb
2391,ὁδεύω,V-
2392,καταδέω,V-
2393,τραῦμα,Nb
2394,ἐπιχέω,V-
2395,ἐπιβιβάζω,V-
2396,κτῆνος,Nb
2397,πανδοχεῖον,Nb
2398,ἐπιμελέομαι,V-
2399,πανδοχεύς,Nb
2400,προσδαπανάω,V-
2401,ἐπανέρχομαι,V-
2402,Μάρθα,Ne
2403,ὑποδέχομαι,V-
2404,ὅδε,Pd
2405,παρακαθέζομαι,V-
2406,περισπάω,V-
2407,διακονία,Nb
2408,συναντιλαμβάνομαι,V-
2409,θορυβάζω,V-
2410,μερίς,Nb
2411,χράω,V-
2412,κοίτη,Nb
2413,γε,Df
2414,ἀναίδεια,Nb
2415,ᾠόν,Nb
2416,διανόημα,Nb
2417,καθοπλίζω,V-
2418,νικάω,V-
2419,πανοπλία,Nb
2420,σκῦλον,Nb
2421,διαδίδωμι,V-
2422,μαστός,Nb
2423,μενοῦν,Df
2424,ἐπαθροίζω,V-
2425,κρύπτη,Nb
2426,σκοπέω,V-
2427,φωτίζω,V-
2428,ἀριστάω,V-
2429,ἄφρων,A-
2430,ἔνειμι#1,V-
2431,πήγανον,Nb
2432,παρίημι,V-
2433,ἄδηλος,A-
2434,δυσβάστακτος,A-
2435,προσψαύω,V-
2436,συνευδοκέω,V-
2437,ἐκδιώκω,V-
2438,ἐκζητέω,V-
2439,ἀποστοματίζω,V-
2440,ἐνεδρεύω,V-
2441,θηρεύω,V-
2442,μυριάς,Nb
2443,συγκαλύπτω,V-
2444,ἐμβάλλω,V-
2445,ἀπολογέομαι,V-
2446,μεριστής,Nb
2447,εὐφορέω,V-
2448,εὐφραίνω,V-
2449,κόραξ,Nb
2450,ὑφαίνω,V-
2451,ἀμφιέζω,V-
2452,μετεωρίζομαι,V-
2453,ποίμνιον,Nb
2454,παλαιόω,V-
2455,ἀνέκλειπτος,A-
2456,διαφθείρω,V-
2457,περιζώννυμι,V-
2458,ἀναλύω,V-
2459,οἰκονόμος,Nb
2460,σιτομέτριον,Nb
2461,τε,Df
2462,μεθύσκω,V-
2463,ἀνάπτω,V-
2464,διαμερισμός,Nb
2465,ὄμβρος,Nb
2466,δοκιμάζω,V-
2467,ἐργασία,Nb
2468,ἀπαλλάσσω,V-
2469,κατασύρω,V-
2470,πράκτωρ,Nb
2471,δεκαοκτώ,Ma
2472,Σιλωάμ,Ne
2473,ἀμπελουργός,Nb
2474,ἀπό,G-
2475,καταργέω,V-
2476,κόπριον,Nb
2477,συγκύπτω,V-
2478,ἀνακύπτω,V-
2479,παντελής,A-
2480,ἀνορθόω,V-
2481,βοῦς,Nb
2482,καταισχύνω,V-
2483,ἀντίκειμαι,V-
2484,κῆπος,Nb
2485,πορεία,Nb
2486,ἀγωνίζομαι,V-
2487,ἀποκλείω,V-
2488,ἀδικία,Nb
2489,βορρᾶς,Nb
2490,ἴασις,Nb
2491,ἀποτελέω,V-
2492,ἐνδέχομαι,V-
2493,νοσσιά,Nb
2494,ὅτε,Dq
2495,ὑδρωπικός,A-
2496,ἡσυχάζω,V-
2497,φρέαρ,Nb
2498,ἀνασπάω,V-
2499,ἀνταποκρίνομαι,V-
2500,ἐπέχω,V-
2501,αἰσχύνη,Nb
2502,προσαναβαίνω,V-
2503,ἀνώτερος,A-
2504,γείτων,Nb
2505,ἀντικαλέω,V-
2506,ἀνταπόδομα,Nb
2507,ἀνάπηρος,A-
2508,ἀνταποδίδωμι,V-
2509,ταχέως,Df
2510,ψηφίζω,V-
2511,δαπάνη,Nb
2512,ἀπαρτισμός,Nb
2513,ἐκτελέω,V-
2514,βουλεύω,V-
2515,χιλιάς,Nb
2516,εἴκοσι,Ma
2517,πρεσβεία,Nb
2518,κοπρία,Nb
2519,διαγογγύζω,V-
2520,συνεσθίω,V-
2521,δραχμή,Nb
2522,ἐπιμελῶς,Df
2523,φίλη,Nb
2524,οὐσία,Nb
2525,διαιρέω,V-
2526,ἀσώτως,Df
2527,πολίτης,Nb
2528,κεράτιον,Nb
2529,μίσθιος,A-
2530,δακτύλιος,Nb
2531,μόσχος,Nb
2532,σιτευτός,A-
2533,ἀναζάω,V-
2534,συμφωνία,Nb
2535,χορός,Nb
2536,διαβάλλω,V-
2537,οἰκονομία,Nb
2538,οἰκονομέω,V-
2539,ἐπαιτέω,V-
2540,αἰσχύνω,V-
2541,μεθίστημι,V-
2542,βάτος#2,Nb
2543,γράμμα,Nb
2544,ἔπειτα,Df
2545,κόρος,Nb
2546,ὀγδοήκοντα,Ma
2547,ἐπαινέω,V-
2548,φρονίμως,Df
2549,ἐκλείπω,V-
2550,ἀληθινός,A-
2551,οἰκέτης,Nb
2552,φιλάργυρος,A-
2553,ἐκμυκτηρίζω,V-
2554,βύσσος,Nb
2555,λαμπρῶς,Df
2556,Λάζαρος,Ne
2557,ἑλκόω,V-
2558,ἐπιλείχω,V-
2559,ἕλκος,Nb
2560,βάπτω,V-
2561,καταψύχω,V-
2562,φλόξ,Nb
2563,χάσμα,Nb
2564,διαβαίνω,V-
2565,ἔνθεν,Df
2566,διαμαρτύρομαι,V-
2567,ἀνένδεκτος,A-
2568,λυσιτελέω,V-
2569,μυλικός,A-
2570,συκάμινος,A-
2571,ἀροτριάω,V-
2572,δειπνέω,V-
2573,Σαμάρεια,Ne
2574,πόρρωθεν,Df
2575,ἐννέα,Ma
2576,ἀλλογενής,A-
2577,παρατήρησις,Nb
2578,ἀστράπτω,V-
2579,Λώτ,Ne
2580,θεῖον,Nb
2581,περιποιέω,V-
2582,ζῳογονέω,V-
2583,ἐγκακέω,V-
2584,ἐκδικέω,V-
2585,ὑπωπιάζω,V-
2586,ἐκδίκησις,Nb
2587,τάχος,Nb
2588,μοιχός,Nb
2589,στῆθος,Nb
2590,ἱλάσκομαι,V-
2591,λείπω,V-
2592,τρῆμα,Nb
2593,Ζακχαῖος,Ne
2594,ἀρχιτελώνης,Nb
2595,προτρέχω,V-
2596,ἔμπροσθεν,Df
2597,συκομορέα,Nb
2598,τετραπλοῦς,Nb
2599,ἀναφαίνω,V-
2600,εὐγενής,A-
2601,μνᾶ,Nb
2602,πραγματεύομαι,V-
2603,διαπραγματεύομαι,V-
2604,προσεργάζομαι,V-
2605,εὖγε,Df
2606,ἀπόκειμαι,V-
2607,σουδάριον,Nb
2608,αὐστηρός,A-
2609,κατασφάζω,V-
2610,πώποτε,Df
2611,ἐπιρρίπτω,V-
2612,ὑποστρωννύω,V-
2613,κατάβασις,Nb
2614,εἰ#2,Df
2615,καίγε,Df
2616,παραβάλλω,V-
2617,χάραξ,Nb
2618,περικυκλόω,V-
2619,ἐδαφίζω,V-
2620,ἐπισκοπή,Nb
2621,ἐκκρεμάννυμι,V-
2622,συλλογίζομαι,V-
2623,καταλιθάζω,V-
2624,τραυματίζω,V-
2625,ἴσως,Df
2626,συνθλάω,V-
2627,λικμάω,V-
2628,ἐγκάθετος,A-
2629,ὑποκρίνω,V-
2630,φόρος,Nb
2631,πανουργία,Nb
2632,τοίνυν,Df
2633,ἄτεκνος,A-
2634,καταξιόω,V-
2635,τυγχάνω,V-
2636,ἰσάγγελος,A-
2637,μηνύω,V-
2638,ψαλμός,Nb
2639,πενιχρός,A-
2640,ὑστέρημα,Nb
2641,ἀνάθεμα,Nb
2642,ἀκαταστασία,Nb
2643,πτοέω,V-
2644,λοιμός,Nb
2645,φόβητρον,Nb
2646,προμελετάω,V-
2647,κυκλόω,V-
2648,στρατόπεδον,Nb
2649,ἐκχωρέω,V-
2650,αἰχμαλωτίζω,V-
2651,ἄχρι,G-
2652,ἄστρον,Nb
2653,συνοχή,Nb
2654,ἀπορία,Nb
2655,σάλος,Nb
2656,ἀποψύχω,V-
2657,προσδοκία,Nb
2658,ἀπολύτρωσις,Nb
2659,προβάλλω,V-
2660,κραιπάλη,Nb
2661,μέθη,Nb
2662,βιωτικός,A-
2663,αἰφνίδιος,A-
2664,παγίς,Nb
2665,ἐκφεύγω,V-
2666,ὀρθρίζω,V-
2667,ἀριθμός,Nb
2668,στρατηγός,Nb
2669,συντίθημι,V-
2670,ἄτερ,R-
2671,ἀνάμνησις,Nb
2672,ὁρίζω,V-
2673,φιλονεικία,Nb
2674,κυριεύω,V-
2675,ἐξουσιάζω,V-
2676,εὐεργέτης,Nb
2677,διατίθημι,V-
2678,ἐξαιτέω,V-
2679,σινιάζω,V-
2680,ποτε,Df
2681,ἄνομος,A-
2682,λογίζομαι,V-
2683,βολή,Nb
2684,ἐνισχύω,V-
2685,ἀγωνία,Nb
2686,ἐκτενῶς,Df
2687,ἱδρώς,Nb
2688,θρόμβος,Nb
2689,λύπη,Nb
2690,συγκαθίζω,V-
2691,βραχύς,A-
2692,διΐστημι,V-
2693,διϊσχυρίζομαι,V-
2694,ὑπομιμνῄσκω,V-
2695,πρεσβυτέριον,Nb
2696,αἴτιος,A-
2697,ἐπισχύω,V-
2698,ἀναπέμπω,V-
2699,εὐτόνως,Df
2700,ἐσθής,Nb
2701,λαμπρός,A-
2702,προϋπάρχω,V-
2703,ἔχθρα,Nb
2704,ἀνακρίνω,V-
2705,παιδεύω,V-
2706,παμπληθεί,Df
2707,ἐπιφωνέω,V-
2708,ἐπικρίνω,V-
2709,αἴτημα,Nb
2710,ὑγρός,A-
2711,κακοῦργος,A-
2712,δικαίως,Df
2713,ἄτοπος,A-
2714,παράδεισος,Nb
2715,συμπαραγίγνομαι,V-
2716,θεωρία,Nb
2717,συγκατατίθεμαι,V-
2718,λαξευτός,A-
2719,οὐδέπω,Df
2720,κατακολουθέω,V-
2721,ὄρθρος,Nb
2722,βαθύς,A-
2723,ἔμφοβος,A-
2724,λῆρος,Nb
2725,στάδιον,Nb
2726,Ἐμμαοῦς,Ne
2727,ὁμιλέω,V-
2728,ἀντιβάλλω,V-
2729,Κλεοπᾶς,Ne
2730,παροικέω,V-
2731,ὅπως,Dq
2732,λυτρόω,V-
2733,ὀρθρινός,A-
2734,ἀνόητος,A-
2735,βραδύς,A-
2736,διερμηνεύω,V-
2737,προσποιέω,V-
2738,παραβιάζομαι,V-
2739,ἑσπέρα,Nb
2740,ἄφαντος,A-
2741,ἀθροίζω,V-
2742,ἐξηγέομαι,V-
2743,κλάσις,Nb
2744,ψηλαφάω,V-
2745,βρώσιμος,A-
2746,ὀπτός,A-
2747,νόος,Nb
2748,ἐπαγγελία,Nb
2749,σκηνόω,V-
2750,εὐθύνω,V-
2751,ἀμνός,Nb
2752,ἑρμηνεύω,V-
2753,δέκατος,Mo
2754,Μεσσίας,Ne
2755,Κηφᾶς,Ne
2756,Ναθαναήλ,Ne
2757,Ἰσραηλίτης,Nb
2758,Κανά,Ne
2759,λίθινος,A-
2760,ὑδρία,Nb
2761,μετρητής,Nb
2762,ἄνω,Df
2763,ἀντλέω,V-
2764,ἀρχιτρίκλινος,Nb
2765,ἐλάσσων,A-
2766,κερματιστής,Nb
2767,φραγέλλιον,Nb
2768,σχοινίον,Nb
2769,κέρμα,Nb
2770,ἀνατρέπω,V-
2771,ἐμπόριον,Nb
2772,ζῆλος,Nb
2773,Νικόδημος,Ne
2774,γέρων,Nb
2775,ἐπίγειος,A-
2776,ἐπουράνιος,A-
2777,φαῦλος,A-
2778,διατρίβω,V-
2779,Αἰνών,Ne
2780,Σαλείμ,Ne
2781,ζήτησις,Nb
2782,ἐλαττόω,V-
2783,ἀπειθέω,V-
2784,καίτοιγε,Df
2785,Συχάρ,Ne
2786,πλησίον,R-
2787,ὁδοιπορία,Nb
2788,Σαμαρῖτις,Nb
2789,δωρεά,Nb
2790,ἄντλημα,Nb
2791,θρέμμα,Nb
2792,ἅλλομαι,V-
2793,προσκυνητής,Nb
2794,ἀναγγέλλω,V-
2795,μέντοι,Df
2796,μεταξύ,Df
2797,τετράμηνος,A-
2798,ὁμοῦ,Df
2799,βασιλικός,A-
2800,ἀγγέλλω,V-
2801,κομψότερον,Df
2802,ἐχθές,Df
2803,ἕβδομος,Mo
2804,προβατικός,A-
2805,κολυμβήθρα,Nb
2806,ἑβραϊστί,Df
2807,Βηθζαθά,Ne
2808,στοά,Nb
2809,ἐκνεύω,V-
2810,ζῳοποιέω,V-
2811,ἐραυνάω,V-
2812,Τιβεριάς,Ne
2813,ἀνέρχομαι,V-
2814,παιδάριον,Nb
2815,κρίθινος,A-
2816,ὀψάριον,Nb
2817,βιβρώσκω,V-
2818,εἴκοσι πέντε,Ma
2819,ἐγγύς,R-
2820,συνεισέρχομαι,V-
2821,μάννα,Nb
2822,ἕλκω,V-
2823,διδακτός,A-
2824,μάχομαι,V-
2825,πόσις,Nb
2826,πρότερος,A-
2827,σκηνοπηγία,Nb
2828,γογγυσμός,Nb
2829,μεσόω,V-
2830,πότερον,Du
2831,περιτομή,Nb
2832,Μωϋσῆς,Nb
2833,χολάω,V-
2834,ὄψις,Nb
2835,πιάζω,V-
2836,διασπορά,Nb
2837,Ἕλλην,Nb
2838,ῥέω,V-
2839,ἐπάρατος,A-
2840,ἐπαυτοφώρῳ,Df
2841,ἐπιμένω,V-
2842,ἀναμάρτητος,A-
2843,συνείδησις,Nb
2844,κατήγορος,Nb
2845,ἀρεστός,A-
2846,ἐλευθερόω,V-
2847,ἀνθρωποκτόνος,A-
2848,ψεῦδος,Nb
2849,ψεύστης,Nb
2850,γενετή,Nb
2851,χαμαί,Df
2852,πηλός,Nb
2853,πτύσμα,Nb
2854,ἐπιχρίω,V-
2855,προσαιτέω,V-
2856,ἀποσυνάγωγος,A-
2857,λοιδορέω,V-
2858,θεοσεβής,A-
2859,ἀλλαχόθεν,Df
2860,παροιμία,Nb
2861,νομή,Nb
2862,μαίνομαι,V-
2863,ἐγκαίνια,Nb
2864,λιθάζω,V-
2865,ἐξυπνίζω,V-
2866,κοίμησις,Nb
2867,Δίδυμος,Ne
2868,συμμαθητής,Nb
2869,δεκαπέντε,Ma
2870,παραμυθέομαι,V-
2871,δακρύω,V-
2872,ὄζω,V-
2873,τεταρταῖος,A-
2874,περιΐστημι,V-
2875,κειρία,Nb
2876,περιδέω,V-
2877,Ῥωμαῖος,A-
2878,Ἐφραίμ,Ne
2879,ἁγνίζω,V-
2880,λίτρα,Nb
2881,ὀσμή,Nb
2882,γλωσσόκομον,Nb
2883,βαΐον,Nb
2884,φοῖνιξ,Nb
2885,ὀνάριον,Nb
2886,σημαίνω,V-
2887,τυφλόω,V-
2888,ὅμως,Df
2889,ἤπερ,Df
2890,λέντιον,Nb
2891,διαζώννυμι,V-
2892,νιπτήρ,Nb
2893,λούω,V-
2894,ὑπόδειγμα,Nb
2895,πτέρνα,Nb
2896,ἀπάρτι,Df
2897,νεύω,V-
2898,ψωμίον,Nb
2899,τεκνίον,Nb
2900,μονή,Nb
2901,παράκλητος,Nb
2902,ὀρφανός,A-
2903,δειλιάω,V-
2904,κλῆμα,Nb
2905,καθαίρω,V-
2906,λατρεία,Nb
2907,χείμαρρος,Nb
2908,Κεδρών,Ne
2909,φανός,Nb
2910,ὅπλον,Nb
2911,Μάλχος,Ne
2912,θήκη,Nb
2913,πενθερός,Nb
2914,ἀνθρακιά,Nb
2915,ψῦχος,Nb
2916,μιαίνω,V-
2917,κατηγορία,Nb
2918,οὐκοῦν#1,Df
2919,συνήθεια,Nb
2920,πορφύρεος,A-
2921,λιθόστρωτος,A-
2922,Γαββαθά,Ne
2923,τίτλος,Nb
2924,Ῥωμαϊστί,Df
2925,ἑλληνιστὶ,Df
2926,ἄραφος,A-
2927,ὑφαντός,A-
2928,Κλωπᾶς,Ne
2929,ὕσσωπος,Nb
2930,σκέλος,Nb
2931,λόγχη,Nb
2932,πλευρά,Nb
2933,νύσσω,V-
2934,ἐκκεντέω,V-
2935,μίγμα,Nb
2936,ἀλόη,Nb
2937,ὀθόνιον,Nb
2938,παρακύπτω,V-
2939,χωρίς,Df
2940,κηπουρός,Nb
2941,ἐμφυσάω,V-
2942,τύπος,Nb
2943,ἧλος,Nb
2944,ἁλιεύω,V-
2945,προσφάγιον,Nb
2946,ἐπενδύτης,Nb
2947,σύρω,V-
2948,ἑκατόν πεντήκοντα τρεῖς,Ma
2949,ἀρνίον,Nb
2950,ζωννύω,V-
2951,γηράσκω,V-
2952,τεκμήριον,Nb
2953,ὀπτάνομαι,V-
2954,συναλίζω#1,V-
2955,περιμένω,V-
2956,ἐλαιών,Nb
2957,ὑπερῷον,Nb
2958,καταμένω,V-
2959,ὁμοθυμαδόν,Df
2960,Πέτρος,Nb
2961,ἑκατὸν εἴκοσι,Ma
2962,καταριθμέω,V-
2963,πρηνής,A-
2964,λακάω,V-
2965,διάλεκτος,Nb
2966,Ἁκελδαμάχ,Ne
2967,ἔπαυλις,Nb
2968,Βαρσαββᾶς,Ne
2969,Ἰοῦστος,Ne
2970,Μαθθίας,Ne
2971,καρδιογνώστης,Nb
2972,ἀποστολή,Nb
2973,συγκαταψηφίζομαι,V-
2974,πεντηκοστή,Nb
2975,ἄφνω,Df
2976,πνοή,Nb
2977,βίαιος,A-
2978,ἀποφθέγγομαι,V-
2979,συγχέω,V-
2980,Πάρθοι,Nb
2981,Μῆδος,Nb
2982,Ἐλαμείτης,Nb
2983,Μεσοποταμία,Ne
2984,Καππαδοκία,Ne
2985,Πόντος,Ne
2986,Ἀσία,Ne
2987,Φρυγία,Ne
2988,Παμφυλία,Ne
2989,Λιβύη,Ne
2990,Κυρήνη,Ne
2991,ἐπιδημέω,V-
2992,Κρής,Nb
2993,Ἄραψ,Nb
2994,ἡμέτερος,Ps
2995,μεγαλεῖος,A-
2996,χλευάζω,V-
2997,γλεῦκος,Nb
2998,μεστόω,V-
2999,ἐνωτίζομαι,V-
3000,Ἰωήλ,Ne
3001,ὅρασις,Nb
3002,ἐνύπνιον,Nb
3003,ἐνυπνιάζομαι,V-
3004,ἀτμίς,Nb
3005,καπνός,Nb
3006,μεταστρέφω,V-
3007,ἀποδείκνυμι,V-
3008,πρόγνωσις,Nb
3009,ἔκδοτος,A-
3010,προσπήγνυμι,V-
3011,προοράω,V-
3012,ἐλπίς,Nb
3013,ὅσιος,A-
3014,διαφθορά,Nb
3015,εὐφροσύνη,Nb
3016,πατριάρχης,Nb
3017,κατανύσσομαι,V-
3018,τρισχίλιοι,Ma
3019,κοινωνία,Nb
3020,ὕπαρξις,Nb
3021,καθότι,Dq
3022,μεταλαμβάνω,V-
3023,ἀφελότης,Nb
3024,εἴσειμι#2,V-
3025,χρυσίον,Nb
3026,στερεόω,V-
3027,βάσις,Nb
3028,σφυδρόν,Nb
3029,ἐξάλλομαι,V-
3030,ἔκθαμβος,A-
3031,εὐσέβεια,Nb
3032,ἀρχηγός,Nb
3033,ὁλοκληρία,Nb
3034,ἄγνοια,Nb
3035,προκαταγγέλλω,V-
3036,ἐξαλείφω,V-
3037,ἀνάψυξις,Nb
3038,προχειρίζομαι,V-
3039,ἀποκατάστασις,Nb
3040,ἐξολεθρεύω,V-
3041,Σαμουήλ,Ne
3042,καταγγέλλω,V-
3043,ἐνευλογέω,V-
3044,διαπονέομαι,V-
3045,τήρησις,Nb
3046,ἀρχιερατικός,A-
3047,εὐεργεσία,Nb
3048,οἰκοδόμος,Nb
3049,ἀγράμματος,A-
3050,ἰδιώτης,Nb
3051,διανέμω,V-
3052,ἀπειλέω,V-
3053,καθόλου,Df
3054,φθέγγομαι,V-
3055,προσαπειλέω,V-
3056,κολάζω,V-
3057,φρυάσσω,V-
3058,μελετάω,V-
3059,προορίζω,V-
3060,ἀπειλή,Nb
3061,ἐνδεής,A-
3062,κτήτωρ,Nb
3063,Βαρναβᾶς,Ne
3064,Κύπριος,A-
3065,Ἁνανίας,Ne
3066,Σάπφειρα,Ne
3067,νοσφίζω,V-
3068,συνοράω,V-
3069,ἐκψύχω,V-
3070,συστέλλω,V-
3071,διάστημα,Nb
3072,κλινάριον,Nb
3073,πέριξ,Df
3074,ὀχλέω,V-
3075,αἵρεσις,Nb
3076,δημόσιος,A-
3077,γερουσία,Nb
3078,ἀναστρέφω,V-
3079,φύλαξ,Nb
3080,βία,Nb
3081,παραγγελία,Nb
3082,ἐπάγω,V-
3083,πειθαρχέω,V-
3084,διαχειρίζω,V-
3085,διαπρίω,V-
3086,Γαμαλιήλ,Ne
3087,τίμιος,A-
3088,Θευδᾶς,Ne
3089,προσκολλάω,V-
3090,τετρακόσιοι,Ma
3091,διαλύω,V-
3092,θεομάχος,A-
3093,Ἑλληνιστής,Nb
3094,Ἑβραῖος,A-
3095,παραθεωρέω,V-
3096,καθημερινός,A-
3097,Στέφανος,Ne
3098,Πρόχορος,Ne
3099,Νικάνωρ,Ne
3100,Τίμων,Ne
3101,Παρμενᾶς,Ne
3102,Νικόλαος,Ne
3103,Ἀντιοχεύς,Nb
3104,Λιβερτῖνος,Nb
3105,Ἀλεξανδρεύς,Nb
3106,Κιλικία,Ne
3107,ὑποβάλλω,V-
3108,βλάσφημος,A-
3109,συγκινέω,V-
3110,ψευδής,A-
3111,ἀλλάσσω,V-
3112,Χαρράν,Ne
3113,Χαλδαῖος,A-
3114,μετοικίζω,V-
3115,κατάσχεσις,Nb
3116,πάροικος,A-
3117,δουλόω,V-
3118,κακόω,V-
3119,ζηλόω,V-
3120,Φαραώ,Ne
3121,Χανάαν,Ne
3122,χόρτασμα,Nb
3123,ἀναγνωρίζω,V-
3124,μετακαλέω,V-
3125,ἑβδομήκοντα πέντε,Ma
3126,μετατίθημι,V-
3127,Συχέμ,Ne
3128,ὠνέομαι,V-
3129,Ἑμμώρ,Ne
3130,κατασοφίζομαι,V-
3131,ἔκθετος,A-
3132,ἀστεῖος,A-
3133,ἐκτίθημι,V-
3134,Αἰγύπτιος,A-
3135,τεσσερακονταετής,A-
3136,ἀμύνομαι,V-
3137,καταπονέω,V-
3138,ἔπειμι#2,V-
3139,συναλλάσσω,V-
3140,ἀπωθέω,V-
3141,δικαστής,Nb
3142,Μαδιάμ,Nb
3143,Σινᾶ,Ne
3144,ἔντρομος,A-
3145,κάκωσις,Nb
3146,στεναγμός,Nb
3147,λυτρωτής,Nb
3148,ἐρυθρός,A-
3149,λόγιον,Nb
3150,ὑπήκοος,A-
3151,μοσχοποιέω,V-
3152,εἴδωλον,Nb
3153,σφάγιον,Nb
3154,Μόλοχ,Ne
3155,Ῥαιφάν,Ne
3156,ἐπέκεινα,Df
3157,διαδέχομαι,V-
3158,ἐξωθέω,V-
3159,σκήνωμα,Nb
3160,κατάπαυσις,Nb
3161,σκληροτράχηλος,A-
3162,ἀπερίτμητος,A-
3163,ἀεί,Df
3164,ἀντιπίπτω,V-
3165,ἔλευσις,Nb
3166,διαταγή,Nb
3167,βρύχω,V-
3168,νεανίας,Nb
3169,Σαῦλος,Ne
3170,ἀναίρεσις,Nb
3171,διασπείρω,V-
3172,συγκομίζω,V-
3173,κοπετός,Nb
3174,λυμαίνω,V-
3175,μαγεύω,V-
3176,μαγεία,Nb
3177,ἐπίθεσις,Nb
3178,ἐπίνοια,Nb
3179,πικρία,Nb
3180,σύνδεσμος,Nb
3181,μεσημβρία,Nb
3182,Γάζα,Ne
3183,Αἰθίοψ,Nb
3184,Κανδάκη,Ne
3185,γάζα,Nb
3186,ἅρμα,Nb
3187,περιοχή,Nb
3188,σφαγή,Nb
3189,κείρω,V-
3190,ἄφωνος,A-
3191,Ἄζωτος,Ne
3192,ἐμπνέω,V-
3193,ἐπιστολή,Nb
3194,Δαμασκός,Ne
3195,περιαστράπτω,V-
3196,συνοδεύω,V-
3197,ἐνεός,A-
3198,χειραγωγέω,V-
3199,Ταρσεύς,Nb
3200,ἐκλογή,Nb
3201,ἀποπίπτω,V-
3202,λεπίς,Nb
3203,πορθέω,V-
3204,ἐνδυναμόω,V-
3205,συμβιβάζω,V-
3206,ἐπιβουλή,Nb
3207,τεῖχος,Nb
3208,παρρησιάζομαι,V-
3209,Ταρσός,Ne
3210,Λύδδα,Ne
3211,Αἰνέας,Ne
3212,Σαρ(ρ)ων,Ne
3213,Ἰόππη,Ne
3214,μαθήτρια,Nb
3215,Ταβιθά,Ne
3216,Δορκάς,Ne
3217,ὀκνέω,V-
3218,βυρσεύς,Nb
3219,Κορνήλιος,Ne
3220,Ἰταλικός,A-
3221,εὐσεβής,A-
3222,μεταπέμπω,V-
3223,ξενίζω,V-
3224,ὁδοιπορέω,V-
3225,πρόσπεινος,A-
3226,παρασκευάζω,V-
3227,ὀθόνη,Nb
3228,τετράπους,Nb
3229,ἑρπετόν,Nb
3230,μηδαμῶς,Df
3231,διερωτάω,V-
3232,διενθυμέομαι,V-
3233,εἰσκαλέομαι,V-
3234,ἀναγκαῖος,A-
3235,συνομιλέω,V-
3236,ἀθέμιτος,A-
3237,ἀλλόφυλος,A-
3238,ἀναντιρρήτως,Df
3239,προσωπολήμπτης,Nb
3240,εὐεργετέω,V-
3241,καταδυναστεύω,V-
3242,ἐμφανής,A-
3243,προχειροτονέω,V-
3244,συμπίνω,V-
3245,ἀκροβυστία,Nb
3246,Φοινίκη,Ne
3247,Κύπρος,Ne
3248,Ἀντιόχεια,Ne
3249,πρώτως,Df
3250,Χριστιανός,Nb
3251,Ἅγαβος,Ne
3252,Κλαύδιος,Ne
3253,εὐπορέω,V-
3254,τετράδιον,Nb
3255,οἴκημα,Nb
3256,ἐκπίπτω,V-
3257,σιδήρεος,A-
3258,Μᾶρκος,Ne
3259,συναθροίζω,V-
3260,Ῥόδη,Ne
3261,εἰστρέχω,V-
3262,κατασείω,V-
3263,τάραχος,Nb
3264,θυμομαχέω,V-
3265,Τύριος,A-
3266,Σιδώνιος,A-
3267,Βλάστος,Ne
3268,κοιτών,Nb
3269,τακτός,A-
3270,δημηγορέω,V-
3271,δῆμος,Nb
3272,σκωληκόβρωτος,A-
3273,συμπαραλαμβάνω,V-
3274,Νίγερ,Ne
3275,Λούκιος,Ne
3276,Μαναήν,Ne
3277,σύντροφος,A-
3278,λειτουργέω,V-
3279,ἐκπέμπω,V-
3280,Σελεύκεια,Ne
3281,ἀποπλέω,V-
3282,Σαλαμίς,Ne
3283,νῆσος,Nb
3284,Πάφος,Ne
3285,Βαριησοῦς,Ne
3286,ἀνθύπατος,Nb
3287,Σέργιος,Ne
3288,Παῦλος,Ne
3289,Ἐλύμας,Ne
3290,ῥᾳδιουργία,Nb
3291,ἀχλύς,Nb
3292,χειραγωγός,Nb
3293,Πέργη,Ne
3294,Πισίδιος,A-
3295,ἀνάγνωσις,Nb
3296,παροικία,Nb
3297,τροποφορέω,V-
3298,κατακληρονομέω,V-
3299,Κίς,Ne
3300,Βενιαμ(ε)ίν,Ne
3301,προκηρύσσω,V-
3302,εἴσοδος,Nb
3303,δρόμος,Nb
3304,ὑπονοέω,V-
3305,ἐκπληρόω,V-
3306,διότι,Df
3307,ὑπηρετέω,V-
3308,καταφρονητής,Nb
3309,ἐκδιηγέομαι,V-
3310,ἔξειμι#2,V-
3311,προσλαλέω,V-
3312,σχεδόν,Df
3313,παροτρύνω,V-
3314,ἐπεγείρω,V-
3315,Ἰκόνιον,Ne
3316,ὁρμή,Nb
3317,καταφεύγω,V-
3318,Λυκαονία,Ne
3319,Λύστρα,Ne
3320,Δέρβη,Ne
3321,ὀρθός,A-
3322,λυκαονιστί,Df
3323,Ζεύς,Ne
3324,Ἑρμῆς,Ne
3325,στέμμα,Nb
3326,εἰσπηδάω,V-
3327,ὁμοιοπαθής,A-
3328,μάταιος,A-
3329,παροίχομαι,V-
3330,καίτοι,Df
3331,ἀμάρτυρος,A-
3332,ἀγαθοεργέω,V-
3333,οὐρανόθεν,Df
3334,ὑετός,Nb
3335,καρποφόρος,A-
3336,μόλις,Df
3337,καταπαύω,V-
3338,ἐπιστηρίζω,V-
3339,ἐμμένω,V-
3340,χειροτονέω,V-
3341,Πισιδία,Ne
3342,Ἀττάλεια,Ne
3343,ζήτημα,Nb
3344,προπέμπω,V-
3345,ἐπιστροφή,Nb
3346,ἀνοικοδομέω,V-
3347,κατάλοιπος,A-
3348,παρενοχλέω,V-
3349,ἐπιστέλλω,V-
3350,ἀλίσγημα,Nb
3351,πνικτός,A-
3352,Σιλᾶς,Ne
3353,ἀνασκευάζω,V-
3354,ἐπάναγκες,Df
3355,εἰδωλόθυτος,A-
3356,ῥώννυμι,V-
3357,παροξυσμός,Nb
3358,ἀποχωρίζω,V-
3359,ἐκπλέω,V-
3360,ἐπιλέγω,V-
3361,καταντάω,V-
3362,Τιμόθεος,Ne
3363,Γαλατικός,A-
3364,Μυσία,Ne
3365,Βιθυνία,Ne
3366,Τρῳάς,Ne
3367,Μακεδών,Nb
3368,Μακεδονία,Ne
3369,εὐθυδρομέω,V-
3370,Σαμοθρᾴκη,Ne
3371,Φίλιπποι,Ne
3372,κολωνία,Nb
3373,Λυδία,Ne
3374,πορφυρόπωλις,Nb
3375,Θυάτειρα,Ne
3376,πύθων,Nb
3377,μαντεύομαι,V-
3378,ἐκταράσσω,V-
3379,συνεφίστημι,V-
3380,περιρήγνυμι,V-
3381,ῥαβδίζω,V-
3382,δεσμοφύλαξ,Nb
3383,ἐσώτερος,A-
3384,ἐπακροάομαι,V-
3385,θεμέλιον,Nb
3386,ἀνίημι,V-
3387,ἔξυπνος,A-
3388,πανοικεί,Df
3389,ῥαβδοῦχος,Nb
3390,δημοσίᾳ,Df
3391,ἀκατάκριτος,A-
3392,Ἀμφίπολις,Ne
3393,Ἀπολλωνία,Ne
3394,Θεσσαλονίκη,Ne
3395,προσκληρόω,V-
3396,ἀγοραῖος,A-
3397,ὀχλοποιέω,V-
3398,Ἰάσων,Ne
3399,πολιτάρχης,Nb
3400,ἀναστατόω,V-
3401,Βέροια,Ne
3402,ἄπειμι#2,V-
3403,προθυμία,Nb
3404,Ἀθῆναι,Ne
3405,ἐκδέχομαι,V-
3406,παροξύνω,V-
3407,κατείδωλος,A-
3408,παρατυγχάνω,V-
3409,Ἐπικούρειος,Nb
3410,Στοϊκός,A-
3411,φιλόσοφος,Nb
3412,σπερμολόγος,A-
3413,καταγγελεύς,Nb
3414,Ἄρειος,A-
3415,πάγος,Nb
3416,Ἀθηναῖος,A-
3417,δεισιδαίμων,A-
3418,ἀναθεωρέω,V-
3419,σέβασμα,Nb
3420,βωμός,Nb
3421,ἄγνωστος,A-
3422,εὐσεβέω,V-
3423,ἀνθρώπινος,A-
3424,προσδέω#2,V-
3425,ὁροθεσία,Nb
3426,κατοικία,Nb
3427,ποιητής,Nb
3428,χάραγμα,Nb
3429,τέχνη,Nb
3430,θεῖος,A-
3431,ὑπεροράω,V-
3432,Διονύσιος,Ne
3433,Ἀρεοπαγίτης,Nb
3434,Δάμαρις,Ne
3435,Κόρινθος,Ne
3436,Ἀκύλας,Ne
3437,Ποντικός,A-
3438,προσφάτως,Df
3439,Ἰταλία,Ne
3440,Πρίσκιλλα,Ne
3441,Ῥώμη,Ne
3442,ὁμότεχνος,A-
3443,σκηνοποιός,Nb
3444,ἀντιτάσσω,V-
3445,Τίτος,Ne
3446,συνομορέω,V-
3447,Κρίσπος,Ne
3448,Κορίνθιος,A-
3449,Γαλλίων,Ne
3450,Ἀχαΐα,Ne
3451,κατεφίστημι,V-
3452,ἀναπείθω,V-
3453,ἀδίκημα,Nb
3454,ῥᾳδιούργημα,Nb
3455,ἀπελαύνω,V-
3456,Σωσθένης,Ne
3457,Κεγχρεαί,Ne
3458,εὐχή,Nb
3459,Ἔφεσος,Ne
3460,ἐπινεύω,V-
3461,Ἀπολλῶς,Ne
3462,λόγιος,A-
3463,ζέω,V-
3464,προτρέπω,V-
3465,διακατελέγχομαι,V-
3466,ἀνωτερικός,A-
3467,σκληρύνω,V-
3468,σχολή,Nb
3469,Τύραννος,Ne
3470,χρώς,Nb
3471,σιμικίνθιον,Nb
3472,περιέρχομαι,V-
3473,ἐξορκιστής,Nb
3474,Σκευᾶς,Ne
3475,ἐφάλλομαι,V-
3476,περίεργος,A-
3477,συμψηφίζω,V-
3478,Ἔραστος,Ne
3479,Δημήτριος,Ne
3480,ἀργυροκόπος,Nb
3481,ἀργύρεος,A-
3482,Ἄρτεμις,Ne
3483,τεχνίτης,Nb
3484,εὐπορία,Nb
3485,ἀπελεγμός,Nb
3486,θεά,Nb
3487,Ἐφέσιος,A-
3488,σύγχυσις,Nb
3489,θέατρον,Nb
3490,Γάϊος,Ne
3491,Ἀρίσταρχος,Ne
3492,συνέκδημος,Nb
3493,Ἀσιάρχης,Nb
3494,καταστέλλω,V-
3495,νεωκόρος,A-
3496,διοπετής,A-
3497,ἀναντίρρητος,A-
3498,προπετής,A-
3499,ἱερόσυλος,A-
3500,ἐγκαλέω,V-
3501,ἔννομος,A-
3502,συστροφή,Nb
3503,Ἑλλάς,Ne
3504,γνώμη,Nb
3505,συνέπομαι,V-
3506,Σώπατρος,Ne
3507,Πυρρός,Ne
3508,Βεροιαῖος,A-
3509,Θεσσαλονικεύς,Nb
3510,Σεκοῦνδος,Ne
3511,Δερβαῖος,A-
3512,Ἀσιανός,Nb
3513,Τυχικός,Ne
3514,Τρόφιμος,Ne
3515,παρατείνω,V-
3516,Εὔτυχος,Ne
3517,θυρίς,Nb
3518,καταφέρω,V-
3519,τρίστεγον,Nb
3520,συμπεριλαμβάνω,V-
3521,αὐγή,Nb
3522,μετρίως,Df
3523,Ἆσσος,Ne
3524,πεζεύω,V-
3525,Μιτυλήνη,Ne
3526,ἄντικρυς,R-
3527,Χίος,Ne
3528,Σάμος,Ne
3529,Μίλητος,Ne
3530,παραπλέω,V-
3531,χρονοτριβέω,V-
3532,ταπεινοφροσύνη,Nb
3533,ὑποστέλλω,V-
3534,μαρτύρομαι,V-
3535,ἐπίσκοπος,Nb
3536,ἄφιξις,Nb
3537,φείδομαι,V-
3538,τριετία,Nb
3539,νουθετέω,V-
3540,μάλα,Df
3541,Κώς,Ne
3542,Ῥόδος,Ne
3543,Πάταρα,Ne
3544,ἐκεῖσε,Df
3545,ἀποφορτίζομαι,V-
3546,γόμος,Nb
3547,ἐξαρτίζω,V-
3548,πλόος,Nb
3549,διανύω,V-
3550,Πτολεμαΐς,Ne
3551,εὐαγγελιστής,Nb
3552,ἐντόπιος,A-
3553,συνθρύπτω,V-
3554,ἑτοίμως,Df
3555,ἐπισκευάζομαι,V-
3556,Μνάσων,Ne
3557,ἀσμένως,Df
3558,ἀποστασία,Nb
3559,ξυράω,V-
3560,στοιχέω,V-
3561,ἐκπλήρωσις,Nb
3562,ἁγνισμός,Nb
3563,προσφορά,Nb
3564,πανταχῇ,Df
3565,συνδρομή,Nb
3566,φάσις,Nb
3567,κατατρέχω,V-
3568,ἀσφαλής,A-
3569,παρεμβολή,Nb
3570,ἀναβαθμός,Nb
3571,σικάριος,Nb
3572,ἄσημος,A-
3573,σιγή,Nb
3574,Ἑβραΐς,A-
3575,νυνί,Df
3576,ἀπολογία,Nb
3577,ἡσυχία,Nb
3578,ἀκρίβεια,Nb
3579,πατρῷος,A-
3580,τιμωρέω,V-
3581,ἔδαφος,Nb
3582,φυλακίζω,V-
3583,καθήκω,V-
3584,ἀήρ,Nb
3585,ἀνετάζω,V-
3586,προτείνω,V-
3587,μαστίζω,V-
3588,κεφάλαιον,Nb
3589,πολιτεία,Nb
3590,πολιτεύομαι,V-
3591,τοῖχος,Nb
3592,παρανομέω,V-
3593,διαμάχομαι,V-
3594,μή,G-
3595,συνωμοσία,Nb
3596,διαγιγνώσκω,V-
3597,ἐνέδρα,Nb
3598,ἐκλαλέω,V-
3599,ἱππεύς,Nb
3600,δεξιολάβος,Nb
3601,Φῆλιξ,Ne
3602,Λυσίας,Ne
3603,ἔγκλημα,Nb
3604,Ἀντιπατρίς,Ne
3605,ἀναδίδωμι,V-
3606,ἐπαρχεία,Nb
3607,διακούω,V-
3608,ῥήτωρ,Nb
3609,Τερτύλλος,Ne
3610,διόρθωμα,Nb
3611,πρόνοια,Nb
3612,πάντῃ,Df
3613,εὐχαριστία,Nb
3614,ἐγκόπτω,V-
3615,συντόμως,Df
3616,ἐπιείκεια,Nb
3617,πρωτοστάτης,Nb
3618,συνεπιτίθημι,V-
3619,φάσκω,V-
3620,εὐθύμως,Df
3621,ἐπίστασις,Nb
3622,ἀσκέω,V-
3623,ἀπρόσκοπος,A-
3624,ἐκκράζω,V-
3625,ἀναβάλλω,V-
3626,ἄνεσις,Nb
3627,Δρουσίλλα,Ne
3628,ἐγκράτεια,Nb
3629,διετία,Nb
3630,διάδοχος,Nb
3631,Πόρκιος,Ne
3632,Φῆστος,Ne
3633,ἐπαρχεῖος,A-
3634,συγκαταβαίνω,V-
3635,αἰτίωμα,Nb
3636,Ἀγρίππας,Ne
3637,Βερνίκη,Ne
3638,ἀνατίθημι,V-
3639,δίκη,Nb
3640,ἀναβολή,Nb
3641,δεισιδαιμονία,Nb
3642,Σεβαστός,Ne
3643,διάγνωσις,Nb
3644,φαντασία,Nb
3645,ἀκροατήριον,Nb
3646,ἐξοχή,Nb
3647,συμπάρειμι#1,V-
3648,ἐντυγχάνω,V-
3649,ἀνάκρισις,Nb
3650,ἄλογος,A-
3651,γνώστης,Nb
3652,μακροθύμως,Df
3653,βίωσις,Nb
3654,προγιγνώσκω,V-
3655,ἀκριβής,A-
3656,θρησκεία,Nb
3657,δωδεκάφυλον,Nb
3658,ἐκτένεια,Nb
3659,ψῆφος,Nb
3660,ἐμμαίνομαι,V-
3661,ἐπιτροπή,Nb
3662,λαμπρότης,Nb
3663,κέντρον,Nb
3664,λακτίζω,V-
3665,πειράω,V-
3666,ἐπικουρία,Nb
3667,παθητός,A-
3668,μανία,Nb
3669,περιτρέπω,V-
3670,σωφροσύνη,Nb
3671,εὔχομαι,V-
3672,ὁποῖος,Pi
3673,δεσμώτης,Nb
3674,Ἰούλιος,Ne
3675,σεβαστός,A-
3676,Ἀδραμυττηνός,A-
3677,φιλανθρώπως,Df
3678,ἐπιμέλεια,Nb
3679,ὑποπλέω,V-
3680,διαπλέω,V-
3681,Μύρα,Ne
3682,Λυκία,Ne
3683,Ἀλεξανδρῖνος,A-
3684,ἐμβιβάζω,V-
3685,βραδυπλοέω,V-
3686,Κνίδος,Ne
3687,προσεάω,V-
3688,Κρήτη,Ne
3689,Σαλμώνη,Ne
3690,παραλέγομαι,V-
3691,λιμήν,Nb
3692,Λασαία,Ne
3693,ἐπισφαλής,A-
3694,παραινέω,V-
3695,ὕβρις,Nb
3696,ζημία,Nb
3697,κυβερνήτης,Nb
3698,ναύκληρος,Nb
3699,ἀνεύθετος,A-
3700,παραχειμασία,Nb
3701,εἴπως,G-
3702,Φοῖνιξ,Ne
3703,παραχειμάζω,V-
3704,λίψ,Nb
3705,χῶρος,Nb
3706,ὑποπνέω,V-
3707,ἆσσον,Df
3708,τυφωνικός,A-
3709,εὐρακύλων,Nb
3710,ἀντοφθαλμέω,V-
3711,νησίον,Nb
3712,ὑποτρέχω,V-
3713,Καῦδα,Ne
3714,περικρατής,A-
3715,σκάφη,Nb
3716,βοήθεια,Nb
3717,ὑποζώννυμι,V-
3718,Σύρτις,Ne
3719,σφοδρῶς,Df
3720,χειμάζω,V-
3721,ἐκβολή,Nb
3722,αὐτόχειρ,A-
3723,σκευή,Nb
3724,περιαιρέω,V-
3725,ἀσιτία,Nb
3726,εὐθυμέω,V-
3727,ἀποβολή,Nb
3728,τεσσαρεσκαιδέκατος,Mo
3729,Ἀδρίας,Ne
3730,ναύτης,Nb
3731,βολίζω,V-
3732,ὀργυιά,Nb
3733,πού,Df
3734,ἄγκυρα,Nb
3735,πρῷρα,Nb
3736,ἄσιτος,A-
3737,διατελέω,V-
3738,εὔθυμος,A-
3739,διακόσιοι ἑβδομήκοντα ἕξ,Ma
3740,κορέννυμι,V-
3741,κουφίζω,V-
3742,ζευκτηρία,Nb
3743,πηδάλιον,Nb
3744,ἀρτέμων,Nb
3745,διθάλασσος,A-
3746,ἐπικέλλω,V-
3747,ναῦς,Nb
3748,ἐρείδω,V-
3749,ἀσάλευτος,A-
3750,ἐκκολυμβάω,V-
3751,διαφεύγω,V-
3752,βούλημα,Nb
3753,κολυμβάω,V-
3754,ἀπορρίπτω,V-
3755,σανίς,Nb
3756,Μελίτη,Ne
3757,βάρβαρος,A-
3758,φιλανθρωπία,Nb
3759,πυρά#1,Nb
3760,φρύγανον,Nb
3761,θέρμη,Nb
3762,καθάπτω,V-
3763,ἐμπίμπρημι,V-
3764,μεταβάλλω,V-
3765,Πόπλιος,Ne
3766,ἀναδέχομαι,V-
3767,φιλοφρόνως,Df
3768,δυσεντέριον,Nb
3769,παράσημος,A-
3770,Διόσκουρος,Nb
3771,Συράκουσαι,Ne
3772,Ῥήγιον,Ne
3773,ἐπιγίγνομαι,V-
3774,δευτεραῖος,A-
3775,Ποτίολοι,Ne
3776,Ἀππίος,Ne
3777,φόρον,Nb
3778,ταβέρνη,Nb
3779,θάρσος,Nb
3780,ξενία,Nb
3781,ἀσύμφωνος,A-
3782,μίσθωμα,Nb
3783,ἀκωλύτως,Df
3784,προεπαγγέλλω,V-
3785,ἁγιωσύνη,Nb
3786,ὑπακοή,Nb
3787,ἀδιαλείπτως,Df
3788,μνεία,Nb
3789,εὐοδόω,V-
3790,ἐπιποθέω,V-
3791,χάρισμα,Nb
3792,πνευματικός,A-
3793,συμπαρακαλέω,V-
3794,προτίθημι,V-
3795,δεῦρο,Df
3796,ἀσέβεια,Nb
3797,ἀόρατος,A-
3798,ποίημα,Nb
3799,καθοράω,V-
3800,ἀδΐος,A-
3801,θειότης,Nb
3802,ἀναπολόγητος,A-
3803,ματαιόω,V-
3804,ἄφθαρτος,A-
3805,ὁμοίωμα,Nb
3806,φθαρτός,A-
3807,μεταλλάσσω,V-
3808,σεβάζομαι,V-
3809,πάθος,Nb
3810,ἀτιμία,Nb
3811,φυσικός,A-
3812,χρῆσις,Nb
3813,φύσις,Nb
3814,ἐκκαίω,V-
3815,ὄρεξις,Nb
3816,ἀσχημοσὐνη,Nb
3817,κατεργάζομαι,V-
3818,ἀντιμισθία,Nb
3819,ἐπίγνωσις,Nb
3820,ἀδόκιμος,A-
3821,ἔρις,Nb
3822,κακοήθεια,Nb
3823,ψιθυριστής,Nb
3824,κατάλαλος,Nb
3825,θεοσυτγής,A-
3826,ὑβριστής,Nb
3827,ἀλαζών,Nb
3828,ἐφευρετής,Nb
3829,ἀσύνθετος,A-
3830,ἀστοργος,A-
3831,ἀνελεήμων,A-
3832,χρηστότης,Nb
3833,ἀνοχή,Nb
3834,μακροθυμία,Nb
3835,σκληρότης,Nb
3836,ἀμετανόητος,A-
3837,δικαιοκρισία,Nb
3838,ἀφθαρσία,Nb
3839,ἐριθεία,Nb
3840,στενοχωρία,Nb
3841,προσωπολημψία,Nb
3842,ἀνόμως,Df
3843,ἀκροατής,Nb
3844,ἐνδείκνυμι,V-
3845,γραπτός,A-
3846,συμμαρτυρέω,V-
3847,λογισμός,Nb
3848,ἐπονομάζω,V-
3849,καυχάομαι,V-
3850,παιδευτής,Nb
3851,μόρφωσις,Nb
3852,βδελύσσομαι,V-
3853,ἱεροσυλέω,V-
3854,παράβασις,Nb
3855,παραβάτης,Nb
3856,ἔπαινος,Nb
3857,ὠφέλεια,Nb
3858,καθάπερ,Dq
3859,ἐπιφέρω,V-
3860,ἐπεί,Df
3861,ψεῦσμα,Nb
3862,ἔνδικος,A-
3863,προέχω,V-
3864,προαιτιάομαι,V-
3865,ἐκκλίνω,V-
3866,ἀχρειόω,V-
3867,λάρυγξ,Nb
3868,δολιόω,V-
3869,ἰός,Nb
3870,ἀσπίς,Nb
3871,ἀρά,Nb
3872,ὀξύς,A-
3873,σύντριμμα,Nb
3874,ταλαιπωρία,Nb
3875,φράσσω,V-
3876,ὑπόδικος,A-
3877,διαστολή,Nb
3878,ἱλαστήριος,Nb
3879,ἔνδειξις,Nb
3880,πάρεσις,Nb
3881,προγίγνομαι,V-
3882,καύχησις,Nb
3883,ἐκκλείω,V-
3884,εἴπερ,G-
3885,καύχημα,Nb
3886,ἀσεβής,A-
3887,μακαρισμός,Nb
3888,ἐπικαλύπτω,V-
3889,σφραγίς,Nb
3890,ἴχνος,Nb
3891,κενόω,V-
3892,βέβαιος,A-
3893,νεκρόω,V-
3894,ἑκατονταετής,A-
3895,νέκρωσις,Nb
3896,Σάρρα,Nb
3897,δικαίωσις,Nb
3898,προσαγωγή,Nb
3899,δοκιμή,Nb
3900,τάχα,Df
3901,καταλλάσσω,V-
3902,καταλλαγή,Nb
3903,ἐλλογέω,V-
3904,δώρημα,Nb
3905,κατάκριμα,Nb
3906,περισσεία,Nb
3907,παρακοή,Nb
3908,παρεισέρχομαι,V-
3909,πλεονάζω,V-
3910,ὑπερπερισσεύω,V-
3911,συνθάπτω,V-
3912,καινότης,Nb
3913,σύμφυτος,A-
3914,συζάω,V-
3915,ἐφάπαξ,Df
3916,θνητός,A-
3917,ἤτοι,C-
3918,δοῦλος,A-
3919,ἁγιασμός,Nb
3920,ὕπανδρος,A-
3921,πάθημα,Nb
3922,παλαιότης,Nb
3923,ἀφορμή,Nb
3924,ἐξαπατάω,V-
3925,ὑπερβολή,Nb
3926,σάρκινος,A-
3927,σύμφημι,V-
3928,ἐνοικέω,V-
3929,οἰκέω,V-
3930,παράκειμαι,V-
3931,συνήδομαι,V-
3932,ἀντιστρατεύομαι,V-
3933,ταλαίπωρος,A-
3934,φρόνημα,Nb
3935,δουλεία,Nb
3936,υἱοθεσία,Nb
3937,συγκληρονόμος,A-
3938,συμπάσχω,V-
3939,συνδοξάζω,V-
3940,ἀποκαραδοκία,Nb
3941,ἀπεκδέχομαι,V-
3942,ματαιότης,Nb
3943,ἑκών,A-
3944,φθορά,Nb
3945,ἐλευθερία,Nb
3946,συστενάζω,V-
3947,συνωδίνω,V-
3948,ἀπαρχή,Nb
3949,καθό,Dq
3950,ὑπερεντυγχάνω,V-
3951,ἀλάλητος,A-
3952,σύμμορφος,A-
3953,γυμνότης,Nb
3954,κίνδυνος,Nb
3955,ὑπερνικάω,V-
3956,ἐνίστημι,V-
3957,ὕψωμα,Nb
3958,ἀδιάλειπτος,A-
3959,ὀδύνη,Nb
3960,νομοθεσία,Nb
3961,Σάρρα,Ne
3962,Ῥεβέκκα,Nb
3963,μήπω,Df
3964,Ἠσαῦ,Ne
3965,οἰκτίρω,V-
3966,ἐξεγείρω,V-
3967,μέμφομαι,V-
3968,μενοῦνγε,Df
3969,πλάσμα,Nb
3970,πλάσσω,V-
3971,φύραμα,Nb
3972,προετοιμάζω,V-
3973,Ὡσηέ,Ne
3974,ὑπόλειμμα,Nb
3975,συντέμνω,V-
3976,Σαβαώθ,F-
3977,πρόσκομμα,Nb
3978,φθόγγος,Nb
3979,παραζηλόω,V-
3980,παροργίζω,V-
3981,ἀποτολμάω,V-
3982,ἐκπετάννυμι,V-
3983,κατασκάπτω,V-
3984,ὑπολείπω,V-
3985,χρηματισμός,Nb
3986,ἑπτακισχίλιοι,Ma
3987,κάμπτω,V-
3988,Βάαλ,Ne
3989,λεῖμμα,Nb
3990,ἐπιτυγχάνω,V-
3991,κατάνυξις,Nb
3992,θήρα,Nb
3993,νῶτος,Nb
3994,συγκάμπτω,V-
3995,πταίω,V-
3996,ἥττημα,Nb
3997,πρόσλημψις,Nb
3998,ἐκκλάω,V-
3999,ἀγριέλαιος,Nb
4000,ἐγκεντρίζω,V-
4001,συγκοινωνός,Nb
4002,πιότης,Nb
4003,κατακαυχάομαι,V-
4004,ἀποτομία,Nb
4005,καλλιέλαιος,Nb
4006,ἀμεταμέλητος,A-
4007,κλῆσις,Nb
4008,ἀπείθεια,Nb
4009,ἀνεξεραύνητος,A-
4010,ἀνεξιχνίαστος,A-
4011,σύμβουλος,Nb
4012,προδίδωμι,V-
4013,οἰκτιρμός,Nb
4014,εὐάρεστος,A-
4015,λογικός,A-
4016,συσχηματίζω,V-
4017,ἀνακαίνωσις,Nb
4018,ὑπερφρονέω,V-
4019,διάφορος,A-
4020,εἴτε,G-
4021,ἀναλογία,Nb
4022,ἁπλότης,Nb
4023,προΐστημι,V-
4024,ἱλαρότης,Nb
4025,ἀνυπόκριτος,A-
4026,ἀποστυγέω,V-
4027,φιλαδελφία,Nb
4028,φιλόστοργος,A-
4029,προηγέομαι,V-
4030,κοινωνέω,V-
4031,φιλοξενία,Nb
4032,συναπάγω,V-
4033,προνοέω,V-
4034,ψωμίζω,V-
4035,ἄνθραξ,Nb
4036,σωρεύω,V-
4037,ὑπερέχω,V-
4038,εἰκῇ,Df
4039,ἔκδικος,Nb
4040,λειτουργός,Nb
4041,ἀνακεφαλαιόω,V-
4042,εὐσχημόνως,Df
4043,κῶμος,Nb
4044,διάκρισις,Nb
4045,δυνατέω,V-
4046,δόκιμος,A-
4047,κρέας,Nb
4048,ἀσθένημα,Nb
4049,ὀνειδισμός,Nb
4050,προγράφω,V-
4051,ψάλλω,V-
4052,Ἠσαΐας,Nb
4053,ἀγαθωσύνη,Nb
4054,τολμηρῶς,Df
4055,ἐπαναμιμνῄσκω,V-
4056,ἱερουργέω,V-
4057,εὐπρόσδεκτος,A-
4058,Ἰλλυρικόν,Ne
4059,φιλοτιμέομαι,V-
4060,κλίμα,Nb
4061,ἐπιποθία,Nb
4062,Σπανία,Nb
4063,Ἀχαΐα,Nb
4064,σαρκικός,A-
4065,ἐπιτελέω,V-
4066,εὐλογία,Nb
4067,συναγωνίζομαι,V-
4068,συναναπαύομαι,V-
4069,Φοίβη,Nb
4070,Κεγχρεαί,Nb
4071,ἀξίως,Df
4072,προστάτις,Nb
4073,Πρίσκα,Nb
4074,Ἀκύλας,Nb
4075,συνεργός,A-
4076,ὑποτίθημι,V-
4077,Ἐπαίνετος,Nb
4078,Ἀσία,Nb
4079,Ἀνδρόνικος,Nb
4080,Ἰουνιᾶς,Nb
4081,συναιχμάλωτος,A-
4082,Ἀμπλιᾶτος,Nb
4083,Οὐρβανός,Nb
4084,Ἀπελλῆς,Nb
4085,Ἀριστόβουλος,Nb
4086,Ἡρῳδίων,Nb
4087,Νάρκισσος,Nb
4088,Τρύφαινα,Nb
4089,Τρυφῶσα,Nb
4090,Περσίς,Nb
4091,Ῥοῦφος,Nb
4092,Ἀσύγκριτος,Nb
4093,Φλέγων,Nb
4094,Ἑρμῆς,Nb
4095,Πατροβᾶς,Nb
4096,Ἑρμᾶς,Nb
4097,Φιλόλογος,Nb
4098,Ἰουλία,Nb
4099,Νηρεύς,Nb
4100,Ὀλυμπᾶς,Nb
4101,διχοστασία,Nb
4102,χρηστολογία,Nb
4103,ἄκακος,A-
4104,ἀφικνέομαι,V-
4105,Σατανᾶς,Nb
4106,Τιμόθεος,Nb
4107,Λούκιος,Nb
4108,Ἰάσων,Nb
4109,Σωσίπατρος,Nb
4110,Τέρτιος,Ne
4111,Ἔραστος,Nb
4112,Κούαρτος,Nb
4113,προφητικός,A-
4114,ἐπιταγή,Nb
4115,πλουτίζω,V-
4116,ἀνέγκλητος,A-
4117,δηλόω,V-
4118,Χλόη,Ne
4119,Στεφανᾶς,Ne
4120,μωρία,Nb
4121,συζητητής,Nb
4122,ἀγενής,A-
4123,ὑπεροχή,Nb
4124,πειθός,A-
4125,ἀπόδειξις,Nb
4126,συγκρίνω,V-
4127,ψυχικός,A-
4128,πνευματικῶς,Df
4129,γάλα,Nb
4130,γεώργιον,Nb
4131,ἀρχιτέκτων,Nb
4132,ἐποικοδομέω,V-
4133,καλάμη,Nb
4134,φθείρω,V-
4135,δράσσομαι,V-
4136,εἴτε,C-
4137,σύνοιδα,V-
4138,μετασχηματίζω,V-
4139,φυσιόω,V-
4140,ὄφελον,I-
4141,συμβασιλεύω,V-
4142,ἐπιθανάτιος,A-
4143,γυμνιτεύω,V-
4144,ἀστατέω,V-
4145,δυσφημέω,V-
4146,περικάθαρμα,Nb
4147,περίψημα,Nb
4148,παιδαγωγός,Nb
4149,μιμητής,Nb
4150,πραΰτης,Nb
4151,ἄπειμι#1,V-
4152,ὄλεθρος,Nb
4153,ἐκκαθαίρω,V-
4154,ἑορτάζω,V-
4155,εἰλικρίνεια,Nb
4156,συναναμείγνυμι,V-
4157,πόρνος,Nb
4158,πλεονέκτης,Nb
4159,ἅρπαξ,Nb
4160,εἰδωλολάτρης,Nb
4161,λοίδορος,A-
4162,μέθυσος,Nb
4163,ἐξαίρω,V-
4164,ἀνάξιος,A-
4165,κριτήριον,Nb
4166,μήτιγε,Df
4167,ἐντροπή,Nb
4168,ἔνι,V-
4169,ἀρσενοκοίτης,Nb
4170,ἀπολούω,V-
4171,πορνεύω,V-
4172,σύμφωνος,A-
4173,συγγνώμη,Nb
4174,ἄγαμος,A-
4175,ἐγκρατεύομαι,V-
4176,κρείσσων,A-
4177,πυρόω,V-
4178,ἐπισπάομαι,V-
4179,ἀπελεύθερος,Nb
4180,λύσις,Nb
4181,καταχράομαι,V-
4182,σχῆμα,Nb
4183,σύμφορος,A-
4184,βρόχος,Nb
4185,εὐπάρεδρος,A-
4186,ἀπερισπάστως,Df
4187,ἀσχημονέω,V-
4188,ὑπέρακμος,A-
4189,ἑδραῖος,A-
4190,μολύνω,V-
4191,μήπως,G-
4192,εἰδωλεῖον,Nb
4193,διόπερ,Df
4194,κημόω,V-
4195,ἀλοάω,V-
4196,μετέχω,V-
4197,στέγω,V-
4198,ἐγκοπή,Nb
4199,ἱερός,A-
4200,παρεδρεύω,V-
4201,συμμερίζω,V-
4202,ἄκων,A-
4203,ἀδάπανος,A-
4204,βραβεῖον,Nb
4205,ἀδήλως,Df
4206,πυκτεύω,V-
4207,δουλαγωγέω,V-
4208,πόμα,Nb
4209,καταστρώννυμι,V-
4210,ἐπιθυμητής,Nb
4211,παίζω,V-
4212,εἴκοσι τρεῖς,Ma
4213,ὀλοθρευτής,Nb
4214,τυπικῶς,Df
4215,νουθεσία,Nb
4216,ἔκβασις,Nb
4217,ὑποφέρω,V-
4218,εἰδωλολατρία,Nb
4219,μάκελλον,Nb
4220,ἱερόθυτος,A-
4221,ἀκατακάλυπτος,A-
4222,κατακαλύπτω,V-
4223,αἰσχρός,A-
4224,κομάω,V-
4225,κόμη,Nb
4226,περιβόλαιον,Nb
4227,φιλόνεικος,A-
4228,ἥσσων,A-
4229,κυριακός,A-
4230,ὁσάκις,Dq
4231,ἀναξίως,Df
4232,διαίρεσις,Nb
4233,ἐνέργημα,Nb
4234,φανέρωσις,Nb
4235,ἴαμα,Nb
4236,ἑρμηνεία,Nb
4237,ὄσφρησις,Nb
4238,ἀσχήμων,A-
4239,εὐσχημοσύνη,Nb
4240,συγκεράννυμι,V-
4241,ἀντίλημψις,Nb
4242,κυβέρνησις,Nb
4243,ἠχέω,V-
4244,κύμβαλον,Nb
4245,χρηστεύομαι,V-
4246,περπερεύομαι,V-
4247,εἴσοπτρον,Nb
4248,αἴνιγμα,Nb
4249,παραμυθία,Nb
4250,ἐκτός,Df
4251,ἄψυχος,A-
4252,αὐλός,Nb
4253,κιθάρα,Nb
4254,κιθαρίζω,V-
4255,εὔσημος,A-
4256,φρήν,Nb
4257,νηπιάζω,V-
4258,ἑτερόγλωσσος,A-
4259,διερμηνευτής,Nb
4260,ὡσπερεί,Df
4261,ἔκτρωμα,Nb
4262,ἐλεεινός,A-
4263,τάγμα,Nb
4264,νή,Df
4265,θηριομαχέω,V-
4266,ὄφελος,Nb
4267,ἦθος,Nb
4268,ὁμιλία,Nb
4269,ἐκνήφω,V-
4270,ἀγνωσία,Nb
4271,πτηνός,A-
4272,χοϊκός,A-
4273,ἄτομος,A-
4274,ῥιπή,Nb
4275,ἀθανασία,Nb
4276,ἀμετακίνητος,A-
4277,λογεία,Nb
4278,Γαλατία,Ne
4279,παραμένω,V-
4280,πάροδος,Nb
4281,ἐνεργής,A-
4282,ἀνδρίζομαι,V-
4283,Φορτουνᾶτος,Ne
4284,Ἀχαϊκός,Ne
4285,Πρίσκα,Ne
4286,μαρὰν,F-
4287,ἀθά,F-
4288,ἐξαπορέομαι,V-
4289,ἀπόκριμα,Nb
4290,τηλικοῦτος,Pd
4291,συνυπουργέω,V-
4292,ἁγιότης,Nb
4293,πεποίθησις,Nb
4294,ἐλαφρία,Nb
4295,Σιλουανός,Ne
4296,ἀρραβών,Nb
4297,ἐπιβαρέω,V-
4298,ἐπιτιμία,Nb
4299,ἐναντίον,Df
4300,κυρόω,V-
4301,πλεονεκτέω,V-
4302,νόημα,Nb
4303,θριαμβεύω,V-
4304,εὐωδία,Nb
4305,καπηλεύω,V-
4306,συστατικός,A-
4307,μέλαν,Nb
4308,πλάξ,Nb
4309,ἱκανότης,Nb
4310,ἱκανόω,V-
4311,ἐντυπόω,V-
4312,κατάκρισις,Nb
4313,ὑπερβάλλω,V-
4314,κάλυμμα,Nb
4315,ἀνακαλύπτω,V-
4316,ἡνίκα,G-
4317,κατοπτρίζω,V-
4318,καθάπερ,Df
4319,ἀπολέγω,V-
4320,δολόω,V-
4321,αὐγάζω,V-
4322,φωτισμός,Nb
4323,ὀστράκινος,A-
4324,στενοχωρέω,V-
4325,καταβάλλω,V-
4326,ἀνακαινόω,V-
4327,παραυτίκα,Df
4328,σκῆνος,Nb
4329,οἰκητήριον,Nb
4330,ἐπενδύω,V-
4331,ἐνδημέω,V-
4332,ἐκδημέω,V-
4333,πρεσβεύω,V-
4334,ἐπακούω,V-
4335,προσκοπή,Nb
4336,μωμάομαι,V-
4337,ἀγρυπνία,Nb
4338,ἁγνότης,Nb
4339,δυσφημία,Nb
4340,εὐφημία,Nb
4341,ἑτεροζυγέω,V-
4342,μετοχή,Nb
4343,συμφώνησις,Nb
4344,Βελιάρ,Ne
4345,συγκατάθεσις,Nb
4346,ἐμπεριπατέω,V-
4347,εἰσδέχομαι,V-
4348,παντοκράτωρ,Nb
4349,μολυσμός,Nb
4350,μάχη,Nb
4351,ἐπιπόθησις,Nb
4352,ἀγανάκτησις,Nb
4353,ἁγνός,A-
4354,πτωχεία,Nb
4355,αὐθαίρετος,A-
4356,προενάρχομαι,V-
4357,γνήσιος,A-
4358,πτωχεύω,V-
4359,πέρυσι,Df
4360,πρόκειμαι,V-
4361,ἰσότης,Nb
4362,ἐλαττονέω,V-
4363,σπουδαῖος,A-
4364,συμπέμπω,V-
4365,στέλλω,V-
4366,ἁδρότης,Nb
4367,ἐρεθίζω,V-
4368,ἀπαρασκεύαστος,A-
4369,ὑπόστασις,Nb
4370,προκαταρτίζω,V-
4371,φειδομένως,Df
4372,προαιρέω,V-
4373,ἱλαρός,A-
4374,δότης,Nb
4375,αὐτάρκεια,Nb
4376,πένης,Nb
4377,ἐπιχορηγέω,V-
4378,χορηγέω,V-
4379,προσαναπληρόω,V-
4380,ὑποταγή,Nb
4381,ὁμολογία,Nb
4382,ἀνεκδιήγητος,A-
4383,καθαίρεσις,Nb
4384,ὀχύρωμα,Nb
4385,ἐκφοβέω,V-
4386,ἐγκρίνω,V-
4387,ἄμετρος,A-
4388,κανών,Nb
4389,ἐφικνέομαι,V-
4390,ὑπερεκτείνω,V-
4391,ὑπερέκεινα,R-
4392,ἁρμόζω,V-
4393,Εὕα,Ne
4394,ὑπερλίαν,Df
4395,συλάω,V-
4396,καταναρκάω,V-
4397,ἀβαρής,A-
4398,ψευδαπόστολος,Nb
4399,δόλιος,A-
4400,θαῦμα,Nb
4401,καταδουλόω,V-
4402,παραφρονέω,V-
4403,ὑπέρ,Df
4404,ὑπερβαλλόντως,Df
4405,πεντάκις,Df
4406,ἅπαξ,Df
4407,ναυαγέω,V-
4408,νυχθήμερον,Nb
4409,βυθός,Nb
4410,ψευδάδελφος,Nb
4411,μόχθος,Nb
4412,δίψος,Nb
4413,παρεκτός,Df
4414,ἐθνάρχης,Nb
4415,Ἁρέτας,Ne
4416,φρουρέω,V-
4417,Δαμασκηνός,A-
4418,σαργάνη,Nb
4419,ἄρρητος,A-
4420,ὑπεραίρω,V-
4421,σκόλοψ,Nb
4422,ἐπισκηνόω,V-
4423,ἡττάομαι,V-
4424,ἐκδαπανάω,V-
4425,πανοῦργος,Nb
4426,συναποστέλλω,V-
4427,καταλαλιά,Nb
4428,ψιθυρισμός,Nb
4429,φυσίωσις,Nb
4430,προαμαρτάνω,V-
4431,κατάρτισις,Nb
4432,ἀποτόμως,Df
4433,ἀναστροφή,Nb
4434,Ἰουδαϊσμός,Nb
4435,συνηλικιώτης,Nb
4436,πατρικός,A-
4437,προσανατίθημι,V-
4438,Ἀραβία,Ne
4439,ἱστορέω,V-
4440,παρείσακτος,A-
4441,κατασκοπέω,V-
4442,εἴκω,V-
4443,στῦλος,Nb
4444,σπουδάζω,V-
4445,καταγιγνώσκω,V-
4446,συνυποκρίνομαι,V-
4447,ὀρθοποδέω,V-
4448,ἐθνικῶς,Df
4449,Ἰουδαϊκῶς,Df
4450,Ἰουδαΐζω,V-
4451,Γαλάτης,Nb
4452,βασκαίνω,V-
4453,ἐνάρχομαι,V-
4454,προευαγγελίζομαι,V-
4455,κατάρα,Nb
4456,ἐπικατάρατος,A-
4457,ἐξαγοράζω,V-
4458,ἐπιδιατάσσομαι,V-
4459,προκυρόω,V-
4460,μεσίτης,Nb
4461,προθεσμία,Nb
4462,στοιχεῖον,Nb
4463,ἐκπτύω,V-
4464,ἀληθεύω,V-
4465,ὠδίνω,V-
4466,μορφόω,V-
4467,ἀλληγορέω,V-
4468,Ἁγάρ,Ne
4469,συστοιχέω,V-
4470,πεισμονή,Nb
4471,δάκνω,V-
4472,φαρμακεία,Nb
4473,κενόδοξος,A-
4474,προκαλέω,V-
4475,φθονέω,V-
4476,φρεναπατάω,V-
4477,μυκτηρίζω,V-
4478,οἰκεῖος,A-
4479,πηλίκος,A-
4480,εὐπροσωπέω,V-
4481,στίγμα,Nb
4482,ἄμωμος,A-
4483,κατενώπιον,R-
4484,κληρόω,V-
4485,προελπίζω,V-
4486,περιποίησις,Nb
4487,μέγεθος,Nb
4488,ἐνέργεια,Nb
4489,ὑπεράνω,R-
4490,κυριότης,Nb
4491,συζωοποιέω,V-
4492,συνεγείρω,V-
4493,ἀπαλλοτριόω,V-
4494,ἄθεος,A-
4495,μεσότοιχον,Nb
4496,ἀποκαταλλάσσω,V-
4497,συμπολίτης,Nb
4498,ἀκρογωνιαῖος,A-
4499,συναρμολογέω,V-
4500,συνοικοδομέω,V-
4501,κατοικητήριον,Nb
4502,σύσσωμος,A-
4503,συμμέτοχος,A-
4504,πολυποίκιλος,A-
4505,ῥιζόω,V-
4506,ἐξισχύω,V-
4507,πλάτος,Nb
4508,μῆκος,Nb
4509,ὑπερεκπερισσοῦ,Df
4510,ἑνότης,Nb
4511,αἰχμαλωτεύω,V-
4512,αἰχμαλωσία,Nb
4513,κατώτερος,A-
4514,καταρτισμός,Nb
4515,κλυδωνίζομαι,V-
4516,κυβεία,Nb
4517,μεθοδεία,Nb
4518,ἁφή,Nb
4519,ἐπιχορηγία,Nb
4520,αὔξησις,Nb
4521,σκοτόω,V-
4522,ἀπαλγέω,V-
4523,ἀνανεόω,V-
4524,ἐπιδύω,V-
4525,παροργισμός,Nb
4526,εὔσπλαγχνος,A-
4527,αἰσχρότης,Nb
4528,μωρολογία,Nb
4529,εὐτραπελία,Nb
4530,ἀνήκω,V-
4531,ἀπατάω,V-
4532,συγκοινωνέω,V-
4533,κρυφῇ,Df
4534,ἐπιφαύσκω,V-
4535,ἄσοφος,A-
4536,ἀσωτία,Nb
4537,ὕμνος,Nb
4538,ᾠδή,Nb
4539,ἀείδω,V-
4540,λουτρόν,Nb
4541,σπίλος,Nb
4542,ῥυτίς,Nb
4543,ἐκτρέφω,V-
4544,θάλπω,V-
4545,μακροχρόνιος,A-
4546,παιδεία,Nb
4547,ὀφθαλμοδουλία,Nb
4548,ἀνθρωπάρεσκος,A-
4549,εὔνοια,Nb
4550,πάλη,Nb
4551,κοσμοκράτωρ,Nb
4552,θώραξ,Nb
4553,ἑτοιμασία,Nb
4554,θυρεός,Nb
4555,βέλος,Nb
4556,περικεφαλαία,Nb
4557,σωτήριος,A-
4558,προσκαρτέρησις,Nb
4559,ἄνοιξις,Nb
4560,βεβαίωσις,Nb
4561,αἴσθησις,Nb
4562,εἰλικρινής,A-
4563,προκοπή,Nb
4564,ἁγνῶς,Df
4565,οἴομαι,V-
4566,κέρδος,Nb
4567,αἱρέω,V-
4568,συναθλέω,V-
4569,πτύρω,V-
4570,ἀγών,Nb
4571,παραμύθιον,Nb
4572,σύμψυχος,A-
4573,κενοδοξία,Nb
4574,ἁρπαγμός,Nb
4575,ὑπερυψόω,V-
4576,καταχθόνιος,A-
4577,ἀπουσία,Nb
4578,φωστήρ,Nb
4579,σπένδω,V-
4580,εὐψυχέω,V-
4581,ἰσόψυχος,A-
4582,γνησίως,Df
4583,ἀφοράω,V-
4584,Ἐπαφρόδιτος,Ne
4585,συστρατιώτης,Nb
4586,παραπλήσιος,A-
4587,ἄλυπος,A-
4588,παραβολεύομαι,V-
4589,κατατομή,Nb
4590,καίπερ,G-
4591,ὀκταήμερος,A-
4592,σκύβαλον,Nb
4593,συμμορφίζω,V-
4594,ἐξανάστασις,Nb
4595,ἐπεκτείνομαι,V-
4596,σκοπός,Nb
4597,ἑτέρως,Df
4598,συμμιμητής,Nb
4599,πολίτευμα,Nb
4600,ἐπιπόθητος,A-
4601,Εὐοδία,Ne
4602,Συντύχη,Ne
4603,σύζυγος,A-
4604,Κλήμης,Ne
4605,ἐπιεικής,A-
4606,σεμνός,A-
4607,προσφιλής,A-
4608,εὔφημος,A-
4609,ἀρετή,Nb
4610,μεγάλως,Df
4611,ἀναθάλλω,V-
4612,ἀκαιρέομαι,V-
4613,αὐτάρκης,A-
4614,μυέω,V-
4615,Φιλιππήσιος,Nb
4616,δόσις,Nb
4617,λῆμψις,Nb
4618,Κολοσσαί,Ne
4619,προακούω,V-
4620,Ἐπαφρᾶς,Ne
4621,ἀρεσκεία,Nb
4622,δυναμόω,V-
4623,ὁρατός,A-
4624,πρωτεύω,V-
4625,εἰρηνοποιέω,V-
4626,μετακινέω,V-
4627,ἀνταναπληρόω,V-
4628,ἡλίκος,A-
4629,Λαοδίκεια,Ne
4630,πληροφορία,Nb
4631,παραλογίζομαι,V-
4632,πιθανολογία,Nb
4633,στερέωμα,Nb
4634,συλαγωγέω,V-
4635,φιλοσοφία,Nb
4636,θεότης,Nb
4637,σωματικῶς,Df
4638,ἀπέκδυσις,Nb
4639,χειρόγραφον,Nb
4640,ὑπεναντίος,A-
4641,προσηλόω,V-
4642,ἀπεκδύομαι,V-
4643,νεομηνία,Nb
4644,καταβραβεύω,V-
4645,ἐμβατεύω,V-
4646,δογματίζω,V-
4647,θιγγάνω,V-
4648,ἀπόχρησις,Nb
4649,ἐθελοθρησκία,Nb
4650,ἀφειδία,Nb
4651,πλησμονή,Nb
4652,αἰσχρολογία,Nb
4653,Σκύθης,Nb
4654,μομφή,Nb
4655,τελειότης,Nb
4656,βραβεύω,V-
4657,εὐχάριστος,A-
4658,πλουσίως,Df
4659,πικραίνω,V-
4660,ἀθυμέω,V-
4661,ἀνταπόδοσις,Nb
4662,Ὀνήσιμος,Ne
4663,ἀνεψιός,Nb
4664,παρηγορία,Nb
4665,πόνος,Nb
4666,Ἱεράπολις,Ne
4667,Λουκᾶς,Ne
4668,Δημᾶς,Ne
4669,Νύμφα,Ne
4670,Λαοδικεύς,Nb
4671,Ἄρχιππος,Ne
4672,ἐξηχέω,V-
4673,ἀναμένω,V-
4674,προπάσχω,V-
4675,κολακεία,Nb
4676,ἤπιος,A-
4677,τροφός,Nb
4678,ὁμείρομαι,V-
4679,ὁσίως,Df
4680,ἀμέμπτως,Df
4681,συμφυλέτης,Nb
4682,ἀπορφανίζω,V-
4683,σαίνω,V-
4684,ὑπερβαίνω,V-
4685,ἔκδικος,A-
4686,τοιγαροῦν,Df
4687,θεοδίδακτος,A-
4688,περιλείπομαι,V-
4689,κέλευσμα,Nb
4690,ἀρχάγγελος,Nb
4691,νήφω,V-
4692,ἄτακτος,A-
4693,ὀλιγόψυχος,A-
4694,ὁλοτελής,A-
4695,ὁλόκληρος,A-
4696,ὑπεραυξάνω,V-
4697,ἔνδειγμα,Nb
4698,τίνω,V-
4699,ἐνδοξάζομαι,V-
4700,ἐπισυναγωγή,Nb
4701,ἐπιφάνεια,Nb
4702,ἀτάκτως,Df
4703,μιμέομαι,V-
4704,ἀτακτέω,V-
4705,περιεργάζομαι,V-
4706,καλοποιέω,V-
4707,σημειόω,V-
4708,ἑτεροδιδασκαλέω,V-
4709,μῦθος,Nb
4710,γενεαλογία,Nb
4711,ἀπέραντος,A-
4712,ἀστοχέω,V-
4713,ἐκτρέπω,V-
4714,ματαιολογία,Nb
4715,διαβεβαιόομαι,V-
4716,νομίμως,Df
4717,ἀνυπότακτος,A-
4718,ἀνόσιος,A-
4719,βέβηλος,A-
4720,πατρολῴας,Nb
4721,μητρολῴας,Nb
4722,ἀνδροφόνος,Nb
4723,ἀνδραποδιστής,Nb
4724,ἐπίορκος,A-
4725,διώκτης,Nb
4726,ὑπερπλεονάζω,V-
4727,ἀποδοχή,Nb
4728,ὑποτύπωσις,Nb
4729,στρατεία,Nb
4730,Ὑμέναιος,Ne
4731,ἔντευξις,Nb
4732,ἤρεμος,A-
4733,ἡσύχιος,A-
4734,διάγω,V-
4735,σεμνότης,Nb
4736,ἀπόδεκτος,A-
4737,ἀντίλυτρον,Nb
4738,κῆρυξ,Nb
4739,καταστολή,Nb
4740,κόσμιος,A-
4741,αἰδώς,Nb
4742,πλέγμα,Nb
4743,θεοσέβεια,Nb
4744,αὐθεντέω,V-
4745,τεκνογονία,Nb
4746,ὀρέγω,V-
4747,ἀνεπίλη(μ)πτος,A-
4748,νηφάλιος,A-
4749,σώφρων,A-
4750,φιλόξενος,A-
4751,διδακτικός,A-
4752,πάροινος,A-
4753,πλήκτης,Nb
4754,ἄμαχος,A-
4755,ἀφιλάργυρος,A-
4756,νεόφυτος,A-
4757,τυφόω,V-
4758,δίλογος,A-
4759,αἰσχροκερδής,A-
4760,διάβολος,A-
4761,βαθμός,Nb
4762,βραδύνω,V-
4763,ἑδραίωμα,Nb
4764,ὁμολογουμένως,Df
4765,ῥητῶς,Df
4766,ψευδολόγος,A-
4767,καυστηριάζω,V-
4768,μετάλημψις,Nb
4769,κτίσμα,Nb
4770,ἀπόβλητος,A-
4771,ἐντρέφω,V-
4772,γραώδης,A-
4773,γυμνάζω,V-
4774,γυμνασία,Nb
4775,ὠφέλιμος,A-
4776,ἁγνεία,Nb
4777,ἐπιπλήσσω,V-
4778,ἔκγονος,A-
4779,ἀμοιβή,Nb
4780,πρόγονος,Nb
4781,μονόω,V-
4782,σπαταλάω,V-
4783,καταλέγω,V-
4784,τεκνοτροφέω,V-
4785,ξενοδοχέω,V-
4786,ἐπαρκέω,V-
4787,καταστρηνιάω,V-
4788,φλύαρος,A-
4789,τεκνογονέω,V-
4790,οἰκοδεσποτέω,V-
4791,λοιδορία,Nb
4792,πρόκριμα,Nb
4793,πρόσκλισις,Nb
4794,ὑδροποτέω,V-
4795,στόμαχος,Nb
4796,πρόδηλος,A-
4797,ἄλλως,Df
4798,νοσέω,V-
4799,λογομαχία,Nb
4800,ὑπόνοια,Nb
4801,διαπαρατριβή,Nb
4802,πορισμός,Nb
4803,διατροφή,Nb
4804,σκέπασμα,Nb
4805,βλαβερός,A-
4806,φιλαργυρία,Nb
4807,περιπείρω,V-
4808,ἄσπιλος,A-
4809,ἀπρόσιτος,A-
4810,ἀδηλότης,Nb
4811,ἀπόλαυσις,Nb
4812,εὐμετάδοτος,A-
4813,κοινωνικός,A-
4814,ἀποθησαυρίζω,V-
4815,παραθήκη,Nb
4816,κενοφωνία,Nb
4817,ἀντίθεσις,Nb
4818,ψευδώνυμος,A-
4819,ὑπόμνησις,Nb
4820,μάμμη,Nb
4821,Λωΐς,Ne
4822,Εὐνίκη,Ne
4823,ἀναζωπυρέω,V-
4824,δειλία,Nb
4825,σωφρονισμός,Nb
4826,συγκακοπαθέω,V-
4827,Φύγελος,Ne
4828,Ἑρμογένης,Ne
4829,Ὀνησίφορος,Ne
4830,ἀναψύχω,V-
4831,βελτίων,A-
4832,ἐμπλέκω,V-
4833,πραγματεία,Nb
4834,στρατολογέω,V-
4835,ἀθλέω,V-
4836,στεφανόω,V-
4837,κακοπαθέω,V-
4838,λογομαχέω,V-
4839,χρήσιμος,A-
4840,καταστροφή,Nb
4841,ἀνεπαίσχυντος,A-
4842,ὀρθοτομέω,V-
4843,γάγγραινα,Nb
4844,Φίλητος,Ne
4845,στερεός,A-
4846,χρύσεος,A-
4847,ξύλινος,A-
4848,εὔχρηστος,A-
4849,νεωτερικός,A-
4850,ἀπαίδευτος,A-
4851,ἀνεξίκακος,A-
4852,ἀντιδιατίθημι,V-
4853,ἀνανήφω,V-
4854,φίλαυτος,A-
4855,ἄσπονδος,A-
4856,ἀκρατής,A-
4857,ἀνήμερος,A-
4858,ἀφιλάγαθος,A-
4859,φιλήδονος,A-
4860,φιλόθεος,A-
4861,ἀποτρέπω,V-
4862,γυναικάριον,Nb
4863,μηδέποτε,Df
4864,Ἰάννης,Ne
4865,Ἰαμβρῆς,Ne
4866,καταφθείρω,V-
4867,ἔκδηλος,A-
4868,ἀγωγή,Nb
4869,εὐσεβῶς,Df
4870,γόης,Nb
4871,πιστόω,V-
4872,σοφίζω,V-
4873,θεόπνευστος,A-
4874,ἔλεγχος,Nb
4875,ἐπανόρθωσις,Nb
4876,ἄρτιος,A-
4877,ἀκαίρως,Df
4878,ἐπισωρεύω,V-
4879,κνήθω,V-
4880,ἀνάλυσις,Nb
4881,Κρήσκης,Ne
4882,Δαλματία,Ne
4883,φαιλόνης,Nb
4884,ἀπολείπω,V-
4885,Κάρπος,Ne
4886,μεμβράνα,Nb
4887,χαλκεύς,Nb
4888,λέων,Nb
4889,Εὔβουλος,Ne
4890,Πούδης,Ne
4891,Λίνος,Ne
4892,Κλαυδία,Ne
4893,δοῦλος#2,Nb
4894,ἀψευδής,A-
4895,Κρήτη,Nb
4896,ἐπιδιορθόω,V-
4897,αὐθάδης,A-
4898,ὀργίλος,A-
4899,φιλάγαθος,A-
4900,ἐγκρατής,A-
4901,ματαιολόγος,A-
4902,φρεναπάτης,Nb
4903,ἐπιστομίζω,V-
4904,Ἰουδαϊκός,A-
4905,βδελυκτός,A-
4906,πρεσβῦτις,Nb
4907,κατάστημα,Nb
4908,ἱεροπρεπής,A-
4909,καλοδιδάσκαλος,A-
4910,σωφρονίζω,V-
4911,φίλανδρος,A-
4912,φιλότεκνος,A-
4913,οἰκουργός,A-
4914,ἀφθορία,Nb
4915,ἀκατάγνωστος,A-
4916,κοσμικός,A-
4917,σωφρόνως,Df
4918,περιούσιος,A-
4919,περιφρονέω,V-
4920,στυγητός,A-
4921,φροντίζω,V-
4922,ἀνωφελής,A-
4923,αἱρετικός,A-
4924,δεύτερος,A-
4925,ἐκστρέφω,V-
4926,αὐτοκατάκριτος,A-
4927,Ἀρτεμᾶς,Ne
4928,Νικόπολις,Ne
4929,Ζηνᾶς,Nb
4930,Ἀπολλῶς,Nb
4931,Παῦλος,Nb
4932,Φιλήμων,Nb
4933,Ἀπφία,Nb
4934,Ἄρχιππος,Nb
4935,Ὀνήσιμος,Nb
4936,ἄχρηστος,A-
4937,ἑκούσιος,A-
4938,ἀποτίνω,V-
4939,προσοφείλω,V-
4940,ὀνίνημι,V-
4941,Μᾶρκος,Nb
4942,Ἀρίσταρχος,Nb
4943,Δημᾶς,Nb
4944,Λουκᾶς,Nb
4945,πολυμερῶς,Df
4946,πολυτρόπως,Df
4947,ἀπαύγασμα,Nb
4948,χαρακτήρ,Nb
4949,μεγαλωσύνη,Nb
4950,εὐθύτης,Nb
4951,λειτουργικός,A-
4952,παραρρέω,V-
4953,μισθαποδοσία,Nb
4954,συνεπιμαρτυρέω,V-
4955,μερισμός,Nb
4956,θέλησις,Nb
4957,παραπλησίως,Df
4958,δήπου,Df
4959,κατά,G-
4960,θεράπων,Nb
4961,παραπικρασμός,Nb
4962,δοκιμασία,Nb
4963,προσοχθίζω,V-
4964,πονηρός,Nb
4965,ἀπάτη,Ne
4966,ἐάνπερ,G-
4967,ἐπικραίνω,V-
4968,κῶλον,Nb
4969,σαββατισμός,Nb
4970,τομός,A-
4971,δίστομος,A-
4972,διϊκνέομαι,V-
4973,ἁρμός,Nb
4974,μυελός,Nb
4975,κριτικός,A-
4976,ἔννοια,Nb
4977,ἀφανής,A-
4978,τραχηλίζω,V-
4979,συμπαθέω,V-
4980,ὁμοιότης,Nb
4981,μετριοπαθέω,V-
4982,καθώσπερ,Dq
4983,Μελχισέδεκ,Ne
4984,ἱκετηρία,Nb
4985,εὐλάβεια,Nb
4986,καίπερ,Df
4987,προσαγορεύω,V-
4988,δυσερμήνευτος,A-
4989,νωθρός,A-
4990,ἄπειρος#1,A-
4991,δικαιοσύνη,A-
4992,ἕξις,Nb
4993,αἰσθητήριον,Nb
4994,Χριστός,Nb
4995,παραπίπτω,V-
4996,ἀνακαινίζω,V-
4997,ἀνασταυρόω,V-
4998,παραδειγματίζω,V-
4999,βοτάνη,Nb
5000,γεωργέω,V-
5001,καῦσις,Nb
5002,μήν,Df
5003,ἀντιλογία,Nb
5004,ἀμετάθετος,A-
5005,μεσιτεύω,V-
5006,πρόδρομος,A-
5007,Σαλήμ,Ne
5008,κοπή,Nb
5009,ἀπάτωρ,A-
5010,ἀμήτωρ,A-
5011,ἀγενεαλόγητος,A-
5012,ἀφομοιόω,V-
5013,διηνεκής,A-
5014,πηλίκος,Pi
5015,δέκατος,A-
5016,ἀκροθίνιον,Nb
5017,γενεαλογέω,V-
5018,δεκατόω,V-
5019,δέκατος,Ma
5020,ἔπος,Nb
5021,Λευεὶς,Ne
5022,Λευιτικός,A-
5023,ἱερωσύνη,Nb
5024,νομοθετέω,V-
5025,μετάθεσις,Nb
5026,κατάδηλος,A-
5027,ἀκατάλυτος,A-
5028,ἀθέτησις,Nb
5029,ἐπεισαγωγή,Nb
5030,ὁρκωμοσία,Nb
5031,ἔγγυος,Nb
5032,ἀπαράβατος,A-
5033,ἀμίαντος,A-
5034,αἰώνιος,Nb
5035,πήγνυμι,V-
5036,ἀδικία,A-
5037,μιμνῄσκομαι,V-
5038,ἀφανισμός,Nb
5039,θυμιατήριον,Nb
5040,στάμνος,Nb
5041,Χερουβίμ,Nb
5042,κατασκιάζω,V-
5043,ἀγνόημα,Nb
5044,διόρθωσις,Nb
5045,τράγος,Nb
5046,δάμαλις,Nb
5047,ῥαντίζω,V-
5048,καθαρότης,Nb
5049,ἐγκαινίζω,V-
5050,ἔριον,Nb
5051,αἱματεκχυσία,Nb
5052,ἀντίτυπος,A-
5053,κεφαλίς,Nb
5054,πρόσφατος,A-
5055,ἀκλινής,A-
5056,ἑκουσίως,Df
5057,φοβερός,A-
5058,ἐκδοχή,Nb
5059,τιμωρία,Nb
5060,ἐνυβρίζω,V-
5061,ἄθλησις,Nb
5062,θεατρίζω,V-
5063,ὑποστολή,Nb
5064,Κάϊν,Ne
5065,εὐαρεστέω,V-
5066,μισθαποδότης,Nb
5067,μηδέπω,Df
5068,εὐλαβέομαι,V-
5069,δημιουργός,Nb
5070,ἀναρίθμητος,A-
5071,παρεπίδημος,A-
5072,ἐκβαίνω,V-
5073,τρίμηνος,A-
5074,διάταγμα,Nb
5075,συγκακουχέομαι,V-
5076,ἀποβλέπω,V-
5077,καρτερέω,V-
5078,πρόσχυσις,Nb
5079,ὀλοθρεύω,V-
5080,πεῖρα,Nb
5081,Ῥαάβ,Ne
5082,συναπόλλυμι,V-
5083,κατάσκοπος,Nb
5084,ἐπιλείπω,V-
5085,Γεδεών,Ne
5086,Βαράκ,Ne
5087,Σαμψών,Ne
5088,Ἰεφθάε,Ne
5089,καταγωνίζομαι,V-
5090,τυμπανίζω,V-
5091,ἐμπαιγμός,Nb
5092,πρίζω,V-
5093,μηλωτή,Nb
5094,αἴγειος,A-
5095,δέρμα,Nb
5096,κακουχέω,V-
5097,ὀπή,Nb
5098,προβλέπω,V-
5099,νέφος,Nb
5100,ὄγκος,Nb
5101,εὐπερίστατος,A-
5102,τελειωτής,Nb
5103,ἀναλογίζομαι,V-
5104,κάμνω,V-
5105,ἀντικαθίστημι,V-
5106,ἀνταγωνίζομαι,V-
5107,ἐκλανθάνομαι,V-
5108,ὀλιγωρέω,V-
5109,νόθος,Nb
5110,εἰρηνικός,A-
5111,τροχιά,Nb
5112,ἐπισκοπέω,V-
5113,πρωτοτόκια,Nb
5114,μετέπειτα,Df
5115,γνόφος,Nb
5116,ζόφος,Nb
5117,θύελλα,Nb
5118,φαντάζω,V-
5119,πανήγυρις,Nb
5120,ῥαντισμός,Nb
5121,εὐαρέστως,Df
5122,δέος,Nb
5123,καταναλίσκω,V-
5124,δοκιμεῖον,Nb
5125,ἁπλῶς,Df
5126,ἔοικα,V-
5127,ἀνεμίζομαι,V-
5128,ῥιπίζω,V-
5129,δίψυχος,A-
5130,ἀκατάστατος,A-
5131,ἄνθος,Nb
5132,εὐπρέπεια,Nb
5133,μαραίνω,V-
5134,ἀπείραστος,A-
5135,ἐξέλκω,V-
5136,δελεάζω,V-
5137,ἀποκυέω,V-
5138,φάος,Nb
5139,παραλλαγή,Nb
5140,τροπή,Nb
5141,ἀποσκίασμα,Nb
5142,εἰς,G-
5143,ῥυπαρία,Nb
5144,ἔμφυτος,A-
5145,ἐπιλησμονή,Nb
5146,ποίησις,Nb
5147,θρῆσκος,A-
5148,χαλιναγωγέω,V-
5149,προσωποληψία,Nb
5150,χρυσοδακτύλιος,A-
5151,ῥυπαρός,A-
5152,πτωχός,Nb
5153,πλησίος,A-
5154,προσωποληπτέω,V-
5155,ἀνέλεος,A-
5156,ἐφήμερος,A-
5157,ἐπιτήδειος,A-
5158,φρίσσω,V-
5159,ἵππος,Nb
5160,χαλινός,Nb
5161,μετάγω,V-
5162,αὐχέω,V-
5163,ὕλη,Nb
5164,σπιλόω,V-
5165,φλογίζω,V-
5166,τροχός,Nb
5167,ἐνάλιος,A-
5168,θανατηφόρος,A-
5169,ὁμοίωσις,Nb
5170,χρή,V-
5171,βρύω,V-
5172,γλυκύς,A-
5173,πικρός,A-
5174,οὔτε,Df
5175,ἁλυκός,A-
5176,ἐπιστήμων,A-
5177,δαιμονιώδης,A-
5178,εὐπειθής,A-
5179,ἀδιάκριτος,A-
5180,πολεμέω,V-
5181,φιλία,Nb
5182,κενῶς,Df
5183,κατοικίζω,V-
5184,ταλαιπωρέω,V-
5185,γέλως,Nb
5186,πένθος,Nb
5187,μετατρέπω,V-
5188,κατήφεια,Nb
5189,καταλαλέω,V-
5190,νομοθέτης,Nb
5191,πορεύω,V-
5192,ἐμπορεύομαι,V-
5193,ἀλαζονεία,Nb
5194,ὀλολύζω,V-
5195,σήπω,V-
5196,σητόβρωτος,A-
5197,κατιόομαι,V-
5198,ἀμάω,V-
5199,ἀφυστερέω,V-
5200,βοή,Nb
5201,τρυφάω,V-
5202,πρώϊμος,A-
5203,ὄψιμος,A-
5204,κακοπάθεια,Nb
5205,Ἰὼβ,Ne
5206,πολύσπλαγχνος,A-
5207,ἐξομολογέομαι,V-
5208,ἀναγεννάω,V-
5209,ἀμάραντος,A-
5210,δέον,Nb
5211,ἀνεκλάλητος,A-
5212,ἐξερευνάω,V-
5213,ἐρευνάω,V-
5214,προμαρτύρομαι,V-
5215,εὐαγγελίζομαι,V-
5216,ἀναζώννυμι,V-
5217,τελείως,Df
5218,ἀπροσωπολήπτως,Df
5219,ἐλυτρόω,V-
5220,πατροπαράδοτος,A-
5221,σπορά,Nb
5222,ἀρτιγέννητος,A-
5223,ἄδολος,A-
5224,γεύω,V-
5225,ἱεράτευμα,Nb
5226,ἐξαγγέλλω,V-
5227,ἐν,G-
5228,κακοποιός,A-
5229,ἐποπτεύω,V-
5230,ἀγαθοποιός,A-
5231,ἐπικάλυμμα,Nb
5232,ἀδελφότης,Nb
5233,ἀδίκως,Df
5234,κλέος,Nb
5235,ὑπολιμπάνω,V-
5236,ὑπογραμμός,Nb
5237,ἀντιλοιδορέω,V-
5238,ἀπογίγνομαι,V-
5239,μώλωψ,Nb
5240,ἐμπλοκή,Nb
5241,περίθεσις,Nb
5242,ἔνδυσις,Nb
5243,πρᾶος,A-
5244,ἄλφα,Nb
5245,ω,Nb
5246,συγκοινωνός,A-
5247,Πάτμος,Ne
5248,Ζμύρνα,Ne
5249,Πέργαμος,Ne
5250,Σάρδεις,Ne
5251,Φιλαδελφία,Ne
5252,ποδήρης,A-
5253,χαλκολίβανον,Nb
5254,Νικολαΐτης,Nb
5255,Ἀντείπας,Ne
5256,Βαλαάμ,Ne
5257,Βαλάκ,Ne
5258,Ἰεζάβελ,Ne
5259,νεφρός,Nb
5260,κεραμικός,A-
5261,πρωϊνός,A-
5262,ζεστός,A-
5263,χλιαρός,A-
5264,ἐμέω,V-
5265,κολλύριον,Nb
5266,ἐγχρίω,V-
5267,ζηλεύω,V-
5268,ἴασπις,Nb
5269,σάρδιον,Nb
5270,ἶρις,Nb
5271,κυκλόθεν,Df
5272,σμαράγδινος,A-
5273,εἴκοσι τέσσαρες,Ma
5274,ὑάλινος,A-
5275,κρύσταλλος,Nb
5276,ζῷον,Nb
5277,πέτομαι,V-
5278,κατασφραγίζω,V-
5279,σφάζω,V-
5280,φιάλη,Nb
5281,τόξον,Nb
5282,πυρρός,A-
5283,χοῖνιξ,Nb
5284,κριθή,Nb
5285,πέμπτος,Mo
5286,τρίχινος,A-
5287,ὄλονθος,Nb
5288,ἑλίσσω,V-
5289,μέτωπον,Nb
5290,ἑκατὸν τεσσεράκοντα τέσσαρες,Ma
5291,Ῥουβήν,Ne
5292,Γάδ,Ne
5293,Ἰσσαχάρ,Ne
5294,καῦμα,Nb
5295,ἡμίωρον,Nb
5296,λιβανωτός,Nb
5297,χάλαζα,Nb
5298,ἄψινθος,Nb
5299,πλήσσω,V-
5300,μεσουράνημα,Nb
5301,βασανισμός,Nb
5302,οὐρά,Nb
5303,Ἀβαδδών,Ne
5304,Ἑλληνικός,A-
5305,Ἀπολλύων,Ne
5306,οὐαί,Nb
5307,Εὐφράτης,Ne
5308,ἱππικός,A-
5309,δισμυριάς,Nb
5310,πύρινος,A-
5311,ὑακίνθινος,A-
5312,θειώδης,A-
5313,χάλκεος,A-
5314,κλέμμα,Nb
5315,βιβλαρίδιον,Nb
5316,μυκάομαι,V-
5317,τεσσεράκοντα δύο,Ma
5318,χίλιοι διακόσιοι ἑξήκοντα,Ma
5319,δράκων,Nb
5320,διάδημα,Nb
5321,Μιχαήλ,Ne
5322,ποταμοφόρητος,A-
5323,πάρδαλις,Nb
5324,ἄρκος,Nb
5325,ἑξακόσιοι ἑξήκοντα ἕξ,Ma
5326,κιθαρῳδός,Nb
5327,κεράννυμι,V-
5328,ἄκρατος,A-
5329,βότρυς,Nb
5330,ἀκμάζω,V-
5331,χίλιοι ἑξακόσιοι,Ma
5332,μασάομαι,V-
5333,βάτραχος,Nb
5334,Ἁρμαγεδών,Ne
5335,ταλαντιαῖος,A-
5336,χρυσόω,V-
5337,ὄρνεον,Nb
5338,στρῆνος,Nb
5339,διπλόω,V-
5340,στρηνιάω,V-
5341,πύρωσις,Nb
5342,βύσσινος,A-
5343,σιρικός,A-
5344,θύϊνος,A-
5345,ἐλεφάντινος,A-
5346,σίδηρος,Nb
5347,μάρμαρος,Nb
5348,κιννάμωμον,Nb
5349,ἄμωμον,Nb
5350,σεμίδαλις,Nb
5351,ῥέδη,Nb
5352,ὀπώρα,Nb
5353,λιπαρός,A-
5354,τιμιότης,Nb
5355,ὅρμημα,Nb
5356,μουσικός,A-
5357,σαλπιστής,Nb
5358,ἁλληλουϊά,I-
5359,εἴρω,V-
5360,περιρρίπτω,V-
5361,Παντοκράτωρ,Ne
5362,μηρός,Nb
5363,ὁ,Pr
5364,χίλιοι,Ma
5365,πελεκίζω,V-
5366,ζάω,V-
5367,Γὼγ,Ne
5368,Μαγώγ,Ne
5369,κυκλεύω,V-
5370,φάρμακος,Nb
5371,ψευδής,Nb
5372,κρυσταλλίζω,V-
5373,τετράγωνος,A-
5374,ἐνδώμησις,Nb
5375,ὕαλος,Nb
5376,θεμέλιος,A-
5377,σάπφιρος,Nb
5378,χαλκηδών,Nb
5379,σμάραγδος,Nb
5380,σαρδόνυξ,Nb
5381,χρυσόλιθος,Nb
5382,βήρυλλος,Nb
5383,τοπάζιον,Nb
5384,χρυσόπρασος,Nb
5385,ὑάκινθος,Nb
5386,δωδέκατος,Mo
5387,ἀμέθυστος,Nb
5388,διαυγής,A-
5389,κατάθεμα,Nb
5390,ῥυπαίνω,V-
5391,FIXME,Nb
5392,κύριος,Ne
5393,διάψαλμα,Nb
5394,ἐκγελάω,V-
5395,FIXME,Ne
5396,FIXME,A-
5397,FIXME,V-
5398,ἀποδιδράσκω,V-
5399,κύριος,A-
5400,κοιμάω,V-
5401,ὑπνόω,V-
5402,ἐχθραίνω,V-
5403,FIXME,Df
5404,θαυμαστόω,V-
5405,κατανύσσω,V-
5406,FIXME,Pp
5407,ᾅδης,Ne
5408,ᾄδω,V-
5409,FIXME,G-
5410,ἐντέλλομαι,V-
5411,ἐτάζω,V-
5412,ἐντείνω,V-
5413,ἐξεργάζομαι,V-
5414,ἀνασκάπτω,V-
5415,ἐμπήγνυμι,V-
5416,ἐμπυρίζω,V-
5417,ἐγκάθημαι,V-
5418,πᾶς,A-
5419,μεταναστεύω,V-
5420,ὀλιγόω,V-
5421,δοκίμιον,Nb
5422,ἑπταπλασίως,Df
5423,πολυωρέω,V-
5424,διακύπτω,V-
5425,ὀμνύω,V-
5426,ταχύνω,V-
5427,ἀποκαθίστημι,V-
5428,σκέπης,Nb
5429,σκεπάζω,V-
5430,σκύμνος,Nb
5431,βοηθός,Nb
5432,πετάννυμι,V-
5433,βροντάω,V-
5434,ἀσεβέω,V-
5435,ἐκθλίβω,V-
5436,συμποδίζω,V-
5437,ἐξολοθρεύω,V-
5438,λεπτύνω,V-
5439,λεαίνω,V-
5440,χωλαίνω,V-
5441,παστός,Nb
5442,γίγας,Nb
5443,ἐπιθυμητός,A-
5444,κηρίον,Nb
5445,συνταράσσω,Ne
5446,δυναστεία,Nb
5447,ἐκσπάω,V-
5448,ὠρύομαι,V-
5449,κηρός,A-
5450,τήκω,V-
5451,ἐξαριθμέω,V-
5452,μακρύνω,V-
5453,δεσπόζω,V-
5454,λιπαίνω,V-
5455,αἴρω,V-
5456,ἀνομέω,V-
5457,γίνομαι,V-
5458,κέδρος,A-
5459,συσσείω,V-
5460,Καδής,Ne
5461,κραταίωμα,Nb
5462,καταφυγή,Nb
5463,διατρέφω,V-
5464,βαρύνω,V-
5465,ἐξαγορεύω,V-
5466,συνετίζω,V-
5467,κημός,Nb
5468,ἄγχω,V-
5469,ἀλλοιόω,V-
5470,Ἀβειμέλεχ,Ne
5471,πλημμελέω,V-
5472,δικάζω,V-
5473,χνοῦς,Nb
5474,τέρπω,V-
5475,σκυθρωπάζω,V-
5476,διασχίζω,V-
5477,μυκτηρισμός,Nb
5478,ματαίως,Df
5479,ἀγαθύνω,V-
5480,πονηρεύομαι,V-
5481,αποξηραίνω,V-
5482,κατατρυφάω,V-
5483,ἱκετεύω,V-
5484,δανείζω,V-
5485,θέλω,V-
5486,ἀντιστηρίζω,V-
5487,ἐλεάω,V-
5488,προσόζω,V-
5489,ἐκβιάζω,V-
5490,δολιότης,Nb
5491,μεγαλορρημονέω,V-
5492,κοφάω,V-
5493,ἄλγημα,Nb
5494,FIXME,Px
5495,FIXME,Pd
5496,ἐλεγμός,Nb
5497,ἐκτήκω,V-
5498,εἰμί,V-
5499,κύριος,Mo
5500,ψιθυρίζω,V-
5501,ἐπιχαίρω,V-
5502,ἀκακία,Nb
5503,καταθλάω,V-
5504,κερατίζω,V-
5505,αποδέω,V-
5506,ἀλαλάγμα,Nb
5507,διαπετάννυμι,V-
5508,ἐξερεύγομαι,V-
5509,ὡραιότης,Nb
5510,κάλλος,Nb
5511,κατευοδόω,V-
5512,θαυμαστῶς,Df
5513,ἀκονάω,V-
5514,διάχρυσος,A-
5515,ποικίλλω,V-
5516,λιτανεύω,V-
5517,κροσσωτός,A-
5518,ἀνταναιρέω,V-
5519,συγκλαίω,V-
5520,κροτέω,V-
5521,FIXME,Mo
5522,συνετῶς,Df
5523,καταιγίς,Nb
5524,κισσάω,V-
5525,ἔγκατον,Nb
5526,αἴνεσις,Nb
5527,ἐνκαυχάομαι,V-
5528,ξυρόν,Nb
5529,ἐξακονάω,V-
5530,ἐκτίλλω,V-
5531,ῤίζωμα,Nb
5532,ἐπελπίζω,V-
5533,ἐκουσίως,Df
5534,ἐγκοτέω,V-
5535,φυγαδεύω,V-
5536,γλυκαίνω,V-
5537,ἁπαλύνω,V-
5538,ἡμισεύω,V-
5539,ὀλίσθημα,Nb
5540,συμπλέκω,V-
5541,βύω,V-
5542,ἐπᾴδω,V-
5543,φαρμακός,Nb
5544,φαρμακεύω,V-
5545,κηρός,Nb
5546,λιμώσσω,V-
5547,ἀντιλήπτωρ,A-
5548,στηλογραφία,Nb
5549,Σωβάλ,Ne
5550,Ἰωάβ,Ne
5551,ἄλς,Nb
5552,Σίκιμα,Ne
5553,διαμετρέω,V-
5554,ἀκηδιάω,V-
5555,ὠθέω,V-
5556,στρωμνή,Nb
5557,ἐμφράσσω,V-
5558,κατατοξεύω,V-
5559,ἐξερεύνησις,Nb
5560,πλήθω,V-
5561,πρώιος,A-
5562,πεδίον,Nb
5563,πιαίνω,V-
5564,αἰών,A-
5565,ἀκουτίζω,V-
5566,FIXME,Ma
5567,μονότροπος,Nb
5568,πεδάω,V-
5569,ανδρείος,A-
5570,στάζω,V-
5571,χιονόομαι,V-
5572,τυρόω,V-
5573,εὐθηνέω,V-
5574,FIXME,F-
5575,ἰλύς,Nb
5576,βραγχιάω,V-
5577,ἀποτίννυμι,V-
5578,ἀδολεσχέω,V-
5579,ἀλγέω,V-
5580,ἕρπω,V-
5581,παρανομέω,Ne
5582,ἄβυσσος,V-
5583,συμπαραμένω,V-
5584,πόκος,Nb
5585,στάγων,Nb
5586,λείχω,V-
5587,διανοέομαι,V-
5588,ἀσυνθετέω,V-
5589,ἐγκαυχάομαι,V-
5590,δρυμός,Nb
5591,καταισχύνω,Nb
5592,ἐκκενόω,V-
5593,ἀπαναίνομαι,V-
5594,ὀλιγοψυχέω,V-
5595,σκάλλω,V-
5596,ὑπεράνωθεν,Df
5597,πτερωτός,A-
5598,κληροδοτέω,V-
5599,κληροδοσία,Nb
5600,στρεβλός,A-
5601,χερούβ,Nb
5602,ἐμφαίνω,V-
5603,ἀναδενδράς,Nb
5604,FIXME,I-
5605,κέδρος,Nb
5606,σῦς,Nb
5607,ζωόω,V-
5608,ὁμονοία,Nb
5609,Ἀσσούρ,Ne
5610,διατείνω,V-
5611,κατώτατος,A-
5612,τραυματίας,Nb
5613,ἰσόω,V-
5614,Θαβώρ,Ne
5615,Ἑρμωνιείμ,Ne
5616,συγκόπτω,V-
5617,διασκεδάζω,V-
5618,σμικρύνω,V-
5619,ὑπέχω,V-
5620,ἀνθέω,V-
5621,Λίβανος,Ne
5622,πιών,Nb
5623,εὐπαθέω,V-
5624,πραΰνω,V-
5625,βόθρος,A-
5626,συμπαρίστημι,V-
5627,συμπρόσειμι,V-
5628,κατορθόω,V-
5629,μονάζο,V-
5630,FIXME,Du
5631,σιδηροῦς,A-
5632,FIXME,R-
5633,κυρία,Nb
5634,καθιστάνω,V-
5635,σχοῖνος,Nb
5636,ἐξιχνιάζω,V-
5637,φοβερῶς,Df
5638,κατωτάτω,Df
5639,ἀκατέργαστος,A-
5640,μῖσος,Nb
