0,<pad>
1,<unk>
2,ш
3,ѭ
4,ѳ
5,s
6,ъ
7,ю
8,ч
9,х
10,н
11,е
12,о
13,к
14,м
15,ж
16,і
17,а
18,в
19,з
20,ф
21,р
22,҂
23,с
24,ѧ
25,ь
26,ц
27,ѯ
28,г
29,ⱖ
30,ѫ
31,б
32,т
33,ѣ
34,д
35,у
36,л
37,п
38,оу
39,тъ
40,въ
41,ъі
42,же
43,ст
44,ні
45,мъ
46,пр
47,не
48,на
49,шт
50,го
51,ко
52,по
53,во
54,ра
55,съ
56,да
57,ла
58,сѧ
59,ті
60,вѣ
61,вь
62,лі
63,хъ
64,де
65,ва
66,те
67,бо
68,мо
69,нъ
70,но
71,ві
72,ше
73,че
74,ді
75,отъ
76,се
77,рѣ
78,моу
79,прі
80,сі
81,стъ
82,то
83,ре
84,къ
85,ште
86,рі
87,ѣко
88,мь
89,ло
90,мі
91,до
92,дѣ
93,ръ
94,тво
95,лѣ
96,дъ
97,нѣ
98,ка
99,іс
100,шѧ
101,ро
102,ве
103,его
104,бѣ
105,нь
106,ма
107,ші
108,за
109,нъі
110,прѣ
111,рь
112,жі
113,гла
114,бъі
115,імъ
116,сті
117,та
118,ле
119,ста
120,емоу
121,рече
122,лъ
123,сѣ
124,іхъ
125,хо
126,са
127,дь
128,па
129,ть
130,шта
131,къі
132,сь
133,сво
134,мѣ
135,ль
136,про
137,зъ
138,ме
139,въі
140,ша
141,естъ
142,бі
143,мѧ
144,въз
145,із
146,сѫ
147,дѫ
148,нѫ
149,аше
150,чі
151,шті
152,об
153,га
154,чь
155,лю
156,гл
157,бе
158,сл
159,хѫ
160,роу
161,сто
162,ніе
163,цѣ
164,аште
165,мѫ
166,творі
167,бѫ
168,ѧтъ
169,гда
170,сть
171,пі
172,тѣ
173,аго
174,ці
175,раз
176,ца
177,рѫ
178,ахѫ
179,со
180,от
181,оубо
182,доу
183,іже
184,тъі
185,мъі
186,ча
187,пра
188,бла
189,детъ
190,бъ
191,коу
192,жде
193,сло
194,ба
195,сте
196,гъ
197,відѣ
198,мно
199,зь
200,зе
201,чені
202,глаго
203,іма
204,гъі
205,еді
206,вѣшта
207,жь
208,вамъ
209,слъі
210,сла
211,ноу
212,пе
213,сътворі
214,дъі
215,повѣ
216,бь
217,рѧ
218,етъ
219,шь
220,дѧ
221,ніі
222,жа
223,гі
224,глѭ
225,вьсѣ
226,оучені
227,ск
228,мене
229,стъі
230,тѧ
231,връ
232,азъ
233,зі
234,це
235,еже
236,бра
237,ніѣ
238,лѫ
239,стра
240,ръі
241,вра
242,ѭтъ
243,ѣкоже
244,есі
245,тако
246,лѧ
247,егда
248,тоу
249,въше
250,чѧ
251,моі
252,штоу
253,поу
254,дроу
255,гра
256,отъвѣшта
257,гоу
258,вьз
259,ісъ
260,іде
261,кь
262,слоу
263,зѣ
264,вѫ
265,съі
266,грѣ
267,кѫ
268,велі
269,что
270,чл
271,слъіша
272,бъістъ
273,ство
274,бѫдетъ
275,онъ
276,сего
277,нѧ
278,пѣ
279,мое
280,шъ
281,како
282,тебѣ
283,ць
284,іо
285,шоу
286,штѧ
287,емъ
288,пь
289,вѣдѣ
290,скъі
291,раді
292,доб
293,кто
294,благо
295,вѧ
296,молі
297,іса
298,оть
299,ха
300,разоу
301,гь
302,нікъ
303,зъі
304,зако
305,шть
306,твое
307,наро
308,дастъ
309,бжі
310,дръ
311,ѭште
312,імѣ
313,слове
314,комъ
315,лоу
316,слѣ
317,зна
318,ан
319,істі
320,прѣдъ
321,ставі
322,немоу
323,ловѣ
324,пакъі
325,воу
326,снъ
327,ію
328,врѣ
329,тръ
330,нъіі
331,посъ
332,сѫтъ
333,пъ
334,може
335,іте
336,чловѣ
337,іе
338,спо
339,пріде
340,стѫ
341,свое
342,свѣ
343,ложі
344,мьнѣ
345,лъі
346,тѫ
347,вьсе
348,боу
349,вла
350,кръ
351,глѧ
352,ете
353,жѧ
354,подо
355,оумоу
356,шѫ
357,себѣ
358,обрѣ
359,едінъ
360,ес
361,зем
362,стві
363,ілі
364,діте
365,слово
366,пове
367,цъ
368,нье
369,въста
370,стѣ
371,повелѣ
372,своі
373,пѫ
374,ное
375,посъла
376,хомъ
377,повѣда
378,нъінѣ
379,намъ
380,оучі
381,мрь
382,глагола
383,ска
384,шедъ
385,ар
386,імѧ
387,твоі
388,нъіѧ
389,жда
390,штѫ
391,рѣшѧ
392,разоумѣ
393,амі
394,цр
395,въс
396,госпо
397,крь
398,ходѧ
399,тель
400,вьсі
401,ніхъ
402,нааго
403,того
404,домъ
405,бъіті
406,чоу
407,дѫтъ
408,ѣже
409,міло
410,німъ
411,грѧ
412,чьто
413,дра
414,гнѣ
415,мъно
416,фа
417,дьні
418,лѭ
419,імѫ
420,пѧ
421,мръ
422,чъ
423,гѫ
424,хва
425,десѧ
426,бъіва
427,него
428,соу
429,дітъ
430,прѣда
431,ге
432,едіно
433,тъгда
434,цѣса
435,бога
436,своего
437,трь
438,очі
439,бъівъ
440,ср
441,цѧ
442,егоже
443,немь
444,прѣжде
445,еі
446,хоште
447,пока
448,біе
449,вьні
450,васъ
451,атъ
452,сно
453,хлѣ
454,іска
455,твоѣ
456,блаже
457,ѧі
458,дѧтъ
459,паче
460,плъ
461,моѣ
462,іме
463,конь
464,досто
465,трі
466,оученіці
467,арх
468,хра
469,ско
470,моего
471,жъ
472,ньѣ
473,дѣла
474,есмъ
475,отъвѣштавъ
476,ніці
477,пла
478,слоуша
479,ідѫ
480,іюде
481,ліко
482,нѣстъ
483,іно
484,пль
485,правь
486,мнѣ
487,хоу
488,трѣ
489,штіі
490,іматъ
491,просі
492,влѣ
493,нб
494,оні
495,іере
496,сіі
497,штіімъ
498,дрѣ
499,дѣте
500,вѣроу
501,любі
502,моліт
503,летъ
504,абіе
505,своѧ
506,пръ
507,нѫѭ
508,жіво
509,дьнь
510,дьне
511,без
512,пло
513,блі
514,штъ
515,ствоу
516,обра
517,всѣ
518,небе
519,врь
520,хъі
521,іоа
522,ем
523,дві
524,тебе
525,въіі
526,ог
527,наше
528,гро
529,штііхъ
530,фарі
531,вьсѧ
532,зъва
533,еші
534,градъ
535,ждѫ
536,въск
537,пок
538,члв
539,ніко
540,оца
541,ед
542,хотѣ
543,аг
544,роді
545,оста
546,проро
547,томоу
548,съвѣдѣ
549,самъ
550,хь
551,оставі
552,іскоу
553,шьдъ
554,відѣвъ
555,своѭ
556,піса
557,глѭште
558,боѭ
559,отъпоу
560,сп
561,сна
562,нарі
563,послоуша
564,прістѫ
565,архіере
566,нъііхъ
567,стоу
568,штѧѧ
569,цоу
570,міръ
571,бѫде
572,цѫ
573,гото
574,амін
575,інъ
576,ѧзъі
577,добро
578,кро
579,тре
580,ідеже
581,ваше
582,кра
583,азь
584,заповѣ
585,много
586,марі
587,акъі
588,твоего
589,нію
590,каме
591,вьсѣхъ
592,хрі
593,мѣсто
594,есть
595,насъ
596,німь
597,тро
598,вѧтъ
599,троу
600,ждъ
601,ѧже
602,штеі
603,емь
604,богъ
605,оба
606,іі
607,знаме
608,своімъ
609,діѣ
610,къто
611,зо
612,земі
613,можетъ
614,еда
615,вѣкъ
616,нікто
617,сіхъ
618,слъіші
619,погоу
620,творѧ
621,нетъ
622,оубі
623,оумь
624,немъ
625,іні
626,ѭшта
627,къні
628,неже
629,съпа
630,бѣаше
631,рова
632,ізба
633,наріца
634,пріѧ
635,галі
636,ніктоже
637,бье
638,бъішѧ
639,оць
640,стъіі
641,соже
642,вое
643,віді
644,домоу
645,жіті
646,даті
647,зѣло
648,дхъ
649,положі
650,бъіс
651,стіѭ
652,правъ
653,сътво
654,стааго
655,прь
656,піла
657,възвра
658,бже
659,црь
660,бжіі
661,люб
662,день
663,веде
664,зъло
665,глаголѫ
666,рас
667,врѣмѧ
668,божі
669,чѫ
670,прідетъ
671,оут
672,сімо
673,шъдъ
674,люді
675,моѭ
676,ства
677,срѣ
678,дошѧ
679,оузь
680,безако
681,свѧ
682,отро
683,въші
684,жена
685,десѧте
686,еліко
687,своіхъ
688,весе
689,пса
690,ѣше
691,фі
692,дова
693,бѣахѫ
694,сръ
695,ліце
696,таі
697,коньча
698,зні
699,града
700,тѣло
701,петръ
702,хотѧ
703,пѫті
704,въша
705,міра
706,бѫдѫтъ
707,многъі
708,оучіте
709,ізіде
710,рѫцѣ
711,рѣхъ
712,штемъ
713,обі
714,вѣрѫ
715,подъ
716,въні
717,мрът
718,обла
719,ствіе
720,помъі
721,хлѣбъ
722,еште
723,оті
724,проті
725,връже
726,едно
727,жѫ
728,відѧ
729,нена
730,цръ
731,бого
732,істінѫ
733,обѣ
734,іді
735,сѫді
736,крьсті
737,праве
738,възь
739,глаголѧ
740,цѣсарь
741,вьс
742,іті
743,твоіхъ
744,съвѣдѣтель
745,кора
746,ідѣ
747,прішедъ
748,шіхъ
749,лежѧ
750,вѣрова
751,агге
752,вьсѣмъ
753,помо
754,неі
755,крѣ
756,блю
757,лоні
758,владъі
759,еѧ
760,вітъ
761,номъ
762,печа
763,ждь
764,каза
765,огнь
766,мнозі
767,глааше
768,нъіімъ
769,радо
770,дроугъі
771,послѣ
772,пріем
773,дшѫ
774,гнѣва
775,томъ
776,деже
777,начѧ
778,ніцѫ
779,богоу
780,прѣбъіва
781,ісповѣ
782,стоѧ
783,сък
784,тогда
785,срь
786,ріі
787,погоубі
788,жівотъ
789,слъішавъ
790,ѭштоу
791,праз
792,пріне
793,імі
794,гле
795,ісплъ
796,свѧтъ
797,чѧтъ
798,сеі
799,праша
800,наѣ
801,добрѣ
802,сѫдъ
803,сьде
804,оугото
805,галіле
806,есте
807,болѣ
808,сіце
809,чьсті
810,оученікомъ
811,слъ
812,нітъ
813,едіного
814,дѣті
815,въпраша
816,кр
817,фарісѣ
818,хрісто
819,свѣтъ
820,дъва
821,вье
822,могѫ
823,срд
824,прідѫ
825,народъ
826,подобь
827,дро
828,хожда
829,зѫ
830,твоѭ
831,такожде
832,імѫтъ
833,она
834,ноуоумоу
835,бъра
836,архіереі
837,подоба
838,годі
839,дес
840,родъ
841,въсѣ
842,слава
843,мѫчені
844,дръжа
845,побѣ
846,віно
847,вьсь
848,речетъ
849,вѧза
850,імене
851,нѫтъ
852,тва
853,штіхъ
854,чкъ
855,господь
856,достоі
857,семь
858,бѣсъ
859,вѣсті
860,цѣлі
861,чоуде
862,нѣі
863,емоуже
864,томь
865,німі
866,позна
867,въшоу
868,вѣръі
869,себе
870,бѫді
871,плѣ
872,ломъ
873,обрѧ
874,бл
875,глаахѫ
876,грѣшь
877,сьмрь
878,нѭ
879,вода
880,паде
881,творітъ
882,земь
883,пѫть
884,срѣдѣ
885,рѭ
886,пѧть
887,відѣті
888,еп
889,нозѣ
890,нікъі
891,вѣсте
892,многа
893,іюдеі
894,іосі
895,прітъ
896,мало
897,ліѣ
898,оуже
899,словеса
900,ісповѣда
901,вьзь
902,молѣ
903,тіі
904,семоу
905,просла
906,нъіхъ
907,рѧтъ
908,носі
909,діѣво
910,ніімъ
911,іѣко
912,сѣдѧ
913,нашего
914,мже
915,скръ
916,глаголе
917,възвраті
918,обрѣте
919,оум
920,сѫбо
921,въкоу
922,імате
923,ході
924,своімі
925,поустъі
926,ісоу
927,дроуга
928,вль
929,ніче
930,овъ
931,погъі
932,гласъ
933,рабъ
934,сътворіті
935,мілості
936,гѣ
937,възда
938,тра
939,радоу
940,оуготова
941,наа
942,лма
943,двь
944,ке
945,рѫкѫ
946,штетъ
947,пріблі
948,пъі
949,кла
950,вѣчь
951,бѫдете
952,оученікъ
953,вѣрь
954,сомъ
955,снѫ
956,пілатъ
957,землі
958,знь
959,подві
960,ізбаві
961,проповѣда
962,съмрь
963,наріцае
964,въздра
965,донь
966,жідо
967,кні
968,стро
969,тѣхъ
970,слъішѧ
971,авра
972,крьстіѣ
973,кві
974,оуста
975,дроугъ
976,ѧті
977,ідетъ
978,мате
979,іжде
980,грѧдѫ
981,апо
982,поусті
983,пріве
984,любь
985,съмѣ
986,імамъ
987,мѣстѣ
988,цср
989,отъпоусті
990,відѣвъше
991,съвръ
992,творіті
993,помъіш
994,цѣхъ
995,моѧ
996,въпросі
997,съконьча
998,рекѫ
999,прістѫпі
1000,есмь
1001,вѣтъ
1002,жръ
1003,фарісѣі
1004,отвръ
1005,штааго
1006,маріѣ
1007,зане
1008,вѣкъі
1009,філо
1010,ѣві
1011,спѣ
1012,селѣ
1013,възъ
1014,твоѧ
1015,бжіе
1016,сль
1017,хоштеші
1018,філосо
1019,омъ
1020,мѫжь
1021,свѣті
1022,плодъ
1023,кое
1024,сві
1025,ові
1026,іосіф
1027,тѣле
1028,зла
1029,съмръ
1030,літъ
1031,неб
1032,прізъва
1033,тъчь
1034,скѫ
1035,оумъ
1036,ніемъ
1037,люде
1038,начѧтъ
1039,съгрѣ
1040,съхра
1041,кнѧ
1042,овь
1043,вѣстъ
1044,прісно
1045,дьніі
1046,імь
1047,дале
1048,вьніде
1049,отца
1050,вель
1051,іші
1052,стръ
1053,само
1054,кмо
1055,відѣшѧ
1056,моіхъ
1057,небо
1058,понеже
1059,іоанъ
1060,колѣ
1061,оученікъі
1062,абье
1063,юже
1064,шеніе
1065,пъва
1066,ствіѣ
1067,вьзі
1068,цемъ
1069,оужа
1070,обь
1071,нѣмъ
1072,бесѣ
1073,пас
1074,оно
1075,сра
1076,чьсть
1077,ліі
1078,ніка
1079,моеѧ
1080,амінь
1081,бъівъшоу
1082,тобоѭ
1083,обаче
1084,тѣмь
1085,длъ
1086,въсе
1087,скъ
1088,слѣдъ
1089,поставі
1090,надъ
1091,славѫ
1092,недѫ
1093,оуслъіша
1094,далече
1095,запрѣ
1096,оузьрі
1097,словесе
1098,носѧ
1099,своеѧ
1100,ретъ
1101,ѭже
1102,вьлѣ
1103,маті
1104,лаза
1105,вьск
1106,глъ
1107,мла
1108,весь
1109,імаші
1110,різъі
1111,ліца
1112,всі
1113,вле
1114,іметъ
1115,любо
1116,тіѭ
1117,реб
1118,цеѭ
1119,бѫдѫ
1120,члкъ
1121,оучітелю
1122,насъі
1123,чесо
1124,сръдь
1125,жітъ
1126,лага
1127,жівѫ
1128,съказа
1129,дѣло
1130,ваті
1131,влъ
1132,авраа
1133,жааше
1134,ходітъ
1135,доньдеже
1136,тъчьѭ
1137,вамі
1138,мѫчі
1139,гъна
1140,слі
1141,еть
1142,рекъ
1143,бес
1144,скъіѧ
1145,шааго
1146,рабо
1147,ѣсті
1148,раба
1149,рьці
1150,заповѣді
1151,нічесоже
1152,хомь
1153,чскъі
1154,оупъва
1155,гю
1156,кі
1157,смо
1158,отіде
1159,водъі
1160,мілость
1161,теле
1162,чрѣ
1163,мль
1164,падъ
1165,помі
1166,въставъ
1167,імъі
1168,осѫ
1169,денъ
1170,колі
1171,пома
1172,дво
1173,дѣа
1174,елі
1175,женѫ
1176,отвѣшта
1177,відіте
1178,лоуі
1179,народі
1180,бжіѣ
1181,рѫка
1182,хождааше
1183,мѫжа
1184,стрѣ
1185,власть
1186,звѣ
1187,образ
1188,горе
1189,глаті
1190,показа
1191,въсі
1192,законъ
1193,творіте
1194,нѧтъ
1195,філософ
1196,нічь
1197,вьнѣ
1198,рѣвъ
1199,землѭ
1200,пріті
1201,собоѭ
1202,трепе
1203,жівъ
1204,срьдь
1205,ноѭ
1206,воле
1207,вече
1208,лмъ
1209,млѣ
1210,штеніе
1211,несе
1212,ліже
1213,дѣі
1214,хоштетъ
1215,ношті
1216,своемоу
1217,хотѣаше
1218,дѣві
1219,чловѣкъ
1220,часъ
1221,пріімъ
1222,оуслъіші
1223,решті
1224,оучѧ
1225,оустъ
1226,лѧтъ
1227,нечі
1228,ѣхѫ
1229,обраті
1230,оумъі
1231,прѣдастъ
1232,молітвѫ
1233,съвѧза
1234,оувѣдѣ
1235,обрѣтъ
1236,объі
1237,але
1238,коуп
1239,спе
1240,іско
1241,цѣлѣ
1242,вьсѣкъ
1243,іоана
1244,слъішавъше
1245,прѣль
1246,етеръ
1247,глште
1248,апосто
1249,дрь
1250,твоемоу
1251,въішь
1252,ада
1253,піті
1254,кого
1255,фарісеі
1256,съкроу
1257,гласі
1258,чоудеса
1259,покаа
1260,оуші
1261,градѣ
1262,оче
1263,віі
1264,твоімъ
1265,зъда
1266,ѭштіімъ
1267,нарече
1268,ісві
1269,хс
1270,давъ
1271,море
1272,ваші
1273,чъто
1274,сілъі
1275,чловѣчь
1276,сіѭ
1277,нѣс
1278,комь
1279,коснѫ
1280,зъла
1281,глі
1282,людь
1283,напіса
1284,пле
1285,благосло
1286,потрѣ
1287,прішъдъ
1288,ѧз
1289,дша
1290,нашъ
1291,землѧ
1292,глашѧ
1293,ложе
1294,прішьдъ
1295,старѣ
1296,скоу
1297,въскръ
1298,чѧда
1299,клі
1300,чръ
1301,віті
1302,іскъі
1303,анѳ
1304,вѣка
1305,вьса
1306,бъівъше
1307,господі
1308,дрѣво
1309,пріѧтъ
1310,камень
1311,ізго
1312,молѧ
1313,наоучі
1314,еу
1315,нога
1316,пода
1317,блѫ
1318,толі
1319,вѣсі
1320,кѫдоу
1321,облі
1322,ношть
1323,штете
1324,небесе
1325,въшааго
1326,ніті
1327,пові
1328,гръ
1329,раздѣ
1330,скааго
1331,наші
1332,мар
1333,разбо
1334,ал
1335,сътворішѧ
1336,глетъ
1337,пѣс
1338,сілѫ
1339,трѣбоу
1340,своеі
1341,главѫ
1342,діті
1343,веселі
1344,волі
1345,благъі
1346,скъіі
1347,наго
1348,все
1349,хвалі
1350,рѣті
1351,дьнесь
1352,съпасе
1353,твоеѧ
1354,мѫдро
1355,полоу
1356,орѫ
1357,вьсѣко
1358,тіѣ
1359,нбс
1360,кеса
1361,кръве
1362,пріѧті
1363,ніте
1364,намі
1365,хвалѫ
1366,дьнікъ
1367,упа
1368,плода
1369,хоштете
1370,родіте
1371,вааго
1372,ѭшті
1373,почто
1374,деснѫѭ
1375,поустъіні
1376,вѣмъ
1377,оук
1378,блаженъіі
1379,свѧта
1380,мноѭ
1381,подобі
1382,мрьт
1383,глѫ
1384,ібо
1385,далъ
1386,обо
1387,оубоѣ
1388,грѧдъі
1389,шііхъ
1390,ваша
1391,глеші
1392,тоже
1393,грѧдетъ
1394,блізъ
1395,поко
1396,вѣнь
1397,въііхъ
1398,сътворь
1399,боль
1400,шемъ
1401,ветъ
1402,ісплъні
1403,нѫті
1404,стѧ
1405,рітъ
1406,тѧтъ
1407,погоубітъ
1408,анѳупа
1409,прібліжі
1410,вьсѫ
1411,своѣ
1412,мѣста
1413,воевода
1414,пророкъ
1415,нбсе
1416,творѧтъ
1417,запрѣті
1418,жетъ
1419,оутвръ
1420,іменемь
1421,ченіе
1422,ньже
1423,къве
1424,сѫштоу
1425,поклоні
1426,пог
1427,съвѣдѣтельствоу
1428,мнозѣ
1429,ждо
1430,кон
1431,прістѫпь
1432,творѣ
1433,вѣмь
1434,събъра
1435,къніжь
1436,відітъ
1437,плака
1438,ідѣаше
1439,моуже
1440,кле
1441,въіѧ
1442,ѭштііхъ
1443,нінъ
1444,осла
1445,прода
1446,біра
1447,рѫкоу
1448,чааше
1449,годіна
1450,іна
1451,члвкъ
1452,лѫка
1453,рѫга
1454,събла
1455,тъкмо
1456,іоан
1457,мана
1458,млъ
1459,сед
1460,оудо
1461,епіскоу
1462,льма
1463,ово
1464,іюда
1465,сѫшта
1466,зѧ
1467,кръсті
1468,сьмрьть
1469,погъіб
1470,створі
1471,ізгъна
1472,жді
1473,філі
1474,оуда
1475,стіі
1476,нікомъ
1477,урі
1478,стар
1479,мъіта
1480,ізі
1481,іа
1482,ствова
1483,народа
1484,лѣтъ
1485,сътворітъ
1486,самі
1487,ленъ
1488,врагъ
1489,достоінъ
1490,разо
1491,ждоу
1492,помолі
1493,даръ
1494,заві
1495,ішедъ
1496,глъі
1497,навъі
1498,юно
1499,замі
1500,све
1501,ова
1502,цемь
1503,нѣе
1504,събо
1505,му
1506,невѣ
1507,вьсего
1508,жьство
1509,ѯан
1510,алеѯан
1511,въіхъ
1512,інъі
1513,знаменіе
1514,водѫ
1515,правъда
1516,възложі
1517,лоѭ
1518,свѧтъіі
1519,вара
1520,просѧ
1521,собо
1522,добра
1523,морі
1524,съблю
1525,црк
1526,імені
1527,пріемъ
1528,землѣ
1529,інѣ
1530,боле
1531,разі
1532,кънѧ
1533,полъ
1534,вашіхъ
1535,вьѣ
1536,вомъ
1537,ское
1538,рода
1539,горѫ
1540,помѧ
1541,вьзѧ
1542,ню
1543,аві
1544,наза
1545,комоу
1546,ньмі
1547,чловѣка
1548,десѧтъ
1549,сото
1550,дроугоу
1551,прѣподобь
1552,вашего
1553,небесь
1554,объіча
1555,образъ
1556,ѭштемъ
1557,клю
1558,телѣ
1559,бѣжа
1560,ребро
1561,прідъ
1562,знаменіѣ
1563,ѧзъікъ
1564,тала
1565,вънъ
1566,клѧ
1567,цѣте
1568,нікомоуже
1569,ніколіже
1570,грѣхъ
1571,прославі
1572,лѣпо
1573,дьвѣ
1574,сіла
1575,дръжі
1576,праведъ
1577,въніде
1578,мімо
1579,рѣтъ
1580,жѧтъ
1581,міроу
1582,істінъ
1583,пріше
1584,ема
1585,помілоуі
1586,богомъ
1587,гробъ
1588,дшѧ
1589,ідѣте
1590,главъі
1591,горъі
1592,добръі
1593,поро
1594,прѣста
1595,рѫкъі
1596,пооу
1597,лѣта
1598,метъ
1599,моемоу
1600,прішь
1601,поста
1602,помъішлѣ
1603,прѣдь
1604,оцоу
1605,даждъ
1606,женъі
1607,глаголааше
1608,ісходѧ
1609,чітъ
1610,женъ
1611,змі
1612,кодра
1613,своемь
1614,сілоѭ
1615,хоштѫ
1616,грѣшъ
1617,жрѣ
1618,ненъ
1619,въіс
1620,трьпѣ
1621,творе
1622,въса
1623,отъвръже
1624,ахъ
1625,дроузі
1626,ремъ
1627,лмі
1628,грѣхъі
1629,сімонъ
1630,кде
1631,рабъі
1632,ізбъра
1633,гне
1634,вьсѣмі
1635,прѣсто
1636,съкръі
1637,вѣсѧ
1638,езъі
1639,четъі
1640,крові
1641,отцъ
1642,твоеѭ
1643,чловѣко
1644,насъіті
1645,дішѧ
1646,кланѣ
1647,ніца
1648,отрочѧ
1649,ѳе
1650,рѣте
1651,свобо
1652,пото
1653,тѣмъ
1654,дре
1655,отьца
1656,моеі
1657,анѳупатъ
1658,глаголаті
1659,хса
1660,твоеі
1661,ізъ
1662,чка
1663,словесі
1664,горѣ
1665,імѣаше
1666,діві
1667,відіші
1668,облѣ
1669,ѣвѣ
1670,вашъ
1671,нашемоу
1672,достоітъ
1673,оутврь
1674,імѣті
1675,іспль
1676,бѣхъ
1677,постра
1678,око
1679,каѣ
1680,нікътоже
1681,творіші
1682,прр
1683,напа
1684,ѭштеі
1685,дѣлъ
1686,оучітель
1687,довъ
1688,шіі
1689,кьні
1690,молѣаше
1691,оубіті
1692,свѧтъі
1693,бъілъ
1694,дѣаше
1695,въто
1696,ею
1697,оузьріте
1698,отъвръ
1699,бѣсъі
1700,междоу
1701,монъ
1702,блажені
1703,жоу
1704,молітвъі
1705,іскъ
1706,врѣме
1707,пріложі
1708,хе
1709,сънъ
1710,поѣ
1711,нова
1712,възмо
1713,мъіі
1714,въкоупѣ
1715,въпі
1716,шѧѧ
1717,ждѧ
1718,въвръже
1719,нашѧ
1720,божіі
1721,воіні
1722,врата
1723,крі
1724,обрѧштетъ
1725,коліко
1726,старѣіші
1727,нѣте
1728,одо
1729,бісте
1730,корабь
1731,въшедъ
1732,мънозі
1733,пріемлетъ
1734,ѭштѧѧ
1735,вьсеі
1736,благослове
1737,отъкѫдоу
1738,къде
1739,мѣсѧ
1740,імже
1741,вьскрѣ
1742,къіі
1743,манастъі
1744,отъпоушта
1745,піо
1746,брѣ
1747,зьрѣ
1748,нііхъ
1749,тръпѣ
1750,славъі
1751,ченъ
1752,ніч
1753,народомъ
1754,земьѭ
1755,ногама
1756,дѣльма
1757,істінѣ
1758,отъвѣшташѧ
1759,едінѫ
1760,постъі
1761,гроба
1762,мірѣ
1763,благода
1764,пѧті
1765,відѧтъ
1766,хрістосо
1767,слъішаті
1768,іного
1769,протівѫ
1770,възъпі
1771,осѫжде
1772,дівъ
1773,оукра
1774,момъ
1775,погре
1776,ріѣ
1777,богатъ
1778,ізлѣ
1779,сътѧ
1780,оумѣ
1781,моімъ
1782,словесъ
1783,мѣта
1784,кръі
1785,рек
1786,глаголетъ
1787,отьць
1788,двьрі
1789,мѣні
1790,бѫдеші
1791,сѫште
1792,коне
1793,болѧ
1794,петро
1795,къмо
1796,можеші
1797,съкрові
1798,нечьсті
1799,радость
1800,мѧте
1801,вѣе
1802,малѣ
1803,коре
1804,ате
1805,оутѣ
1806,нѣко
1807,шенъ
1808,іцѣлі
1809,дові
1810,бьра
1811,прітъчѫ
1812,бъіхъ
1813,крѣпо
1814,възгласі
1815,прізъвавъ
1816,ітъ
1817,глаше
1818,дадіте
1819,оде
1820,небесъ
1821,вашѧ
1822,желѣ
1823,жрът
1824,жівота
1825,помошть
1826,вонъ
1827,ѣті
1828,сн
1829,домь
1830,братъ
1831,дха
1832,ніцѧ
1833,пітъ
1834,възвѣсті
1835,ѳо
1836,хі
1837,слоугъі
1838,посрѣдѣ
1839,рекѫтъ
1840,діі
1841,новъ
1842,съмръті
1843,възлюбі
1844,глѭтъ
1845,овьцѧ
1846,дше
1847,ім
1848,мінѫ
1849,штоумоу
1850,темь
1851,ѣмъ
1852,застѫ
1853,всѣхъ
1854,ос
1855,бішѧ
1856,събіра
1857,подоб
1858,сѫдоу
1859,глоу
1860,нѣмь
1861,гві
1862,піс
1863,кораб
1864,семъ
1865,разбоіні
1866,істо
1867,сьвѣдѣ
1868,памѧ
1869,бѣшѧ
1870,кнігъі
1871,пльть
1872,цсрствіе
1873,оцъ
1874,гнъ
1875,вѣдъі
1876,сътворімъ
1877,петра
1878,многъ
1879,чтоже
1880,нічтоже
1881,божь
1882,вінъі
1883,сѣмѧ
1884,обрѣта
1885,амінъ
1886,імѣте
1887,глахѫ
1888,пріѣ
1889,ніемь
1890,емо
1891,законь
1892,цѣло
1893,разгнѣва
1894,покло
1895,сама
1896,въскрѣ
1897,сквръ
1898,нашіхъ
1899,можете
1900,въско
1901,іосіфъ
1902,талан
1903,печаль
1904,дѣть
1905,немо
1906,марта
1907,мъноѭ
1908,цѣсара
1909,развѣ
1910,безъ
1911,відѣхъ
1912,мъного
1913,странѫ
1914,прішедъше
1915,съмрьть
1916,нѣсмъ
1917,съні
1918,ходѧтъ
1919,отътѫ
1920,заповѣдь
1921,печалі
1922,праздьнікъ
1923,нашь
1924,нъіімі
1925,глахъ
1926,тьлѣ
1927,коно
1928,нбо
1929,пісано
1930,мааго
1931,ноумоу
1932,два
1933,еѭ
1934,ізд
1935,гошѧ
1936,трѫ
1937,прѣстѫ
1938,слоуга
1939,сьмѣ
1940,чіі
1941,сьмрьті
1942,тъкъмо
1943,людіе
1944,аггелъ
1945,подобаатъ
1946,народоу
1947,оуспѣ
1948,пау
1949,ромъ
1950,разоумѣшѧ
1951,доухо
1952,мрътвъіхъ
1953,когда
1954,гласа
1955,дх
1956,обѣшта
1957,саві
1958,бѧ
1959,дроузіі
1960,прікоснѫ
1961,стіті
1962,тьм
1963,стѣі
1964,пада
1965,мънѣ
1966,ствіі
1967,трѧ
1968,послоу
1969,пастъі
1970,въспо
1971,діѣволъ
1972,жітіе
1973,коупно
1974,відѣхомъ
1975,глете
1976,мѣте
1977,пасхѫ
1978,ребра
1979,заповѣда
1980,болѣзні
1981,блага
1982,пожь
1983,зълъі
1984,ріті
1985,врагъі
1986,гмь
1987,помаза
1988,земъ
1989,віта
1990,прііметъ
1991,ѣз
1992,штааше
1993,сѣа
1994,послѣдь
1995,пріле
1996,реко
1997,рѣкъі
1998,жізні
1999,зьлѣ
2000,нічсоже
2001,тоѧ
2002,віждѫ
2003,въстані
2004,сноу
2005,заха
2006,нікако
2007,прівесті
2008,въінѫ
2009,ѣмь
2010,даже
2011,сіѣ
2012,вьзвѣсті
2013,зоу
2014,прока
2015,славѣ
2016,пѣнѧ
2017,дръжѧ
2018,благодѣті
2019,своемъ
2020,безакон
2021,коль
2022,плачѫ
2023,нна
2024,кості
2025,жаахѫ
2026,дѣлѣ
2027,въздві
2028,сѣдъ
2029,стѧтъ
2030,іскѫ
2031,нѣаго
2032,прітъча
2033,можааше
2034,тітъ
2035,ѭштааго
2036,оте
2037,ісѫ
2038,любъі
2039,ніхъже
2040,вьніті
2041,гласомъ
2042,коньца
2043,стоуоумоу
2044,ѣро
2045,тамо
2046,правъдѫ
2047,едіномоу
2048,въздрадоу
2049,едіна
2050,весті
2051,комі
2052,въне
2053,хлѣба
2054,лѭтъ
2055,прідѫтъ
2056,ізволі
2057,хлѣбъі
2058,боѧ
2059,глаголю
2060,дімъ
2061,кръстъ
2062,штімъ
2063,посѣ
2064,нъімъ
2065,сцѣ
2066,полага
2067,рю
2068,чіна
2069,члчь
2070,рожде
2071,шіімъ
2072,въпро
2073,ѳа
2074,сѣмо
2075,закона
2076,анто
2077,рѣсте
2078,тъма
2079,водѣ
2080,ногоу
2081,імъже
2082,відімъ
2083,творѭ
2084,гні
2085,къніжъ
2086,обою
2087,съгрѣші
2088,сілѣ
2089,кото
2090,словомъ
2091,поз
2092,тоі
2093,стомъ
2094,пті
2095,нічьсоже
2096,людемъ
2097,клоні
2098,пъіта
2099,съкроуші
2100,іродъ
2101,члка
2102,чьте
2103,вама
2104,третіі
2105,штеніѣ
2106,спа
2107,слав
2108,малъі
2109,вѣроуѧі
2110,оученіка
2111,спсе
2112,ненавідѧ
2113,ѭштіі
2114,іцѣлѣ
2115,пльті
2116,въіше
2117,благъ
2118,іскаахѫ
2119,мъногъ
2120,стъіімъ
2121,бжь
2122,веліка
2123,право
2124,странъі
2125,поль
2126,оумьретъ
2127,раздрѣ
2128,братрі
2129,прость
2130,нѣго
2131,англъ
2132,дівлѣ
2133,едіні
2134,мьно
2135,просіте
2136,штоуоумоу
2137,скврь
2138,надѣ
2139,кънігъі
2140,своеѭ
2141,едного
2142,оума
2143,мъз
2144,свѣтіль
2145,вьне
2146,сілъ
2147,отрѣ
2148,покръі
2149,горь
2150,ствѣ
2151,шедъше
2152,досте
2153,вааше
2154,ісѣ
2155,леніѣ
2156,дон
2157,св
2158,тъісѫ
2159,пось
2160,мѫд
2161,пѣснь
2162,дондеже
2163,достоѣ
2164,німа
2165,вѣдѣаше
2166,гнь
2167,скво
2168,гомъ
2169,поло
2170,оставлѣ
2171,радості
2172,іштете
2173,съвръші
2174,ослаб
2175,нама
2176,ніѭ
2177,одѣ
2178,кръвь
2179,скоро
2180,воѭ
2181,чіті
2182,чоудо
2183,доѭ
2184,спі
2185,начь
2186,чіс
2187,всѧ
2188,оустро
2189,разлі
2190,сътворілъ
2191,нікоу
2192,пріста
2193,вьзлюбі
2194,работа
2195,сьвѣдѣтель
2196,філософь
2197,понѣ
2198,сътворівъ
2199,словесъі
2200,седмь
2201,доушѫ
2202,слъішѧтъ
2203,пріведе
2204,благодѣть
2205,іюдеіскъ
2206,онѣ
2207,ѧсѧ
2208,съзъда
2209,толіко
2210,безаконе
2211,нізъ
2212,кѫѭ
2213,дахъ
2214,сквозѣ
2215,ожі
2216,многомъ
2217,въходѧ
2218,нѫшѧ
2219,плъть
2220,чет
2221,отъі
2222,црѣ
2223,народъі
2224,тем
2225,славь
2226,разоумъ
2227,шеніѣ
2228,іер
2229,ет
2230,ев
2231,рабоу
2232,моліте
2233,веліко
2234,братра
2235,чловѣкомъ
2236,лѣто
2237,мрѣ
2238,къві
2239,къніжьніці
2240,девѧ
2241,гоже
2242,оправъда
2243,въвръ
2244,рабі
2245,велікъ
2246,старь
2247,вѫѭ
2248,бѫдѣте
2249,арте
2250,рѣсно
2251,прінесе
2252,законѣ
2253,менъ
2254,пріходѧ
2255,женѣ
2256,мѫжъ
2257,помъіслі
2258,ходіті
2259,зьрі
2260,сънъмі
2261,мета
2262,оцѣ
2263,магда
2264,вше
2265,наі
2266,ов
2267,вѣчъ
2268,възлюб
2269,су
2270,всѣкъ
2271,молітва
2272,вам
2273,прістѫпішѧ
2274,събърашѧ
2275,капі
2276,подобаетъ
2277,ідошѧ
2278,десѧті
2279,мосі
2280,пріемь
2281,бесѣдоу
2282,вьсемоу
2283,лѣаше
2284,прѣмѫдро
2285,рѫкама
2286,вьлѣзъ
2287,посъланъ
2288,благословье
2289,відѧште
2290,елма
2291,вразі
2292,оухо
2293,чашѫ
2294,дъшті
2295,дѣлъі
2296,нікакоже
2297,мѫжі
2298,вѣдѫ
2299,пагоу
2300,штѫтъ
2301,сътворѭ
2302,множьство
2303,ноштіѭ
2304,любѧ
2305,чѧсть
2306,вѧште
2307,камене
2308,ісцѣлі
2309,нове
2310,віна
2311,проповѣ
2312,събра
2313,поно
2314,врѣшті
2315,жідове
2316,водъ
2317,дъіха
2318,чѧдъ
2319,істін
2320,мѣхъ
2321,кмъ
2322,жіть
2323,стъііхъ
2324,наста
2325,еле
2326,вѣть
2327,мъіслі
2328,капе
2329,гво
2330,ренъ
2331,сімъ
2332,прідошѧ
2333,грѧдъіі
2334,жівъі
2335,ѫтро
2336,слъішітъ
2337,сѫботѫ
2338,іздалече
2339,страха
2340,село
2341,сътворіте
2342,коумі
2343,правьд
2344,въскѫ
2345,покажі
2346,дѣлателе
2347,събе
2348,скрь
2349,тожде
2350,любіте
2351,съдра
2352,съмрьті
2353,піі
2354,невѣрь
2355,прібѣ
2356,къіѧ
2357,чісті
2358,еуагге
2359,оусъ
2360,ново
2361,мѫкъі
2362,вьзіска
2363,ведъ
2364,кодратъ
2365,родь
2366,срдце
2367,ѣахѫ
2368,бенъ
2369,сомь
2370,нѣсте
2371,зьва
2372,въсхотѣ
2373,зьло
2374,родітелѣ
2375,алеѯандръ
2376,вашь
2377,ѣште
2378,страсті
2379,ѣможе
2380,імамь
2381,страхъ
2382,боліі
2383,съінъ
2384,свѧтааго
2385,одръ
2386,отвръзе
2387,ідѣмъ
2388,радостіѭ
2389,ѧшѧ
2390,оці
2391,веле
2392,сіѧ
2393,чемъ
2394,двъ
2395,поздѣ
2396,мъногъі
2397,разоумѣвъ
2398,моліті
2399,слъішасте
2400,орѫжі
2401,ріе
2402,своімь
2403,жденіе
2404,вась
2405,іхъже
2406,црство
2407,вьсѣмь
2408,жъдо
2409,мра
2410,помѣ
2411,враті
2412,жела
2413,сътѧза
2414,бѣсі
2415,галілѣ
2416,істінь
2417,ісаі
2418,ціі
2419,іх
2420,вою
2421,пре
2422,въскѫѭ
2423,любітъ
2424,іліѣ
2425,свѣта
2426,велмі
2427,съвѣдѣтельство
2428,владъіка
2429,твоемь
2430,істіна
2431,жізнь
2432,отъстѫ
2433,любье
2434,отврь
2435,вьста
2436,мошті
2437,талантъ
2438,дау
2439,мѫка
2440,боі
2441,ѣдѫ
2442,потъ
2443,носітъ
2444,оуга
2445,праведьні
2446,братръ
2447,повелі
2448,волѣ
2449,плі
2450,праві
2451,нѫтрь
2452,мьнітъ
2453,сльнь
2454,положішѧ
2455,покла
2456,жіві
2457,сѫдѣ
2458,възъва
2459,дхомь
2460,шенье
2461,архіе
2462,іюдѣ
2463,сеѧ
2464,мімоі
2465,галілеі
2466,почі
2467,цѣлова
2468,ствъ
2469,благовѣ
2470,молѭ
2471,салі
2472,галілеѭ
2473,ѣдъ
2474,штее
2475,сьні
2476,мъіш
2477,господьне
2478,господа
2479,мѣсѧца
2480,хваліте
2481,вѣроваті
2482,кнѧзъ
2483,завісті
2484,ствомъ
2485,бъісте
2486,нъе
2487,въпрашаахѫ
2488,ють
2489,матерь
2490,съборъ
2491,разоумѣѭтъ
2492,памѧть
2493,пасха
2494,камъі
2495,хотѣахѫ
2496,біті
2497,похва
2498,бъівъша
2499,цркві
2500,въніті
2501,срдца
2502,льсті
2503,ізбъі
2504,жішѧ
2505,інѣхъ
2506,вѣра
2507,наріцаемъі
2508,раздѣлі
2509,прідѣте
2510,немьже
2511,сѣте
2512,божіѣ
2513,болѣзнь
2514,матері
2515,грѣсі
2516,врѣмене
2517,тлъ
2518,правъдъі
2519,юште
2520,дні
2521,неѭ
2522,самого
2523,съмо
2524,мѫченікъ
2525,гоне
2526,очіма
2527,вс
2528,глѫбі
2529,ніа
2530,въсходѧ
2531,жьдо
2532,ліва
2533,іскоуша
2534,поса
2535,онь
2536,вьзнесе
2537,отълѫ
2538,дано
2539,крото
2540,снетъ
2541,грѧдѫшта
2542,дѣахѫ
2543,рав
2544,слѣпъ
2545,творь
2546,четъ
2547,піоніі
2548,емъі
2549,ізідѫ
2550,самарѣ
2551,оуго
2552,блюдѣте
2553,наоу
2554,распь
2555,пара
2556,стадо
2557,кратъі
2558,віждъ
2559,прославітъ
2560,обрѣто
2561,блаженъ
2562,брата
2563,цръкъве
2564,посълавъшааго
2565,дхмъ
2566,оутра
2567,стъіѧ
2568,съходѧ
2569,въпрашааше
2570,оставь
2571,морѣ
2572,рьмі
2573,радоуі
2574,вѣровашѧ
2575,въложі
2576,вѣкомъ
2577,леже
2578,ѧзъіці
2579,црькві
2580,жені
2581,вьселе
2582,обрѣтѫ
2583,дръз
2584,възьрѣвъ
2585,імѣѧі
2586,петрові
2587,могѫтъ
2588,глаголеші
2589,пості
2590,сѫшті
2591,ѧзкъ
2592,обѣма
2593,вѣрѣ
2594,чѧдо
2595,пріді
2596,ломі
2597,дѧі
2598,отъпоустітъ
2599,сѣдѣаше
2600,людіі
2601,іѣкова
2602,сътѫ
2603,ѧзъікъі
2604,камо
2605,снъі
2606,патрі
2607,заповѣде
2608,нові
2609,оузьрѣ
2610,села
2611,чаахѫ
2612,наслѣ
2613,тѣмже
2614,жрь
2615,поушта
2616,ѭштѧ
2617,шааше
2618,вълѣ
2619,молѣахѫ
2620,ѫзъі
2621,емі
2622,чьскъі
2623,распѧ
2624,начѧшѧ
2625,іждеже
2626,троудъ
2627,обрашть
2628,вамь
2629,шіті
2630,слъішіте
2631,кротъ
2632,вьпі
2633,ранъі
2634,веліі
2635,ідѫтъ
2636,пішѧ
2637,вѣръ
2638,злато
2639,наче
2640,дівлѣахѫ
2641,въставі
2642,гласомь
2643,сімона
2644,жено
2645,подобъ
2646,сні
2647,блаженааго
2648,дъште
2649,ісповѣмъ
2650,доколѣ
2651,даждь
2652,пропѧ
2653,ізлі
2654,пръвѣе
2655,псалмъ
2656,хръ
2657,варі
2658,твоімь
2659,роусалі
2660,непріѣ
2661,жівѣ
2662,хотѧште
2663,навъік
2664,іоу
2665,доста
2666,ішьдъ
2667,блг
2668,ковь
2669,іскарі
2670,поѧтъ
2671,въшемъ
2672,възлежѧ
2673,праведь
2674,мень
2675,дѣлма
2676,тѣлеса
2677,псал
2678,творѣаше
2679,нею
2680,прѣдашѧ
2681,іштетъ
2682,разгнѣвавъ
2683,стран
2684,доухомь
2685,родоу
2686,младе
2687,іште
2688,поле
2689,мѫжоу
2690,рѣчь
2691,оучітелѣ
2692,чкоу
2693,тѣла
2694,пілатоу
2695,мрътвъііхъ
2696,чісто
2697,богать
2698,прогнѣва
2699,въкоусі
2700,архіеп
2701,оуміра
2702,ѣдъі
2703,відѣтъ
2704,прѣобі
2705,послоушаі
2706,пеште
2707,васі
2708,раті
2709,оужаса
2710,въла
2711,съмъі
2712,ослабле
2713,побѣді
2714,шеніі
2715,похо
2716,доваті
2717,страсть
2718,правьдѫ
2719,дші
2720,прьвое
2721,оубоіте
2722,пога
2723,нті
2724,бъів
2725,ціхъ
2726,іле
2727,подра
2728,ета
2729,възмѫ
2730,снве
2731,нахъ
2732,іштѧ
2733,сле
2734,імете
2735,днь
2736,домо
2737,еліса
2738,ваахѫ
2739,кові
2740,домъі
2741,телю
2742,сьвѣ
2743,ег
2744,лъіні
2745,вьзіде
2746,реченое
2747,цѣсароу
2748,доуха
2749,всѣмъ
2750,рабе
2751,аурі
2752,даръі
2753,слоужь
2754,съхрані
2755,волѭ
2756,въскорѣ
2757,оучааше
2758,ѳеодо
2759,наставі
2760,людье
2761,ізне
2762,моемь
2763,дауі
2764,ровъ
2765,галілеѧ
2766,рові
2767,ваѧ
2768,съвѣтъ
2769,своіма
2770,конець
2771,градъі
2772,веліча
2773,брані
2774,разорі
2775,пъса
2776,негоже
2777,сѣде
2778,съподобі
2779,сіль
2780,носіті
2781,всѣко
2782,браті
2783,бъіваатъ
2784,гвоз
2785,дроугъіі
2786,звѣз
2787,іхь
2788,сказа
2789,пръва
2790,сѣхъ
2791,правьдь
2792,нью
2793,въдові
2794,голѫ
2795,наоумъ
2796,соло
2797,прос
2798,жесто
2799,сьтворі
2800,мл
2801,нѫвъ
2802,нѣсі
2803,вса
2804,телъ
2805,нікь
2806,ѣаше
2807,снѣ
2808,ізіді
2809,боіте
2810,глаголѫштоу
2811,глаголѫште
2812,велікомъ
2813,цркве
2814,хсо
2815,молѫ
2816,чімъ
2817,дѣломъ
2818,ауріліѣ
2819,гнѣвъ
2820,оутвръді
2821,оутрѣ
2822,мльча
2823,отърі
2824,лете
2825,слъзамі
2826,прішъ
2827,мена
2828,глас
2829,шаахѫ
2830,ліцемъ
2831,дѣшѧ
2832,доуховь
2833,снове
2834,оуп
2835,затворе
2836,законоу
2837,напо
2838,сръдъ
2839,гора
2840,вѣтръ
2841,льсть
2842,дѣле
2843,арі
2844,дъвою
2845,слѣпь
2846,ѣстъ
2847,егу
2848,црсі
2849,дамъ
2850,воуоумоу
2851,отцоу
2852,ліцемѣ
2853,грѧді
2854,послѣдьніі
2855,поусто
2856,тіті
2857,ніѧ
2858,сътворіхъ
2859,смоко
2860,жітіѣ
2861,ісхо
2862,скаго
2863,чрь
2864,съмѫ
2865,ева
2866,даетъ
2867,напса
2868,пасе
2869,наша
2870,іцѣ
2871,оудобь
2872,даѭ
2873,аста
2874,мосе
2875,ноуѧ
2876,імѣѧ
2877,мті
2878,шьдь
2879,істінъі
2880,грѣха
2881,доухъ
2882,часа
2883,доідеже
2884,едномоу
2885,страхомъ
2886,волеѭ
2887,ізведе
2888,неші
2889,гробѣ
2890,бъість
2891,разбоініка
2892,ѧзъікомъ
2893,камені
2894,съсѫ
2895,сътворісте
2896,ненавідітъ
2897,съврь
2898,съзі
2899,строу
2900,морю
2901,помѧнѫ
2902,сътворе
2903,імѣніе
2904,съка
2905,съвѧ
2906,отрокові
2907,правьді
2908,сошѧ
2909,каменіе
2910,проповѣдаѧ
2911,оученіі
2912,ісцѣлѣ
2913,въсто
2914,клъ
2915,оувѣшта
2916,съто
2917,неѧ
2918,съпѧ
2919,съпасеніе
2920,пріімі
2921,вънѫтрь
2922,ідеші
2923,гробоу
2924,троі
2925,гѫѭ
2926,съмѣре
2927,воі
2928,напра
2929,крьсть
2930,іероусалі
2931,покланѣ
2932,дръжава
2933,отъкръі
2934,ізь
2935,скаѣ
2936,езе
2937,каса
2938,ако
2939,дохъ
2940,хождаахѫ
2941,зъше
2942,штаахѫ
2943,достоіно
2944,ствоуѭштоу
2945,разлѫ
2946,прав
2947,ховъ
2948,ріцеѭ
2949,ізбавітъ
2950,дьньсь
2951,братіѣ
2952,магдалъіні
2953,прѣлюбъі
2954,сѫботъ
2955,земьѧ
2956,прѣбъіваетъ
2957,дроугаѣ
2958,віждь
2959,онѫ
2960,крьвь
2961,радоуіте
2962,адѣ
2963,жілі
2964,оного
2965,мьѣ
2966,лобъі
2967,матере
2968,свѧто
2969,сімоне
2970,стітъ
2971,нікогоже
2972,оубоѣшѧ
2973,вѣроуѭ
2974,тѫтъ
2975,паті
2976,іоанна
2977,разоумѣете
2978,рѫтъ
2979,нецъ
2980,іге
2981,коего
2982,въсхъі
2983,ока
2984,іспъіта
2985,дашѧ
2986,плачь
2987,оустра
2988,благословьенъ
2989,законо
2990,троужда
2991,оуклоні
2992,тоѭ
2993,таінѣ
2994,отецъ
2995,храмі
2996,сѫдіі
2997,маріі
2998,вленіе
2999,доушѧ
3000,оубіі
3001,съповѣда
3002,вьздві
3003,всего
3004,прѣданъ
3005,віноградъ
3006,чловѣколюбь
3007,ховѣ
3008,четвръ
3009,нѧѧ
3010,вьгі
3011,клѣ
3012,ліе
3013,слънь
3014,праздьні
3015,прьва
3016,скоумоу
3017,назарѣ
3018,рѣка
3019,наю
3020,кръстіѣ
3021,зьрѧ
3022,хвалѧ
3023,ву
3024,ізмѣ
3025,сьнѣ
3026,молітвѣ
3027,дѣвъ
3028,стоуде
3029,съмръть
3030,ам
3031,посьла
3032,вѣта
3033,сімоноу
3034,владъіко
3035,повелѣшѧ
3036,отъселѣ
3037,отьче
3038,темніцѫ
3039,різѫ
3040,ісоуса
3041,оумрѣті
3042,сьмѣре
3043,вьзлюбье
3044,въіімъ
3045,въсѧ
3046,нѣсмь
3047,доуше
3048,бьдіте
3049,жрътвѫ
3050,дѣвіца
3051,іскааше
3052,наречетъ
3053,дьнехъ
3054,господоу
3055,мрѣжѧ
3056,оукрѣ
3057,епіскоупъ
3058,съкровішта
3059,объічаі
3060,лобъіза
3061,жденъ
3062,безаконь
3063,пропь
3064,подобааше
3065,гна
3066,твъі
3067,рабомъ
3068,дана
3069,тріі
3070,стоітъ
3071,корабі
3072,дѣвіці
3073,пророці
3074,црствіе
3075,штема
3076,въпросішѧ
3077,кнѫ
3078,болеі
3079,цръкві
3080,оубіѭтъ
3081,область
3082,глѭштоу
3083,сест
3084,ставъ
3085,оставітъ
3086,отътѫдоу
3087,олѣ
3088,прозѧ
3089,творѧі
3090,ань
3091,авѣ
3092,пріімѫтъ
3093,нбсхъ
3094,снова
3095,основа
3096,хро
3097,вѣі
3098,велъ
3099,съде
3100,сѫпроті
3101,непріѣзні
3102,слъішашѧ
3103,порѫга
3104,десѧть
3105,оумо
3106,зеведе
3107,дѣхъ
3108,прѣложі
3109,безоумь
3110,трьмі
3111,деть
3112,десніца
3113,огнемъ
3114,разлічь
3115,оубѣ
3116,штенье
3117,въза
3118,ісповѣмь
3119,зіра
3120,бѣга
3121,міі
3122,власві
3123,жідовъ
3124,въшіі
3125,чете
3126,съвѣшта
3127,шеі
3128,любьве
3129,іако
3130,двѣ
3131,праздъ
3132,брь
3133,сѫдіте
3134,ер
3135,съмѣрі
3136,сѣда
3137,дно
3138,пьва
3139,дроуго
3140,веліѣ
3141,просто
3142,црю
3143,стоѣше
3144,могъі
3145,сне
3146,велікъі
3147,воінъ
3148,отьці
3149,вьзѧті
3150,къгда
3151,авраамъ
3152,кольмі
3153,моемъ
3154,оузьріші
3155,рать
3156,аро
3157,обрѧштете
3158,светъі
3159,объічаю
3160,желѣз
3161,деші
3162,бъівъшее
3163,арха
3164,жемъ
3165,сотона
3166,възне
3167,погоубіті
3168,лѣтоу
3169,знаѭ
3170,събѫдѫтъ
3171,треті
3172,оубоі
3173,бомъ
3174,оупва
3175,възлюбле
3176,ісплънішѧ
3177,глаголеть
3178,падетъ
3179,оусѣ
3180,доса
3181,вашемоу
3182,въздръжа
3183,оустъі
3184,ноштъ
3185,ісплънь
3186,ствь
3187,ква
3188,нішта
3189,возъва
3190,прістѫпьше
3191,насла
3192,храмъ
3193,глаголѫшта
3194,штеніі
3195,прѣбъі
3196,рьцѣте
3197,оумръ
3198,вѣчьнъі
3199,овъцѧ
3200,імѫшті
3201,оумьрѣтъ
3202,егуп
3203,такова
3204,правье
3205,съпаса
3206,вѣро
3207,посра
3208,іменемъ
3209,лоучі
3210,възвеселі
3211,зъіва
3212,погоуб
3213,просвѣті
3214,поміло
3215,дрьжі
3216,мѫченіка
3217,бѣдъі
3218,дѣѣ
3219,въздрадова
3220,попе
3221,ішті
3222,любодѣі
3223,стрѣгѫ
3224,водь
3225,лежітъ
3226,прібліжа
3227,мен
3228,кровѣ
3229,ісцѣ
3230,фе
3231,поѣса
3232,прочі
3233,въмѣ
3234,поустѣ
3235,піте
3236,дьвѣма
3237,мілостъ
3238,бръ
3239,прѫ
3240,людехъ
3241,сьѭ
3242,хотѧі
3243,едноѭ
3244,владъіцѣ
3245,васілі
3246,многоу
3247,потомь
3248,іона
3249,бжіѧ
3250,етері
3251,дшеѭ
3252,въздастъ
3253,крьстіѣнъ
3254,грѣшьнікъ
3255,плъті
3256,прівлѣ
3257,бѣсомъ
3258,дівь
3259,земле
3260,брашь
3261,ръібъ
3262,інѣмъ
3263,дамь
3264,кость
3265,ждаахѫ
3266,тече
3267,ѣшѧ
3268,адъ
3269,іюдеіска
3270,оубогъі
3271,муро
3272,сѫштіімъ
3273,жѧждѫ
3274,члвка
3275,мала
3276,імѣахѫ
3277,паулъ
3278,връхоу
3279,възложішѧ
3280,дрѣвѣ
3281,еѧже
3282,ісу
3283,обрѧште
3284,въісо
3285,мьніте
3286,вѣдѧтъ
3287,оукроу
3288,годінѫ
3289,брашъ
3290,оучіті
3291,шесть
3292,сестра
3293,соботѫ
3294,начѧсѧ
3295,отъсѣ
3296,мьз
3297,члкоу
3298,градоу
3299,сѣдѧшта
3300,дроужі
3301,прѣдаті
3302,мѫдръі
3303,сръдьце
3304,простра
3305,съмотрі
3306,пітѣ
3307,родіті
3308,къждо
3309,зовѫ
3310,члвчскъі
3311,заа
3312,начіна
3313,съше
3314,тѣі
3315,подвіза
3316,пророчь
3317,шоуоумоу
3318,скръбь
3319,сътворіші
3320,съвръше
3321,штенъ
3322,веліемь
3323,коліжъдо
3324,пріносѧ
3325,славъ
3326,хсоу
3327,велічі
3328,скаа
3329,съблаж
3330,мънога
3331,кіі
3332,кромѣ
3333,дръза
3334,съвѣдѣтельствова
3335,пастоу
3336,міѣ
3337,раздроу
3338,орѫжь
3339,довь
3340,ѫжі
3341,длъжь
3342,гѫтъ
3343,срдці
3344,црі
3345,събьра
3346,леніе
3347,конъ
3348,еппъ
3349,грь
3350,гахъ
3351,пркъ
3352,праздь
3353,відѣсте
3354,елісаве
3355,непові
3356,вл
3357,оупьва
3358,ріѧ
3359,постъідѧтъ
3360,лежааше
3361,недѫгъ
3362,кораблѣ
3363,аглъ
3364,хвала
3365,вьлѣзе
3366,пріходітъ
3367,веселѧтъ
3368,мірь
3369,твоею
3370,крѣпъ
3371,разбоі
3372,тьмѣ
3373,огню
3374,бѣса
3375,отъсѫдоу
3376,крьстіѣні
3377,вьзѧшѧ
3378,ілмъ
3379,бітъ
3380,съмѧ
3381,іѣковлѣ
3382,текъ
3383,ізліха
3384,оумрѣтъ
3385,пастъірь
3386,псано
3387,бъіло
3388,ідѫшта
3389,коеѭ
3390,смоковьні
3391,прѣклоні
3392,твоемъ
3393,архіереомъ
3394,вінограда
3395,ізвѣшта
3396,дьва
3397,лвъ
3398,оударі
3399,немъже
3400,стлъ
3401,веселітъ
3402,съвѣдѣніѣ
3403,вьзлюб
3404,ізбъітъ
3405,прінесѣте
3406,шді
3407,застѫпь
3408,дне
3409,отче
3410,лові
3411,члвч
3412,отъца
3413,влъкъ
3414,кънѧзі
3415,съмѧте
3416,затворі
3417,оукроухъ
3418,нѣсѧ
3419,къніжъніці
3420,съть
3421,тъмѫ
3422,отрокъ
3423,рънаоумъ
3424,вѣдіте
3425,небесехъ
3426,грѣхомъ
3427,влѭ
3428,тѣломъ
3429,іспо
3430,нбсі
3431,мілостъі
3432,зошѧ
3433,славѧ
3434,помошті
3435,сѫботъі
3436,новъі
3437,пріно
3438,невіді
3439,сътѫжа
3440,жрѣбѧ
3441,ваѭтъ
3442,нѣсть
3443,срьд
3444,посълавъ
3445,оутрь
3446,аггель
3447,шее
3448,отъмѣта
3449,прістѫпль
3450,окръстъ
3451,разоумь
3452,шьдъше
3453,прікаса
3454,множа
3455,леньѣ
3456,нъімі
3457,скѫѭ
3458,възможь
3459,съребро
3460,глѭшті
3461,штені
3462,недѫжь
3463,ротъі
3464,слмъ
3465,кьніжь
3466,статі
3467,етеріі
3468,съіла
3469,он
3470,въскръсе
3471,твѫ
3472,кьмо
3473,соуть
3474,курі
3475,заоутра
3476,сьребро
3477,штѫѭ
3478,неліже
3479,обѧ
3480,шаетъ
3481,пше
3482,штаѭ
3483,црсь
3484,власъі
3485,глаголюште
3486,чрѣва
3487,конецъ
3488,людеі
3489,сѫштемъ
3490,зѫбомъ
3491,богъі
3492,црькъве
3493,прѣстолъ
3494,немже
3495,імьже
3496,разоумѣті
3497,сътворѫ
3498,піштѫ
3499,ѭштаго
3500,моімь
3501,свѣтъло
3502,бъіхомъ
3503,одолѣ
3504,лазарь
3505,вьнідетъ
3506,анге
3507,старо
3508,тварі
3509,сѣмене
3510,оубога
3511,ідѣахѫ
3512,страждѫ
3513,болѣз
3514,сътъ
3515,цѣсарьство
3516,мрьтва
3517,іномъ
3518,сѫдішті
3519,нагъ
3520,вьсеѭ
3521,мне
3522,потомъ
3523,странѣ
3524,юності
3525,дроугое
3526,давъі
3527,дрѣва
3528,очію
3529,оумлъ
3530,помоштъ
3531,дъвѣ
3532,помозі
3533,съблазні
3534,ѣдѧтъ
3535,посълашѧ
3536,глаголѫтъ
3537,покааніе
3538,доброе
3539,прѣд
3540,бъівъші
3541,храні
3542,равві
3543,оутаі
3544,плѧ
3545,пророка
3546,образь
3547,прінесті
3548,пръвъі
3549,ізве
3550,твѣ
3551,отврѣ
3552,вѣсть
3553,дьнье
3554,бві
3555,обрѣсті
3556,оса
3557,лъжі
3558,хрістоса
3559,вашімъ
3560,хрь
3561,срьдьца
3562,млѣте
3563,імать
3564,кьнігъі
3565,зѣте
3566,ніштіі
3567,едінъі
3568,небрѣ
3569,тать
3570,посѣті
3571,стъіхъ
3572,мѫкъ
3573,страшь
3574,іскоусі
3575,мені
3576,вьсегда
3577,станті
3578,гъше
3579,погребе
3580,можеть
3581,таахѫ
3582,западъ
3583,владъічь
3584,кесаре
3585,врашта
3586,ѣте
3587,лѧі
3588,бъіваетъ
3589,обрѣза
3590,прозьрѣ
3591,гнѫті
3592,мѫтъ
3593,свѣт
3594,възнена
3595,вараа
3596,шоумоу
3597,назаре
3598,антонінъ
3599,хранѧ
3600,тьмь
3601,кьнѧ
3602,възнесе
3603,ізбьра
3604,скомъ
3605,даѧ
3606,помъ
3607,мъітарі
3608,ізіті
3609,старці
3610,ісповѣстъ
3611,вьспѧть
3612,небонъ
3613,савінъ
3614,іюдеомъ
3615,свѧтъііхъ
3616,сьвѣтъ
3617,глаголашѧ
3618,просімъ
3619,младені
3620,любѧі
3621,бъівъшааго
3622,послоушаіте
3623,веліцѣ
3624,таче
3625,бмъ
3626,оукро
3627,жѧтва
3628,сіона
3629,чоудесъ
3630,бозі
3631,творѧште
3632,бімь
3633,поіте
3634,лазаръ
3635,бъіваѭтъ
3636,небсе
3637,положѫ
3638,вѣкоу
3639,прѣпоѣса
3640,жръті
3641,которъі
3642,бжіѭ
3643,едіномь
3644,блѧ
3645,годъ
3646,скръбі
3647,оувѣдѣвъ
3648,рѫко
3649,кѫпѣ
3650,велітъ
3651,оученіе
3652,ісе
3653,рѫче
3654,погъібъ
3655,прііме
3656,імѫште
3657,облобъіза
3658,съпасъ
3659,завѣтъ
3660,чьстъ
3661,вьѭ
3662,фарісе
3663,немошть
3664,ражде
3665,сташѧ
3666,імъше
3667,отъвѣштавъше
3668,сътрьпѣ
3669,ждаетъ
3670,різъ
3671,ісконі
3672,погъібнетъ
3673,бѣсо
3674,сімі
3675,раздрѣші
3676,масло
3677,штенію
3678,прічѧ
3679,вьзьрѣвъ
3680,варахі
3681,венъ
3682,прѣді
3683,ізідъ
3684,глаголаахѫ
3685,возъвахъ
3686,оуслъішітъ
3687,кве
3688,коупь
3689,чена
3690,овцѧ
3691,кана
3692,ноую
3693,възвѣстішѧ
3694,сърѣте
3695,послоушаѭтъ
3696,събѫдетъ
3697,грі
3698,ломь
3699,гноу
3700,подастъ
3701,покорі
3702,лані
3703,зашті
3704,оуподобі
3705,възможе
3706,слехъ
3707,тварь
3708,свѣть
3709,въсего
3710,бѣе
3711,намь
3712,блстві
3713,въно
3714,наде
3715,дѣта
3716,сѫштеі
3717,нскъі
3718,ленье
3719,прівѣсѧ
3720,оунічь
3721,ліше
3722,штеньѣ
3723,бракъ
3724,подобьно
3725,еф
3726,въшьдъ
3727,ложь
3728,латі
3729,нѣаше
3730,гліе
3731,діші
3732,съвѣ
3733,номь
3734,поспѣ
3735,поустіті
3736,цѣліті
3737,мѫченіе
3738,вѣр
3739,чловѣкъі
3740,сьвѣдѣтельствоу
3741,бѣжашѧ
3742,інѫ
3743,ось
3744,нѣа
3745,оубіе
3746,ножь
3747,сьньмі
3748,піше
3749,молѧште
3750,ѳома
3751,нѣкто
3752,моею
3753,всѣмі
3754,сѫждѫ
3755,свѧтаѣ
3756,кьде
3757,артемонъ
3758,оудобѣе
3759,блаженоуоумоу
3760,ведошѧ
3761,вѣроѭ
3762,чловѣкоу
3763,крѣпость
3764,небесі
3765,наса
3766,достоѣніе
3767,сръдьца
3768,облакъ
3769,пожьрі
3770,свѧтъіімъ
3771,оусть
3772,дадовъ
3773,іюдѣі
3774,доселѣ
3775,свободь
3776,вѣроуеші
3777,даѣше
3778,въіѭ
3779,цѣмъ
3780,огнѣ
3781,люблѣаше
3782,імѣніѣ
3783,бъівааше
3784,члкъі
3785,анна
3786,пріпаде
3787,еуаггелі
3788,осѫжденъ
3789,велеі
3790,вѣчьнъіі
3791,словесехъ
3792,женіхъ
3793,чьтоже
3794,гръдъі
3795,тъіѧ
3796,істочь
3797,гнѣвомъ
3798,съньмі
3799,тькмо
3800,проповѣдаті
3801,ісхождааше
3802,образоу
3803,мона
3804,воіномъ
3805,пріноу
3806,міѭ
3807,дасть
3808,відѣніе
3809,прѣльсті
3810,двою
3811,вънідѫ
3812,непоро
3813,оутъ
3814,кль
3815,положе
3816,іѣковъ
3817,чкомъ
3818,старьці
3819,нічъ
3820,лка
3821,снь
3822,отъпоуштѫ
3823,омо
3824,пѧтъ
3825,въстанетъ
3826,четъірі
3827,въздавъ
3828,архіепіскоу
3829,ісаіѣ
3830,црсіе
3831,насъітішѧ
3832,огнемь
3833,съже
3834,рьсе
3835,чрѣвѣ
3836,павь
3837,молішѧ
3838,познашѧ
3839,тааго
3840,коліжьдо
3841,грѣшьніці
3842,несъі
3843,помъішленіѣ
3844,отъпоуштаѭтъ
3845,прішелъ
3846,отъвѣтъ
3847,недѫгъі
3848,глѧі
3849,плодъі
3850,оуподоб
3851,нѭже
3852,ютро
3853,оскврь
3854,нічьтоже
3855,копа
3856,вльсві
3857,мъздѫ
3858,цамъ
3859,наказа
3860,речено
3861,прізъіва
3862,кома
3863,обідѫ
3864,молітвамі
3865,оужасъ
3866,очісті
3867,стьлѣ
3868,дроугѫѭ
3869,дѣвъі
3870,славі
3871,въхо
3872,велікъіі
3873,дъх
3874,жідовь
3875,пострадаті
3876,прѣіде
3877,наріцаемѣ
3878,мѫдрость
3879,чіноу
3880,ніцѣ
3881,ріілъ
3882,ідете
3883,обітѣ
3884,іор
3885,ключі
3886,смѣ
3887,правьдъ
3888,оусь
3889,ѭштіхъ
3890,вьзлежѧ
3891,бжьѣ
3892,равь
3893,оузьрѧтъ
3894,чіхъ
3895,вельбѫ
3896,данъ
3897,ол
3898,расто
3899,скъііхъ
3900,іроді
3901,объ
3902,поем
3903,дожі
3904,растръ
3905,лішѧ
3906,ноі
3907,ліхо
3908,імѫштоумоу
3909,слѧ
3910,сънѣ
3911,нець
3912,ламі
3913,ваетъ
3914,обліча
3915,параск
3916,покаѣ
3917,подобенъ
3918,адама
3919,власті
3920,сільнъ
3921,сімь
3922,жівѣаше
3923,комісъ
3924,волѫ
3925,ніна
3926,нікодімъ
3927,велікѫ
3928,пѣсні
3929,многашді
3930,сьрѣте
3931,сковра
3932,ѧзъіцѣхъ
3933,жіште
3934,вѣроуете
3935,голѣ
3936,напрасно
3937,оустааго
3938,златооустааго
3939,прѣіспо
3940,вечеръ
3941,поміна
3942,благодать
3943,полоучі
3944,хождѫ
3945,етера
3946,оуспѣхъ
3947,позо
3948,рѣкѫ
3949,раі
3950,шаѧ
3951,въздрадоуѭтъ
3952,възьмъ
3953,відѣвъші
3954,доно
3955,чеші
3956,старѣі
3957,іжденѫтъ
3958,снѫті
3959,обіноуѧ
3960,чкъі
3961,дръжаті
3962,вешта
3963,боже
3964,ізгь
3965,съіпа
3966,пробо
3967,текѫ
3968,сѫдітъ
3969,іздра
3970,въсхва
3971,прочіі
3972,сава
3973,клеве
3974,погрѣ
3975,пострада
3976,посълетъ
3977,оустроі
3978,оумьрѣті
3979,стрі
3980,солі
3981,въспоѭ
3982,пріѧшѧ
3983,рехъ
3984,подража
3985,сѫштіі
3986,емъше
3987,слоужѧ
3988,емлете
3989,властіѭ
3990,опа
3991,клеврѣ
3992,пріз
3993,крстъ
3994,доуша
3995,водѧ
3996,странъ
3997,стѣхъ
3998,цсръ
3999,слоухъ
4000,наріцаетъ
4001,пешть
4002,обрѣтаѭ
4003,оуслъішѧтъ
4004,осѫді
4005,ложеніѣ
4006,отъва
4007,ліцемь
4008,жьнѧ
4009,тъмѣ
4010,оученікоу
4011,въстанѫтъ
4012,соуе
4013,възвратітъ
4014,доуже
4015,прѣдѣлъі
4016,різѣ
4017,сестръі
4018,свѧті
4019,оустръ
4020,шѫѭ
4021,съп
4022,дроугоумоу
4023,пѣті
4024,ісь
4025,птіцѧ
4026,ісповѣдѧтъ
4027,таті
4028,упок
4029,облічі
4030,отътѫдѣ
4031,апостолъ
4032,лѣетъ
4033,отъда
4034,крста
4035,ере
4036,ісправі
4037,жівотѣ
4038,свѣтѣ
4039,рачі
4040,сѣні
4041,вьмѣ
4042,агнь
4043,стаа
4044,імена
4045,братіѭ
4046,мілостівъ
4047,дѣлатель
4048,блѫд
4049,отьцоу
4050,костанті
4051,оумі
4052,гор
4053,тѣмі
4054,кръві
4055,ніхь
4056,цѣль
4057,стѧза
4058,чіѭ
4059,наплъ
4060,сльзамі
4061,поне
4062,обль
4063,олта
4064,оумно
4065,въшііхъ
4066,братрь
4067,прето
4068,дворъ
4069,ісво
4070,ту
4071,ана
4072,ѫтрь
4073,чаа
4074,многъііхъ
4075,омь
4076,ішедъше
4077,въмѣта
4078,бѫдет
4079,штаетъ
4080,оуме
4081,іспръва
4082,ѣрості
4083,концъ
4084,діѣпсал
4085,въдастъ
4086,дхомъ
4087,къніжьнікъ
4088,сльньце
4089,прішъдъшоу
4090,пісмена
4091,покажетъ
4092,вінѫ
4093,бъівъшемъ
4094,іоаноу
4095,дьште
4096,велікое
4097,левъ
4098,поустъінѭ
4099,слъішахомъ
4100,кьто
4101,оупъвахъ
4102,врътъ
4103,слѣпі
4104,възбоу
4105,сѣді
4106,слъішахъ
4107,відѣлъ
4108,больша
4109,срьдьце
4110,боудеть
4111,отцемъ
4112,склі
4113,асклі
4114,прѣбъіваатъ
4115,стоѧшта
4116,свь
4117,разоумѣѭ
4118,захаріѣ
4119,црсо
4120,тіхо
4121,дръжітъ
4122,чловѣколюбі
4123,плакаті
4124,заповѣдѣ
4125,пѫтъ
4126,роз
4127,тъкьмо
4128,клѧтъ
4129,прѣмѫдрость
4130,нбса
4131,мрьтвааго
4132,звѣрь
4133,помѣнѫ
4134,вѣроуіте
4135,въторіцеѭ
4136,зеведеова
4137,вьзвѣ
4138,глтъ
4139,даніі
4140,съблаз
4141,повѣждъ
4142,сраці
4143,нашімъ
4144,пріть
4145,възалка
4146,рѣза
4147,прівѧза
4148,соугоу
4149,прѣмо
4150,ідѣта
4151,пріѧсѧ
4152,чрѣво
4153,напоі
4154,благоволе
4155,благоволі
4156,іро
4157,облада
4158,корене
4159,зьлі
4160,мъіѧ
4161,благослові
4162,посълѭ
4163,оусьпе
4164,вѣкомь
4165,възьмі
4166,оученікь
4167,істъ
4168,нбское
4169,прѣті
4170,філіпъ
4171,нішѧ
4172,прѣломі
4173,посла
4174,лоуіѣ
4175,снові
4176,каперънаоумъ
4177,храмінѫ
4178,ръібъі
4179,цсрствіѣ
4180,ідоу
4181,възіде
4182,коуръ
4183,въселе
4184,кръвъ
4185,съкровіште
4186,възвратішѧ
4187,дѧште
4188,вьеніе
4189,прінесі
4190,славоѭ
4191,звѣрі
4192,ізгонѧ
4193,скъіхъ
4194,погъібнѫтъ
4195,ѭштоумоу
4196,сътрѧ
4197,помілова
4198,падѫ
4199,богові
4200,сѣті
4201,тенъ
4202,рѫгаахѫ
4203,сѣть
4204,тѧжь
4205,цѣла
4206,плѣвелъ
4207,ньемъ
4208,нете
4209,послѣжде
4210,братріѣ
4211,бзѣ
4212,слоугамъ
4213,цроу
4214,вѣдѫште
4215,іскрь
4216,пріімѣте
4217,созъда
4218,зда
4219,къііхъ
4220,боѣ
4221,хоулі
4222,херові
4223,распѫті
4224,прѧ
4225,възвѣ
4226,падошѧ
4227,жіва
4228,ідо
4229,ваеші
4230,сномъ
4231,стрь
4232,дааше
4233,лмѣ
4234,кло
4235,црквъ
4236,ауріліѣнъ
4237,въшіімъ
4238,ідъі
4239,лікоу
4240,вѣч
4241,оц
4242,мосѣ
4243,стомь
4244,нік
4245,възѧ
4246,іжь
4247,положілъ
4248,волѧ
4249,оутрѣі
4250,дѣлателемъ
4251,словомь
4252,трепезѣ
4253,старца
4254,крьстіѣнъі
4255,діѣвола
4256,осанна
4257,длъженъ
4258,въсѣхъ
4259,срѣдоу
4260,пештерѣ
4261,діѣволоу
4262,обратѧтъ
4263,нась
4264,многоѭ
4265,црствіѣ
4266,насаді
4267,дроугь
4268,нѣкото
4269,пъсаломъ
4270,іоуліѣ
4271,лазара
4272,обрѣтъше
4273,посълавъі
4274,іштѫ
4275,бѣжаті
4276,възгласітъ
4277,слъішѧште
4278,авраама
4279,вѣроуі
4280,водоно
4281,вьсеѧ
4282,положіті
4283,зълъ
4284,слѣпъі
4285,златі
4286,мнозѣхъ
4287,поставіті
4288,штаѧ
4289,чловѣче
4290,ложѧтъ
4291,бѣашете
4292,еіже
4293,рекоше
4294,ономоу
4295,сѫштѧѧ
4296,гонѧ
4297,ходѧштеі
4298,апостоль
4299,пакость
4300,різа
4301,нехъ
4302,стъімъ
4303,іж
4304,вьзвѣстішѧ
4305,гнѫ
4306,трехъ
4307,остані
4308,ніштѧѧ
4309,наріцаемааго
4310,рсо
4311,херсо
4312,оуставі
4313,творѧшта
4314,къвъ
4315,прркъ
4316,вьзѧтъ
4317,сълоучі
4318,крьстѣ
4319,водоѭ
4320,хотѧтъ
4321,садоу
4322,съвѧзавъше
4323,дѣіте
4324,благодарь
4325,прѣдадѧтъ
4326,проклѧ
4327,ніштіімъ
4328,възіска
4329,въскръснетъ
4330,маѣ
4331,пагоубѫ
4332,законопрѣстѫ
4333,дѣаніѣ
4334,крьстіѣнь
4335,рѫкъ
4336,ръібѣ
4337,дхоу
4338,темьніці
4339,дѣѣші
4340,смокві
4341,англъі
4342,англі
4343,піші
4344,рекше
4345,оученіѣ
4346,воінъі
4347,отвешта
4348,ніште
4349,дьнѣе
4350,прахъ
4351,вьнідете
4352,прокаже
4353,мъітарь
4354,оуз
4355,ото
4356,чінѫ
4357,расхъі
4358,корабль
4359,одрѣ
4360,пріім
4361,хода
4362,съніде
4363,врѣмені
4364,слоуж
4365,штьше
4366,очесе
4367,злъ
4368,ребрь
4369,відімі
4370,врага
4371,раза
4372,моіма
4373,съіноу
4374,дроуже
4375,мьноѭ
4376,вьѣше
4377,поклонь
4378,оумль
4379,отьцъ
4380,тѣлесе
4381,мъішлѣ
4382,сънъміштіхъ
4383,ждеѭ
4384,съгрѣшіхъ
4385,зълобі
4386,іероусалімъ
4387,реші
4388,въішъ
4389,мьнѧ
4390,въпаде
4391,жіте
4392,лѣхъ
4393,сладъ
4394,възгла
4395,честь
4396,вараавѫ
4397,манастъірь
4398,прѣдо
4399,съмъіслъ
4400,въздъіха
4401,оумьръ
4402,гості
4403,леге
4404,пьті
4405,прѣдаа
4406,нѣетъ
4407,пріклю
4408,дрѧ
4409,вьзьмъ
4410,дръжімъ
4411,каіа
4412,фѣ
4413,братоу
4414,чѣ
4415,отпоусті
4416,зьла
4417,сълѣ
4418,заблѫ
4419,побі
4420,посъіла
4421,женіе
4422,рабь
4423,сьвѣшта
4424,повръ
4425,пръвое
4426,піѭ
4427,бесѣдова
4428,рекъі
4429,поімъ
4430,родітъ
4431,осквръ
4432,црсье
4433,поклонішѧ
4434,хвалъі
4435,помоштьнікъ
4436,разорітъ
4437,ізгонітъ
4438,бжію
4439,ізідетъ
4440,главѣ
4441,отіті
4442,въсташѧ
4443,пісаніе
4444,мѫцѣ
4445,посрѣдоу
4446,біѧ
4447,сьпасе
4448,кононъ
4449,прітъчамі
4450,вьсѣка
4451,работаті
4452,наіпаче
4453,члці
4454,пакості
4455,самомоу
4456,сновъ
4457,жітіі
4458,степе
4459,землѫ
4460,жьрѫ
4461,дъра
4462,нъѣ
4463,іспра
4464,пльтіѭ
4465,спеніе
4466,бесѣдъі
4467,покоі
4468,цѣсарѧ
4469,оуте
4470,воль
4471,прітъчахъ
4472,хѣ
4473,прііма
4474,мле
4475,хъізі
4476,крьві
4477,імѫшта
4478,пръвъіі
4479,прѣідетъ
4480,надь
4481,всеі
4482,божіѧ
4483,мьніі
4484,ѫзъ
4485,прохождааше
4486,прѣштааше
4487,знамена
4488,пропьні
4489,сънемъ
4490,вьсемь
4491,съконьчаті
4492,ісходѧште
4493,потом
4494,шоуѭ
4495,іюдеѧ
4496,чера
4497,прѣіті
4498,мѫчіті
4499,гге
4500,съсѫдъ
4501,прібѣжіште
4502,блюді
4503,області
4504,застѫпьнікъ
4505,бівъ
4506,ігемо
4507,дѣмъ
4508,евре
4509,пора
4510,нѣчто
4511,мѫдръ
4512,непорочь
4513,дадѧтъ
4514,ісповѣданіі
4515,бімъ
4516,дрьжа
4517,скръбѧ
4518,нее
4519,іліѭ
4520,істіненъ
4521,браш
4522,голѫбі
4523,іспро
4524,дъштері
4525,стѫѭ
4526,богатоу
4527,женоѭ
4528,чьлі
4529,девѧті
4530,обрѧштеші
4531,отвръзъ
4532,прѣдѣлъ
4533,дав
4534,крьстіѣномъ
4535,въкоусіті
4536,жрьті
4537,оуко
4538,темъ
4539,народѣ
4540,лъже
4541,ісходітъ
4542,разоумѣва
4543,заповѣдеі
4544,архагге
4545,жѣ
4546,въстръ
4547,мрътвъ
4548,стоѧтъ
4549,вѣчънъі
4550,імѣлі
4551,члкмъ
4552,грѣшьнікъі
4553,едінѣмъ
4554,вьзьмѣте
4555,отъвѣштавааше
4556,тръжі
4557,врѣмень
4558,слѣпіі
4559,братіѧ
4560,ізвѣ
4561,тѧжа
4562,оучітеле
4563,отъра
4564,котъ
4565,ваю
4566,точі
4567,ізвлѣ
4568,отъпоуштаті
4569,осьлѧ
4570,вар
4571,ровѣ
4572,насъітіті
4573,ено
4574,овѣ
4575,елікоже
4576,съшедъ
4577,вѣньць
4578,просітъ
4579,іштѫтъ
4580,больші
4581,наставьні
4582,поставітъ
4583,тѣлоу
4584,глте
4585,заапѫ
4586,жіцеѭ
4587,упокріті
4588,ходѧшта
4589,отънѫ
4590,прічѧсть
4591,раздроуші
4592,тврь
4593,нѣѧ
4594,імѫштоу
4595,кръсть
4596,шѣ
4597,малъ
4598,хлъ
4599,прьвѣе
4600,правьденъ
4601,дръзо
4602,штед
4603,ходѧштоу
4604,ісповѣдаті
4605,стоумоу
4606,тѣлесі
4607,многь
4608,хрісті
4609,невѣсть
4610,аз
4611,нарешті
4612,слъньце
4613,речеші
4614,ннѣ
4615,шѧтъ
4616,сім
4617,грѣсѣ
4618,лівъ
4619,ваніе
4620,брать
4621,шъдъше
4622,молѣше
4623,штіімь
4624,заахѫ
4625,четвръто
4626,ѭштоуоумоу
4627,маріѭ
4628,штаеші
4629,словѣ
4630,облѣче
4631,хріз
4632,вьзне
4633,мат
4634,ръіда
4635,сонъ
4636,нома
4637,въсегда
4638,оуслъішіте
4639,крсті
4640,оуе
4641,мъііхъ
4642,конча
4643,слъішѫ
4644,доухомъ
4645,въскрѣсі
4646,вьѣѧ
4647,селѣхъ
4648,нбсъ
4649,ръпъ
4650,облацѣхъ
4651,неправедь
4652,водахъ
4653,хъітро
4654,ковъ
4655,ослабленоумоу
4656,вьсѣкѫ
4657,людьмі
4658,спсті
4659,речете
4660,скозѣ
4661,таіное
4662,стражѫ
4663,тьмніцѫ
4664,образомъ
4665,геонѫ
4666,конць
4667,вьзлюбьеніі
4668,інѣмі
4669,мѫкамі
4670,маріа
4671,вѣдѣті
4672,прѣподобьнааго
4673,едначе
4674,прѣбъівааше
4675,отълѫчі
4676,вьсьжде
4677,гау
4678,братіі
4679,кнѧзі
4680,отрока
4681,полемонъ
4682,вьсѫдоу
4683,богатьство
4684,стаѣ
4685,славѧште
4686,сѫдіті
4687,чее
4688,прочее
4689,ѧзъіка
4690,жівааго
4691,мілоу
4692,нѣѣмь
4693,злата
4694,раздъра
4695,патріар
4696,владъікѫ
4697,помага
4698,коупѣ
4699,гріго
4700,іспльні
4701,сѫдъбъі
4702,нсе
4703,родѣ
4704,велікааго
4705,любіші
4706,відѧі
4707,істінъно
4708,црѧ
4709,еста
4710,божьствъ
4711,нам
4712,ліцоу
4713,колѣнѣ
4714,помѣні
4715,сълъ
4716,словѣнь
4717,аскліпі
4718,оупра
4719,пророкъі
4720,божіе
4721,творѣахѫ
4722,ѣдѣахѫ
4723,чѧсто
4724,свініѧ
4725,своею
4726,нѧже
4727,зачѧтъ
4728,благовѣсті
4729,оуготоваті
4730,пророкь
4731,мѫченіці
4732,обѧза
4733,въставъше
4734,шъдъшоу
4735,отъбѣ
4736,овъі
4737,варѣ
4738,напісано
4739,печатьлѣ
4740,възмогѫ
4741,постъідітъ
4742,іскоуше
4743,нъіні
4744,подобьна
4745,зълоу
4746,оузьрѣвъ
4747,похоті
4748,ізгьна
4749,чістъ
4750,творѧштіімъ
4751,вьнідѫ
4752,чаетъ
4753,оцьта
4754,тѣлесъ
4755,скъіімъ
4756,говѣ
4757,вьше
4758,бмь
4759,съвѣдѣтельствоуѭтъ
4760,рогъ
4761,іспрьва
4762,нага
4763,опрѣ
4764,поставішѧ
4765,діѭ
4766,сѫботѣ
4767,огнъ
4768,стоѧштііхъ
4769,імѫштааго
4770,вьніді
4771,вѣренъ
4772,звѣздъі
4773,ісоусо
4774,ізбі
4775,толіка
4776,вьсѣкоѧ
4777,блюсті
4778,колѣна
4779,оувѧ
4780,начѧло
4781,съкроушітъ
4782,вьзіра
4783,іскопа
4784,оуморі
4785,дроугъіѧ
4786,прозь
4787,съвъіше
4788,съхраніхъ
4789,сѣѧі
4790,възможъ
4791,зръ
4792,невѣръ
4793,възведъ
4794,глѭшта
4795,бъілі
4796,тъшта
4797,господе
4798,младень
4799,помолітъ
4800,годінъі
4801,оставль
4802,прітъчѧ
4803,подобъно
4804,жеші
4805,члвкоу
4806,оука
4807,бездъ
4808,хоштемъ
4809,ізносітъ
4810,сѫдіѧ
4811,мьнозі
4812,ізлѣзъ
4813,готові
4814,протівъ
4815,таіно
4816,прѣтръпѣ
4817,падѫтъ
4818,зааше
4819,болѧштѧѧ
4820,лік
4821,божію
4822,тома
4823,ната
4824,аньдрѣ
4825,телѧ
4826,възъпівъ
4827,оужасаахѫ
4828,можаахѫ
4829,ісправье
4830,непрѣ
4831,архіереові
4832,стеръ
4833,простеръ
4834,іереі
4835,біі
4836,гнѫтъ
4837,повіноу
4838,ріте
4839,просвѣшта
4840,клѣть
4841,пріемлѭтъ
4842,трьсті
4843,сѫштѧ
4844,напасті
4845,отъвраті
4846,чоуді
4847,пьрі
4848,ѣдь
4849,хръсто
4850,відѣахѫ
4851,съіі
4852,оубь
4853,съгрѣша
4854,нічі
4855,нашімь
4856,оутврьді
4857,недостоі
4858,послѣдьні
4859,петроу
4860,мента
4861,възможетъ
4862,ніць
4863,господьнѫ
4864,жівѫштііхъ
4865,гаті
4866,благодѣтіѭ
4867,ізволе
4868,ісплънітъ
4869,прізьрі
4870,прѣдаѧі
4871,ходѧште
4872,ѣвлѣ
4873,словесь
4874,соль
4875,враче
4876,вечероу
4877,пешті
4878,съвлѣ
4879,пръвіі
4880,мосіі
4881,рім
4882,вуте
4883,жденье
4884,морь
4885,вражь
4886,вельзѣ
4887,очішта
4888,істѧза
4889,правьдьні
4890,въноу
4891,ліні
4892,ел
4893,ждетъ
4894,наего
4895,павьлъ
4896,філософа
4897,възла
4898,архіереовъ
4899,третіѣ
4900,отвѣштавъ
4901,ізідете
4902,шіро
4903,рѣчі
4904,градь
4905,трѣбоуетъ
4906,дете
4907,въпадъ
4908,сідо
4909,чѧдомъ
4910,ждааше
4911,вші
4912,віѳ
4913,дань
4914,рано
4915,закь
4916,дроузѣ
4917,інопле
4918,мъітаре
4919,отѧ
4920,дава
4921,отъвръжеші
4922,срце
4923,селі
4924,почръ
4925,вьселенъіѧ
4926,рекь
4927,пасті
4928,гіі
4929,копі
4930,коліждо
4931,ісповѣдѣ
4932,насъітѧтъ
4933,добротъі
4934,възвраштѫ
4935,прогнѣвашѧ
4936,погреті
4937,владъікъі
4938,мілостъінѭ
4939,лав
4940,іоаннъ
4941,отідѫ
4942,оубішѧ
4943,малоу
4944,молітвоу
4945,обна
4946,аггелъі
4947,півъ
4948,моудро
4949,доіде
4950,ніедно
4951,двѣма
4952,прістѫпівъ
4953,паула
4954,звуте
4955,презвуте
4956,господеві
4957,дніі
4958,трепезъі
4959,доуші
4960,вьсѣчь
4961,іосіфа
4962,срьдьцемъ
4963,велікоу
4964,вельемь
4965,вно
4966,небеса
4967,божьство
4968,конона
4969,оубогъ
4970,поношеніе
4971,въішьнѣго
4972,годінѣ
4973,помѧні
4974,чці
4975,окъі
4976,ченіі
4977,отъвръжетъ
4978,разоумѣетъ
4979,прості
4980,подвіжітъ
4981,благъііхъ
4982,спѧтъ
4983,мошть
4984,спнье
4985,гражда
4986,оустомъ
4987,възведе
4988,троудъі
4989,начьнъ
4990,створілъ
4991,образі
4992,творѣше
4993,положісте
4994,манастъірі
4995,разбоінікъ
4996,пьрѣ
4997,псаломъ
4998,старѣішінъі
4999,цръкъві
5000,проліѣ
5001,ховь
5002,достоіні
5003,веселѧ
5004,моімі
5005,іномоу
5006,тетъ
5007,бѣсте
5008,сѫштѫ
5009,чѧсті
5010,кланѣті
5011,прігласі
5012,мьнѫ
5013,съхраніті
5014,гладъ
5015,назаретъ
5016,поставье
5017,ногъі
5018,въішьнѣаго
5019,прѣбъістъ
5020,старѣішіна
5021,словесемъ
5022,наречеші
5023,оувѣ
5024,авітъ
5025,річа
5026,съна
5027,сръдьцемь
5028,брань
5029,телемъ
5030,вешті
5031,спасе
5032,отъвръгъ
5033,гауріілъ
5034,творѫ
5035,творѧштѧѧ
5036,прішьдъше
5037,разоумі
