1,ak,C-
2,ana,R-
3,lukarnastaþa,Nb
4,jah,C-
5,liuhtjan,V-
6,alls,Px
7,sa,Pd
8,in,R-
9,gards,Nb
10,swa,Df
11,liuhaþ,Nb
12,izwar,Ps
13,andwairþi,Nb
14,manna#2,Nb
15,ei,G-
16,ga-saiƕan,V-
17,goþs,A-
18,waurstw,Nb
19,hauhjan,V-
20,atta,Nb
21,himins,Nb
22,ni,Df
23,hugjan,V-
24,qiman,V-
25,ga-tairan,V-
26,witoþ,Nb
27,aiþþau,C-
28,praufetes,Nb
29,us-fulljan,V-
30,amen,I-
31,auk,Df
32,qiþan,V-
33,jūs,Pp
34,und,R-
35,þatei,G-
36,us-leiþan,V-
37,airþa,Nb
38,jota,Nb
39,ains,Ma
40,striks,Nb
41,af,R-
42,unte,G-
43,wairþan,V-
44,iþ,C-
45,saei,Pr
46,nu,Df
47,anabusns,Nb
48,minnists,A-
49,laisjan,V-
50,haitan,V-
51,þiudangardi,Nb
52,taujan,V-
53,sah,Pd
54,mikils,A-
55,nibai,G-
56,manags,A-
57,garaihtei,Nb
58,þau,Df
59,bokareis,Nb
60,Fareisaius,Nb
61,hausjan,V-
62,wisan#1,V-
63,airizans,A-
64,maurþrjan,V-
65,skula,Nb
66,staua#1,Nb
67,aþþan,C-
68,ik,Pp
69,ƕazuh,Px
70,modags,A-
71,broþar,Nb
72,*seins,Pt
73,sware,Df
74,raka,F-
75,gaqumþs,Nb
76,dwals,A-
77,gaiainna,Nb
78,fon,Nb
79,jabai,G-
80,bairan,V-
81,aibr,Nb
82,þeins,Ps
83,du,R-
84,hunslastaþs,Nb
85,jainar,Df
86,ga-munan,V-
87,haban,V-
88,ƕas,Px
89,bi,R-
90,þu,Pp
91,af-letan,V-
92,giba,Nb
93,gaggan,V-
94,faurþis,Df
95,ga-sibjon,V-
96,biþe,Df
97,at-gaggan,V-
98,at-bairan,V-
99,wáila,Df
100,andastaua,Nb
101,sprauto,Df
102,wigs,Nb
103,miþ,R-
104,is,Pp
105,ibai,G-
106,ƕan,Df
107,at-giban,V-
108,staua#2,Nb
109,andbahts,Nb
110,karkara,Nb
111,ga-lagjan,V-
112,us-gaggan,V-
113,jainþro,Df
114,us-giban,V-
115,kintus,Nb
116,horinon,V-
117,saiƕan,V-
118,qino,Nb
119,luston,V-
120,ju,Df
121,ga-horinon,V-
122,hairto,Nb
123,augo,Nb
124,taihswa,A-
125,marzjan,V-
126,us-stagg,V-
127,wairpan,V-
128,batiza,A-
129,fra-qistnan,V-
130,liþus,Nb
131,leik,Nb
132,ga-driusan,V-
133,handus,Nb
134,af-maitan,V-
135,-uh,C-
136,þan,Df
137,qens,Nb
138,giban,V-
139,afstass,Nb
140,boka,Nb
141,inuh,R-
142,fairina,Nb
143,kalkinassus,Nb
144,izei,Pr
145,af-satjan,V-
146,liugan#1,V-
147,aftra,Df
148,ufar-swaran,V-
149,frauja,Nb
150,aiþs,Nb
151,swaran,V-
152,allis,Df
153,stols,Nb
154,guþ,Nb
155,nih,Df
156,fotubaurd,Nb
157,fotus,Nb
158,Iairusaulwma,Ne
159,baurgs,Nb
160,þiudans,Nb
161,haubiþ,Nb
162,magan*,V-
163,tagl,Nb
164,ƕeits,A-
165,swarts,A-
166,ga-taujan,V-
167,-uh,Df
168,waurd,Nb
169,ja,I-
170,ne,I-
171,us,R-
172,ubils,A-
173,tunþus,Nb
174,and-standan,V-
175,unsels,A-
176,stautan,V-
177,kinnus,Nb
178,wandjan,V-
179,jah,Df
180,anþar,A-
181,wiljan,V-
182,paida,Nb
183,niman,V-
184,wasti*,Nb
185,ana-nauþjan,V-
186,rasta,Nb
187,twai,Ma
188,bidjan,V-
189,leiƕan,V-
190,sik,Pk
191,us-wandjan,V-
192,frijon,V-
193,neƕundja,Nb
194,fijan,V-
195,fijands,Nb
196,þiuþjan,V-
197,wrikan,V-
198,hatjan,V-
199,us-þriutan,V-
200,sunus,Nb
201,sunno,Nb
202,ur-rannjan,V-
203,rignjan,V-
204,garaihts,A-
205,inwinds,A-
206,ƕas,Pi
207,mizdo,Nb
208,niu,Du
209,þiuda,Nb
210,sama,A-
211,goljan,V-
212,frijonds,Nb
213,þatainei,Df
214,ƕe,Du
215,motareis,Nb
216,fullatojis,A-
217,swaswe,Dq
218,at-saiƕan,V-
219,armaio,Nb
220,aiþþau,Df
221,laun,Nb
222,fram,R-
223,þan,G-
224,haurnjan,V-
225,faura,R-
226,liuts,A-
227,garuns,Nb
228,and-niman,V-
229,witan#1,V-
230,hleiduma,A-
231,armahairtiþa,Nb
232,fulhsni,Nb
233,bairhtei,Nb
234,swaswe,Df
235,unte,Df
236,waihsta,Nb
237,plapja,Nb
238,standan,V-
239,gaumjan,V-
240,heþjo,Nb
241,ga-lūkan,V-
242,haurds,Nb
243,filu-waurdjan,V-
244,þugkjan,V-
245,filuwaurdei,Nb
246,and-hausjan,V-
247,gáleikon,V-
248,þaurban,V-
249,faurþizei,G-
250,unsar,Ps
251,weihnan,V-
252,namo,Nb
253,þiudinassus,Nb
254,wilja,Nb
255,swe,Df
256,hlaifs,Nb
257,sinteins,A-
258,weis,Pp
259,hi-,Pd
260,dags,Nb
261,briggan,V-
262,fraistubni,Nb
263,lausjan,V-
264,mahts,Nb
265,wulþus,Nb
266,aiws,Nb
267,missadeþs*,Nb
268,ufar,R-
269,biþe,G-
270,fastan,V-
271,gáurs,A-
272,fra-wardjan,V-
273,salbon,V-
274,ludja*,Nb
275,þwahan,V-
276,huzdjan,V-
277,huzd,Nb
278,þarei,Dq
279,malo,Nb
280,nidwa,Nb
281,þiufs*,Nb
282,uf-graban,V-
283,hlifan,V-
284,nih,C-
285,ni,C-
286,stilan,V-
287,þaruh,Df
288,lukarn,Nb
289,ainfalþs,A-
290,liuhadeins,A-
291,riqizeins,A-
292,riqis,Nb
293,ƕan,Du
294,filu,Df
295,skalkinon,V-
296,jabai,C-
297,uf-hausjan,V-
298,fra-kunnan,V-
299,mammona*,Nb
300,duþe,Df
301,maurnan,V-
302,saiwala,Nb
303,matjan,V-
304,drigkan,V-
305,wasjan,V-
306,mais,Df
307,fodeins,Nb
308,in-saiƕan,V-
309,fugls,Nb
310,þei,G-
311,saian,V-
312,sneiþan,V-
313,lisan,V-
314,bansts,Nb
315,fodjan,V-
316,wulþriza,A-
317,ana-aukan,V-
318,wahstus,Nb
319,aleina,Nb
320,saurgan,V-
321,ga-kunnan#2,V-
322,bloma*,Nb
323,haiþi,Nb
324,ƕaiwa,Du
325,wahsjan,V-
326,arbaidjan,V-
327,spinnan,V-
328,Saulaumon,Ne
329,ga-wasjan,V-
330,þande,G-
331,hawi,Nb
332,gistradagis,Df
333,auhns*,Nb
334,leitils,A-
335,ga-laubjan,V-
336,sokjan,V-
337,swa,G-
338,inn-gaggan,V-
339,þairh,R-
340,aggwus,A-
341,daur,Nb
342,braiþs*,A-
343,rūms,A-
344,fralusts,Nb
345,inn-galeiþan,V-
346,þreihan,V-
347,libains,Nb
348,fawai,A-
349,bi-gitan,V-
350,sweþauh,Df
351,liugnapraufetus,Nb
352,at,R-
353,lamb,Nb
354,innaþro,Df
355,wulfs,Nb
356,wilwan,V-
357,akran,Nb
358,uf-kunnan,V-
359,ibai,Du
360,þaurnus,Nb
361,weinabasi,Nb
362,wigadeinom,Nb
363,smakka,Nb
364,bagms,Nb
365,þiuþeigs,A-
366,us-maitan,V-
367,at-lagjan,V-
368,þannu,Df
369,meins,Ps
370,jains,Pd
371,praufetjan,V-
372,unhulþo,Nb
373,us-wairpan,V-
374,and-haitan,V-
375,ƕanhun,Df
376,kunnan#1,V-
377,af-leiþan,V-
378,fairra,R-
379,waurkjan,V-
380,unsibjis*,A-
381,wair,Nb
382,froþs,A-
383,ga-timrjan,V-
384,razn,Nb
385,stains,Nb
386,dalaþ,Df
387,rign,Nb
388,aƕa,Nb
389,waian,V-
390,winds,Nb
391,bi-stigqan,V-
392,ga-suljan,V-
393,malma,Nb
394,drus,Nb
395,us-tiuhan,V-
396,Iesus,Ne
397,bi-abrjan,V-
398,managei,Nb
399,laiseins,Nb
400,waldufni,Nb
401,fairguni,Nb
402,laistjan,V-
403,afar,R-
404,iumjo,Nb
405,sai,I-
406,þrutsfills,A-
407,du-rinnan,V-
408,in-weitan,V-
409,ga-hrainjan,V-
410,uf-rakjan,V-
411,at-tekan,V-
412,hrains,A-
413,suns,Df
414,þrūtsfill,Nb
415,silba,Pk
416,at-augjan,V-
417,gudja,Nb
418,ana-biudan,V-
419,Moses,Ne
420,weitwodiþa,Nb
421,inn-atgaggan,V-
422,Kafarnaum,Ne
423,du-atgaggan,V-
424,hundafaþs,Nb
425,þiumagus,Nb
426,ligan,V-
427,usliþa,A-
428,harduba,Df
429,balwjan,V-
430,ga-hailjan,V-
431,and-hafjan,V-
432,wairþs,A-
433,uf,R-
434,hrot,Nb
435,ga-hailnan,V-
436,gadrauhts,Nb
437,skalks,Nb
438,ga-hausjan,V-
439,sildaleikjan,V-
440,afar-laistjan,V-
441,Israel,Ne
442,swalauþs,A-
443,galaubeins,Nb
444,urruns#1,Nb
445,saggqa,Nb
446,ana-kumbjan,V-
447,Abraham,Ne
448,Isak,Ne
449,Iakob,Ne
450,hindumists,A-
451,grets,Nb
452,krusts,Nb
453,ƕeila,Nb
454,Paitrus,Ne
455,swaihro,Nb
456,heito,Nb
457,ur-reisan,V-
458,andbahtjan,V-
459,andanahti,Nb
460,daimonareis,Nb
461,ahma,Nb
462,us-fullnan,V-
463,ga-meljan,V-
464,Esaïas,Ne
465,unmahts,Nb
466,us-niman,V-
467,sauhts*,Nb
468,us-bairan,V-
469,hiuhma,Nb
470,ga-leiþan,V-
471,siponeis,Nb
472,hindar,R-
473,marei,Nb
474,laisareis,Nb
475,þisƕaduh,Df
476,þadei,Dq
477,fauho,Nb
478,groba,Nb
479,aigan*,V-
480,sitls,Nb
481,ƕar,Du
482,ana-hnaiwjan,V-
483,us-laubjan,V-
484,frumist,Df
485,ga-filhan,V-
486,letan,V-
487,dauþs,A-
488,skip,Nb
489,afar-gaggan,V-
490,wegs,Nb
491,swaswe,G-
492,ga-huljan,V-
493,slepan,V-
494,ur-raisjan,V-
495,nasjan,V-
496,faurhtjan,V-
497,þanuh,Df
498,ga-sakan,V-
499,wis,Nb
500,ƕileiks,A-
501,gauja,Nb
502,Gairgaisainus,Ne
503,ga-motjan,V-
504,hlaiwasnos,Nb
505,rinnan,V-
506,sleiþs*,A-
507,hropjan,V-
508,her,Df
509,faur,R-
510,mel,Nb
511,fairra,Df
512,hairda,Nb
513,swein,Nb
514,haldan,V-
515,skohsl,Nb
516,runs,Nb
517,ga-waurkjan,V-
518,and,R-
519,driuso,Nb
520,ga-dauþnan,V-
521,wato,Nb
522,ga-þliuhan,V-
523,ga-teihan,V-
524,wiþra,R-
525,marka,Nb
526,at-steigan,V-
527,ufar-leiþan,V-
528,ligrs,Nb
529,þrafstjan,V-
530,barnilo,Nb
531,frawaurhts,Nb
532,sums,Px
533,wajamerjan,V-
534,mitons,Nb
535,duƕe,Du
536,miton,V-
537,ƕaþar,Pi
538,raihtis,Df
539,azets*,A-
540,þau,C-
541,ogan*,V-
542,mikiljan,V-
543,swaleiks,A-
544,þairh-leiþan,V-
545,sitan,V-
546,mota,Nb
547,Matþaius*,Ne
548,us-standan,V-
549,frawaurhts,A-
550,miþ-anakumbjan,V-
551,hails,A-
552,lekeis,Nb
553,unhaili,Nb
554,ga-niman,V-
555,hunsl,Nb
556,laþon,V-
557,uswaurhts,A-
558,Iohannes,Ne
559,brūþfaþs,Nb
560,qainon,V-
561,þei,Dq
562,þan,Dq
563,af-niman,V-
564,ƕashun,Px
565,lagjan,V-
566,plat,Nb
567,fana,Nb
568,þarihs*,A-
569,snaga,Nb
570,fairneis*,A-
571,fullo,Nb
572,wairsiza,A-
573,gataura,Nb
574,giutan,V-
575,wein,Nb
576,niujis,A-
577,balgs,Nb
578,dis-taurnan,V-
579,us-gutnan,V-
580,juggs,A-
581,bajoþs,Ma
582,ga-bairgan,V-
583,miþþanei,G-
584,rodjan,V-
585,reiks,Nb
586,dauhtar,Nb
587,ga-swiltan,V-
588,akei,C-
589,liban,V-
590,bloþarinnandei,V-
591,twalif,Ma
592,wintrus,Nb
593,aftaro,Df
594,skauta,Nb
595,ga-nisan,V-
596,ga-wandjan,V-
597,ga-nasjan,V-
598,swiglja*,Nb
599,auhjon,V-
600,mawi,Nb
601,bi-hlahjan,V-
602,us-dreiban,V-
603,inn,Df
604,meriþa,Nb
605,ƕarbon,V-
606,blinds,A-
607,arman,V-
608,wit,Pp
609,Daweid,Ne
610,-u,Du
611,jai,I-
612,iggqar,Ps
613,igqis,Pp
614,us-luknan,V-
615,in-agjan,V-
616,us-merjan,V-
617,ūt-usgaggan,V-
618,bauþs,A-
619,dumbs,A-
620,aiw,Df
621,uskunþs,V-
622,fauramaþleis,Nb
623,bi-tiuhan,V-
624,haims*,Nb
625,merjan,V-
626,aiwaggeljo,Nb
627,hailjan,V-
628,in-feinan,V-
629,af-dauiþs*,V-
630,fra-wairpan,V-
631,hairdeis,Nb
632,asans,Nb
633,waurstwja,Nb
634,us-sandjan,V-
635,at-haitan,V-
636,þliuhan,V-
637,nist,V-
638,ga-nah,V-
639,gardawaldands,Nb
640,Baiailzaibul,Ne
641,innakunds,A-
642,nunu,Df
643,waiht,Nb
644,and-huljan,V-
645,fulgins,A-
646,auso,Nb
647,us-qiman,V-
648,fra-qistjan,V-
649,sparwa,Nb
650,assarjus*,Nb
651,bugjan,V-
652,ga-raþjan,V-
653,saƕazuh,Px
654,þisƕazuh,Px
655,af-aikan,V-
656,ahjan,V-
657,gawairþi,Nb
658,hairus,Nb
659,skaidan,V-
660,aiþei,Nb
661,brūþs,Nb
662,galga,Nb
663,sandjan,V-
664,ga-dragkjan,V-
665,stikls,Nb
666,kalds,A-
667,us-hafjan,V-
668,Xristus,Ne
669,in-sandjan,V-
670,beidan,V-
671,us-saiƕan,V-
672,halts,A-
673,unleþs,A-
674,wailamerjan,V-
675,audags,A-
676,ga-marzjan,V-
677,af-gaggan,V-
678,du-ginnan,V-
679,auþida,Nb
680,raus,Nb
681,wagjan,V-
682,hnasqjaim,A-
683,aggilus,Nb
684,ga-manwjan,V-
685,baur,Nb
686,maiza,A-
687,daupjan,V-
688,minniza,A-
689,ana-mahtjan,V-
690,fra-wilwan,V-
691,faura-qiþan,V-
692,miþ-niman,V-
693,Helias,Ne
694,skulan*,V-
695,kuni,Nb
696,galeiks,A-
697,barn,Nb
698,wopjan,V-
699,anþar,Pc
700,swiglon,V-
701,plinsjan,V-
702,hiufan,V-
703,afetja,Nb
704,afdrugkja,Nb
705,ga-domjan,V-
706,handugei,Nb
707,idweitjan,V-
708,idreigon,V-
709,wai,I-
710,Kaurazein,Ne
711,Beþsaeida,Ne
712,iþ,G-
713,Twra*,Ne
714,Seidoneis*,Ne
715,land,Nb
716,airis,Df
717,sakkus,Nb
718,azgo,Nb
719,sutis,A-
720,us-hauhjan,V-
721,halja,Nb
722,Saudauma,Ne
723,gasts,Nb
724,ga-laþon,V-
725,naqaþs,A-
726,siuks,A-
727,þanei,Dq
728,fera,Nb
729,fra-qiþan,V-
730,aiweins,A-
731,manwjan,V-
732,unhulþa,Nb
733,gredags,A-
734,af-þaursjan,V-
735,dragkjan,V-
736,ga-weison,V-
737,balweins,Nb
738,paska,Nb
739,us-hramjan,V-
740,weitwoþs*,Nb
741,wajamereins,Nb
742,dauþus,Nb
743,speiwan,V-
744,andawleizn,Nb
745,kaupatjan,V-
746,lofa*,Nb
747,slahan,V-
748,ūta,Df
749,rohsns,Nb
750,þiwi,Nb
751,Galeilaius,Nb
752,Nazoraius,Nb
753,sunja,Nb
754,razda,Nb
755,bandwjan,V-
756,af-domjan,V-
757,hana,Nb
758,hrūkjan,V-
759,hruk,Nb
760,þreis*,Ma
761,sinþs*,Nb
762,ūt,Df
763,gretan,V-
764,baitraba,Df
765,maurgins,Nb
766,rūna,Nb
767,sineigs,A-
768,af-dauþjan,V-
769,ga-bindan,V-
770,ga-tiuhan,V-
771,ana-filhan,V-
772,Pauntius*,Ne
773,Peilatus,Ne
774,kindins,Nb
775,Iudas,Ne
776,ga-lewjan,V-
777,tigjus*,Ma
778,silubreins,A-
779,fra-waurkjan,V-
780,bloþ,Nb
781,swikns,A-
782,kara,Nb
783,at-wairpan,V-
784,alhs,Nb
785,us-hahan,V-
786,skatts,Nb
787,kaurbaunan,Nb
788,andawairþi,Nb
789,garūni,Nb
790,us-bugjan,V-
791,akrs,Nb
792,kasja,Nb
793,us-filhan,V-
794,ana,Df
795,Iairaimias*,Ne
796,wairþon,V-
797,ga-rahnjan,V-
798,fraihnan,V-
799,Iudaius,Nb
800,wrohjan,V-
801,waihts,Nb
802,weitwodjan,V-
803,ainshun,Px
804,dulþs,Nb
805,ƕarjizuh,Px
806,biuhts,A-
807,fra-letan,V-
808,bandja,Nb
809,ga-tarhjan,V-
810,Barabba(s),Ne
811,ga-qiman,V-
812,neiþ,Nb
813,stauastols,Nb
814,trauan,V-
815,waidedja,Nb
816,miþ-ushramjan,V-
817,saihsta,Mo
818,niunda,Mo
819,uf-hropjan,V-
820,stibna,Nb
821,helei,F-
822,lima,F-
823,sibakþanei,F-
824,bi-leiþan,V-
825,þragjan,V-
826,swamm,Nb
827,fulljan,V-
828,aket*,Nb
829,faurhāh,Nb
830,dis-skritnan,V-
831,iupaþro,Df
832,in-reiran,V-
833,weihs,A-
834,urrists,Nb
835,witan#2,V-
836,reiro,Nb
837,abraba,Df
838,fairraþro,Df
839,Galeilaia,Ne
840,Marja,Ne
841,Magdalene,Ne
842,Iakobus,Ne
843,Iosezis,Ne
844,Zaibaidaius,Ne
845,seiþus,A-
846,gabigs,A-
847,Areimaþaia,Ne
848,Iosef,Ne
849,silba,A-
850,siponjan,V-
851,bi-windan,V-
852,saban*,Nb
853,hlaiw,Nb
854,us-hulon,V-
855,faur-walwjan,V-
856,daurons,Nb
857,andwairþs,A-
858,iftuma,A-
859,paraskaiwe,Nb
860,auhuma,A-
861,airzjan,V-
862,nauh,Df
863,þridja,Mo
864,ufto,Df
865,bi-niman,V-
866,spediza*,A-
867,airziþa,Nb
868,fruma,A-
869,wardja,Nb
870,faur-sigljan,V-
871,Markus,Ne
872,ana-stodjan,V-
873,anastodeins,Nb
874,raihts,A-
875,staiga,Nb
876,daupjands,Nb
877,daupeins,Nb
878,idreiga,Nb
879,aflageins,Nb
880,Iudaialand,Nb
881,Iairusaulwmeis,Nb
882,Iaurdanus*,Ne
883,ulbandus,Nb
884,gairda,Nb
885,filleins,A-
886,hups,Nb
887,þramstei,Nb
888,miliþ,Nb
889,haiþiwisks,A-
890,swinþs,A-
891,ana-hneiwan,V-
892,and-bindan,V-
893,skaudaraip,Nb
894,skohs,Nb
895,Nazaraiþ,Ne
896,us-lukan,V-
897,ahaks,Nb
898,liufs*,A-
899,þuei,Pr
900,ga-leikan,V-
901,fidwor tigjus,Ma
902,fraisan,V-
903,Satana,Ne
904,dius*,Nb
905,at-neƕjan,V-
906,Seimon,Ne
907,Andraias,Ne
908,nati,Nb
909,fiskja,Nb
910,hiri,V-
911,nuta,Nb
912,fram,Df
913,asneis,Nb
914,sabbato,Nb
915,swnagoge*,Nb
916,usfilma,A-
917,unhrains,A-
918,Nazorenus*,Nb
919,and-beitan,V-
920,þahan,V-
921,tahjan,V-
922,af-slauþnan,V-
923,swaei,G-
924,misso,Df
925,bisitands,Nb
926,brinno,Nb
927,und-greipan,V-
928,ga-siggqan,V-
929,sauïl,Nb
930,ga-rinnan,V-
931,missaleiks,A-
932,air,Df
933,uhtwo,Nb
934,auþeis*,A-
935,staþs,Nb
936,galaista,Nb
937,bisunjane,Df
938,kniu*,Nb
939,knussjan,V-
940,ga-ƕotjan,V-
941,mannahun,Px
942,gahraineins,Nb
943,us-qiþan,V-
944,juþan,Df
945,andaugjo,Df
946,allaþro,Df
947,ga-fraihnan,V-
948,ga-motan,V-
949,hafjan,V-
950,fidwor,Ma
951,neƕa,R-
952,us-graban,V-
953,in-sailjan,V-
954,badi,Nb
955,þagkjan,V-
956,naiteins,Nb
957,nibai#1,Df
958,us-geisnan,V-
959,Laiwweis,Ne
960,Alfaius,Ne
961,ubilaba,Df
962,laggs,A-
963,swe,Dq
964,siujan,V-
965,aufto,Df
966,dis-tairan,V-
967,þairh-gaggan,V-
968,atisk,Nb
969,skewjan,V-
970,raupjan,V-
971,ahs,Nb
972,us-siggwan,V-
973,Abiaþar,Ne
974,faurlageins,Nb
975,ga-skapjan,V-
976,swaei,Df
977,ga-þairsan,V-
978,miduma*,Nb
979,þiuþ,Nb
980,unþiuþ,Nb
981,usqistjan,V-
982,moþs*,Nb
983,daubiþa,Nb
984,ga-standan,V-
985,sunsaiw,Df
986,Herodianus*,Ne
987,Iudaia,Ne
988,Idumaia,Ne
989,hindana,Df
990,Seidona*,Ne
991,driusan,V-
992,wundufni,Nb
993,ga-swikunþjan,V-
994,us-steigan,V-
995,ga-satjan,V-
996,Bauanairgais,Ne
997,þeiƕo,Nb
998,Filippus,Ne
999,Barþaulaumaius,Ne
1000,Þomas,Ne
1001,Þaddaius,Ne
1002,Kananeites*,Ne
1003,Iskariotes,Ne
1004,ga-gaggan,V-
1005,ga-haban,V-
1006,us-gaisjan,V-
1007,reikeis*,A-
1008,gajuko,Nb
1009,ga-dailjan,V-
1010,andeis,Nb
1011,kas,Nb
1012,dis-wilwan,V-
1013,fralet*,Nb
1014,swistar,Nb
1015,bi-saiƕan,V-
1016,ga-lisan,V-
1017,ga-sitan,V-
1018,staþa,Nb
1019,ur-rinnan,V-
1020,fraiw,Nb
1021,fra-ïtan,V-
1022,stainahs,A-
1023,in,G-
1024,diups,A-
1025,uf-brinnan,V-
1026,waurts,Nb
1027,ga-þaursnan,V-
1028,ufar-steigan,V-
1029,af-ƕapjan,V-
1030,þreis tigjus*,Ma
1031,saíhs tigjus,Ma
1032,taihuntehund,Ma
1033,sundro,Df
1034,fraþjan,V-
1035,unkarja,A-
1036,in-saian,V-
1037,samaleiko,Df
1038,faheþs,Nb
1039,ƕeilaƕairbs,A-
1040,þaþroh,Df
1041,aglo,Nb
1042,wrakja,Nb
1043,saurga,Nb
1044,afmarzeins,Nb
1045,gabei,Nb
1046,lustus,Nb
1047,akranalaus,A-
1048,saihs tigjus*,Ma
1049,mela,Nb
1050,satjan,V-
1051,undar,R-
1052,ga-bairhtjan,V-
1053,analaugns,A-
1054,swikunþs,A-
1055,mitaþs,Nb
1056,mitan,V-
1057,bi-aukan,V-
1058,nahts,Nb
1059,keinan,V-
1060,liudan,V-
1061,gras,Nb
1062,full[e]iþ,Nb
1063,kaurn,Nb
1064,gilþa,Nb
1065,at-wisan,V-
1066,ga-bairan,V-
1067,kaurno,Nb
1068,sinapis,Nb
1069,asts,Nb
1070,skadus,Nb
1071,ga-bauan,V-
1072,hausjon,V-
1073,skūra,Nb
1074,waltjan,V-
1075,ga-fullnan,V-
1076,notin,Nb
1077,waggarja,Nb
1078,ga-slawan,V-
1079,af-dumbnan,V-
1080,ana-silan,V-
1081,faurhts,A-
1082,agis,Nb
1083,Gaddarenus*,Ne
1084,aurahjom,Nb
1085,bauains,Nb
1086,naudibandi,Nb
1087,eisarneins,A-
1088,ufta,Df
1089,eisarn,Nb
1090,ga-biugan,V-
1091,ga-lausjan,V-
1092,ga-brikan,V-
1093,ga-tamjan,V-
1094,sinteino,Df
1095,bliggwan,V-
1096,háuhs,A-
1097,bi-swaran,V-
1098,laigaion,Ne
1099,þūsundi,Ma
1100,af-ƕapnan,V-
1101,woþs*,A-
1102,spillon,V-
1103,ga-arman,V-
1104,Daikapaulis*,Ne
1105,swnagogafaþs*,Nb
1106,Iaeirus,Ne
1107,aftumists,A-
1108,jer,Nb
1109,ga-þulan,V-
1110,fra-qiman,V-
1111,botjan,V-
1112,wairs,Df
1113,aftana,Df
1114,brunna,Nb
1115,slahs,Nb
1116,tekan,V-
1117,wlaiton,V-
1118,reiran,V-
1119,nauhþanuh,Df
1120,þanamais,Df
1121,draibjan,V-
1122,auhjodus,Nb
1123,wai-fairƕjan,V-
1124,fair-greipan,V-
1125,taleiþa,F-
1126,kumei,F-
1127,ga-skeirjan,V-
1128,mawilo,Nb
1129,faurhtei,Nb
1130,finþan,V-
1131,ƕaþro,Du
1132,timrja,Nb
1133,unswers,A-
1134,gabaurþs,Nb
1135,ganiþjis,Nb
1136,ungalaubeins,Nb
1137,weihs,Nb
1138,faur-biudan,V-
1139,hrugga,Nb
1140,matibalgs,Nb
1141,aiz,Nb
1142,gaskohs,A-
1143,sulja*,Nb
1144,þar,Df
1145,saljan#2,V-
1146,us-hrisjan,V-
1147,mulda,Nb
1148,undaro,R-
1149,Gaumaurjam,Nb
1150,ga-salbon,V-
1151,alew*,Nb
1152,Herodes,Ne
1153,Herodia,Ne
1154,ga-liugan,V-
1155,neiwan*,V-
1156,gabaurjaba,Df
1157,gatils,A-
1158,nahtamats,Nb
1159,þusundifaþs,Nb
1160,frumists,A-
1161,halbs,A-
1162,sniumundo,Df
1163,mes,Nb
1164,uf-brikan,V-
1165,spaikulatur,Nb
1166,apaustaulus,Nb
1167,du-atsniwan,V-
1168,bi-rinnan,V-
1169,gawi,Nb
1170,gagg*,Nb
1171,gamains,A-
1172,unþwahans,V-
1173,anafilh,Nb
1174,maþl*,Nb
1175,aurkjus*,Nb
1176,katile,Nb
1177,wairilom,Nb
1178,sweran,V-
1179,blotan,V-
1180,in-widan,V-
1181,kaurban,F-
1182,maiþms,Nb
1183,ga-batnan,V-
1184,blauþjan,V-
1185,ūtaþro,R-
1186,gámainjan,V-
1187,ūt-gaggan,V-
1188,unwita,Nb
1189,ūtaþro,Df
1190,wamba,Nb
1191,mats,Nb
1192,horinassus,Nb
1193,maurþr,Nb
1194,þiubi,Nb
1195,faihufrikei,Nb
1196,unselei,Nb
1197,liutei,Nb
1198,aglaitei,Nb
1199,hauhhairtei,Nb
1200,unwiti,Nb
1201,ga-gámainjan,V-
1202,ga-laugnjan,V-
1203,háiþno,Nb
1204,Saurini,Nb
1205,fwnikisks,A-
1206,saþs*,A-
1207,hunds,Nb
1208,biuþs*,Nb
1209,drauhsnos,Nb
1210,Galeilaius,Ne
1211,tweihnai,A-
1212,stamms,A-
1213,figgrs,Nb
1214,tuggo,Nb
1215,ga-swogjan,V-
1216,aiffaþa,F-
1217,hliuma,Nb
1218,and-bundnan,V-
1219,bandi,Nb
1220,raihtaba,Df
1221,ƕan,Dq
1222,ufarassus,Nb
1223,unrodjands,V-
1224,wisan#3,V-
1225,lausqiþrs*,A-
1226,uf-ligan,V-
1227,ga-soþjan,V-
1228,sibun,Ma
1229,awiliudon,V-
1230,faur,Df
1231,fisks,Nb
1232,ga-þiuþjan,V-
1233,ga-matjan,V-
1234,laiba,Nb
1235,gabruka,Nb
1236,spwreidans,Nb
1237,Magdalan,Ne
1238,miþ-sokjan,V-
1239,taikns,Nb
1240,uf-swogjan,V-
1241,jabai,Du
1242,ufar-munnon,V-
1243,beist,Nb
1244,daufs,A-
1245,fimf,Ma
1246,tainjo,Nb
1247,fulls,A-
1248,Beþania,Ne
1249,ūtana,R-
1250,bairhtaba,Df
1251,Kaisaria,Ne
1252,winnan,V-
1253,us-kiusan,V-
1254,swikunþaba,Df
1255,af-tiuhan,V-
1256,ga-geigan,V-
1257,fairƕus,Nb
1258,ga-sleiþjan,V-
1259,inmaideins,Nb
1260,skaman,V-
1261,kausjan,V-
1262,saihs,Ma
1263,in-maidjan,V-
1264,glitmunjan,V-
1265,snaiws,Nb
1266,wullareis,Nb
1267,ga-ƕeitjan,V-
1268,rabbei,Nb
1269,hlijans,Nb
1270,us-agjan,V-
1271,milhma,Nb
1272,ufar-skadwjan,V-
1273,anaks,Df
1274,þanaseiþs,Df
1275,alja,Df
1276,ga-botjan,V-
1277,þisƕaruh,Df
1278,ga-fahan,V-
1279,ga-wairpan,V-
1280,ƕaþjan,V-
1281,kriustan,V-
1282,ga-staurknan,V-
1283,o,I-
1284,ungalaubjands,V-
1285,þulan,V-
1286,walwison,V-
1287,ei,Dq
1288,barniski,Nb
1289,us-qistjan,V-
1290,hilpan,V-
1291,ga-bleiþjan,V-
1292,mahteigs,A-
1293,tagr,Nb
1294,samaþ,Df
1295,bida,Nb
1296,fastubni,Nb
1297,slawan,V-
1298,and-rinnan,V-
1299,ƕarjis,Pi
1300,at-wopjan,V-
1301,midjis*,A-
1302,arms#2,Nb
1303,warjan,V-
1304,ubil-waurdjan,V-
1305,asiluqairnus,Nb
1306,halsagga,Nb
1307,hamfs,A-
1308,unƕapnands,V-
1309,maþa,Nb
1310,háihs,A-
1311,saltan,V-
1312,salt,Nb
1313,unsaltans,V-
1314,supon,V-
1315,gawairþeigs,A-
1316,afsateins,Nb
1317,meljan,V-
1318,harduhairtei,Nb
1319,gaskafts,Nb
1320,gumein,Nb
1321,qineins,A-
1322,ga-widan,V-
1323,aba,Nb
1324,sakan,V-
1325,du,Df
1326,un-werjan,V-
1327,ga-þláihan,V-
1328,du-atrinnan,V-
1329,arbja,Nb
1330,galiugaweitwoþs,Nb
1331,ga-fastan,V-
1332,junda,Nb
1333,wan,Nb
1334,fra-bugjan,V-
1335,þarbs,A-
1336,ga-hnipnan,V-
1337,faihu,Nb
1338,agluba,Df
1339,aglus,A-
1340,þairko,Nb
1341,neþla,Nb
1342,unmahteigs,A-
1343,haimoþli,Nb
1344,taihuntaihundfalþs,A-
1345,wraka,Nb
1346,anawairþs,A-
1347,aftuma,A-
1348,faur-bigaggan,V-
1349,ga-daban,V-
1350,ufargudja,Nb
1351,ga-wargjan,V-
1352,bi-laikan,V-
1353,at-haban,V-
1354,fra-giban,V-
1355,alja,C-
1356,taihun,Ma
1357,reikinon,V-
1358,ga-fraujinon,V-
1359,ga-waldan,V-
1360,andbahti,Nb
1361,lun,Nb
1362,Iaireiko*,Ne
1363,ganohs,A-
1364,Teimaius,Ne
1365,Barteimaiaus,Ne
1366,aihtron,V-
1367,ƕotjan,V-
1368,ga-þahan,V-
1369,af-wairpan,V-
1370,us-hlaupan,V-
1371,rabbaunei,Nb
1372,Iairusalem,Ne
1373,Beþsfagei,Ne
1374,alewja,A-
1375,wiþrawairþs,A-
1376,fula,Nb
1377,at-tiuhan,V-
1378,gairnjan,V-
1379,hidre,Df
1380,straujan,V-
1381,maitan,V-
1382,faura-gaggan,V-
1383,osanna,F-
1384,hauhisti,Nb
1385,smakkabagms,Nb
1386,laufs,Nb
1387,skattja,Nb
1388,us-waltjan,V-
1389,þairh-bairan,V-
1390,filigri*,Nb
1391,faur-gaggan,V-
1392,þaursus,A-
1393,tuz-werjan,V-
1394,alakjo,Df
1395,weinagards,Nb
1396,us-satjan,V-
1397,bi-satjan,V-
1398,faþa,Nb
1399,dals*,Nb
1400,kelikn,Nb
1401,aljaþ,Df
1402,weingards,Nb
1403,us-bliggwan,V-
1404,laushandja,A-
1405,haubiþwunds,A-
1406,ga-naitjan,V-
1407,af-slahan,V-
1408,liufs,A-
1409,spedists,A-
1410,ga-aistan,V-
1411,arbinumja,Nb
1412,arbi,Nb
1413,nuh,Df
1414,sildaleiks,A-
1415,ga-niutan,V-
1416,sunjeins,A-
1417,kaisaragild,Nb
1418,kaisar*,Nb
1419,manleika,Nb
1420,ufarmeleins,Nb
1421,Saddukaieis,Nb
1422,usstass,Nb
1423,ei,Df
1424,broþrahans,Nb
1425,spedumists,A-
1426,airzeis*,A-
1427,aiƕatundi,Nb
1428,qius*,A-
1429,samana,Df
1430,gahugds,Nb
1431,alja,R-
1432,fraþi,Nb
1433,alabrunsts,Nb
1434,sauþs*,Nb
1435,froþaba,Df
1436,ga-daursan,V-
1437,qiþuhafto,Nb
1438,daddjan,V-
1439,þlauhs,Nb
1440,ga-maurgjan,V-
1441,ga-waljan,V-
1442,galiugaxristus,Nb
1443,galiugapraufetus*,Nb
1444,fauratani,Nb
1445,af-airzjan,V-
1446,faura-gateihan,V-
1447,riqizjan,V-
1448,mena,Nb
1449,stairno,Nb
1450,ga-wagjan,V-
1451,þlaqus,A-
1452,us-keinan,V-
1453,neƕa,Df
1454,swah,Df
1455,qisteins,Nb
1456,balsan,Nb
1457,hunda,Ma
1458,and-staurran,V-
1459,faur-sniwan,V-
1460,usfilh,Nb
1461,manaseþs,Nb
1462,gamunds,Nb
1463,faginon,V-
1464,ga-haitan,V-
1465,gatilaba,Df
1466,azwme,Nb
1467,saljan#1,V-
1468,heiwafrauja,Nb
1469,saliþwos,Nb
1470,taiknjan,V-
1471,ga-straujan,V-
1472,manwus,A-
1473,lewjan,V-
1474,triu,Nb
1475,bandwo,Nb
1476,kukjan,V-
1477,greipan,V-
1478,tiuhan,V-
1479,arniba,Df
1480,us-lagjan,V-
1481,at-standan,V-
1482,juggalauþs,Nb
1483,bi-waibjan,V-
1484,lein,Nb
1485,warmjan,V-
1486,gafaurds,Nb
1487,galiug,Nb
1488,samaleiks,A-
1489,handuwaurhts,A-
1490,unhanduwaurhts,A-
1491,dis-skreitan,V-
1492,wlits,Nb
1493,huljan,V-
1494,dalaþa,Df
1495,faura-standan,V-
1496,laugnjan,V-
1497,drobjan,V-
1498,in-wagjan,V-
1499,fulla-fahjan,V-
1500,innana,Df
1501,praitoriaun,Nb
1502,hansa,Nb
1503,paurpura,Nb
1504,þaurneins,A-
1505,wipja,Nb
1506,us-windan,V-
1507,bi-speiwan,V-
1508,and-wasjan,V-
1509,swes,A-
1510,Kwreinaius#2,Nb
1511,Alaiksandrus,Ne
1512,Rufus,Ne
1513,Gaulgauþa,Ne
1514,ƕairnei*,Nb
1515,smwrn*,Nb
1516,dis-dailjan,V-
1517,hlauts,Nb
1518,ufarmeli,Nb
1519,ufar-meljan,V-
1520,rahnjan,V-
1521,wiþon,V-
1522,ailoe,F-
1523,ga-fulljan,V-
1524,at-hafjan,V-
1525,uz-anan,V-
1526,Salome,Ne
1527,miþ-gaggan,V-
1528,gaguþs*,A-
1529,ragineis,Nb
1530,ana-nanþjan,V-
1531,ga-draban,V-
1532,at-walwjan,V-
1533,in-wisan,V-
1534,aromata,Nb
1535,afarsabbate,Nb
1536,af-walwjan,V-
1537,taihswa,Nb
1538,dis-sitan,V-
1539,usfilmei,Nb
1540,farws?,Nb
1541,ainlif*,Ma
1542,uf-daupjan,V-
1543,waurms,Nb
1544,ingibs?,Nb
1545,agljan*,V-
1546,unhails,A-
1547,gawaurstwa,Nb
1548,tulgjan,V-
1549,Lukas,Ne
1550,insahts,Nb
1551,ga-fullaweisjan,V-
1552,silbasiuneis*,Nb
1553,glaggwuba,Df
1554,gahahjo,Df
1555,Þaiaufeilus,Ne
1556,ga-laisjan,V-
1557,Zakarias,Ne
1558,afara,Nb
1559,Abia,Ne
1560,Aharon,Ne
1561,Aileisabaiþ,Ne
1562,bai,A-
1563,unwahs,A-
1564,stairo,Nb
1565,framaldrs,A-
1566,gudjinon,V-
1567,wiko,Nb
1568,biuhti,Nb
1569,gudjinassus,Nb
1570,þwmiama,Nb
1571,siuns,Nb
1572,ga-drobnan,V-
1573,dis-driusan,V-
1574,duþe,G-
1575,swegniþa,Nb
1576,leiþu,Nb
1577,nauhþan,Df
1578,faura-qiman,V-
1579,untals,A-
1580,frodei,Nb
1581,ga-fahrjan,V-
1582,biƕe,Df
1583,Gabriel,Ne
1584,latjan,V-
1585,ga-wisan,V-
1586,inkilþo,Nb
1587,menoþs,Nb
1588,idweit,Nb
1589,magaþs*,Nb
1590,fragifts,Nb
1591,ansts,Nb
1592,audahafts,A-
1593,ga-þlahsnan,V-
1594,innatgāhts*,Nb
1595,goleins,Nb
1596,kilþei,Nb
1597,þiudanon,V-
1598,ajukdūþs*,Nb
1599,niþjo,Nb
1600,aldomin,Nb
1601,bairgahei,Nb
1602,swe,G-
1603,laikan,V-
1604,qiþus,Nb
1605,uf-wopjan,V-
1606,sunsei,G-
1607,ustauhts,Nb
1608,swegnjan,V-
1609,nasjands,Nb
1610,hnaiweins,Nb
1611,audagjan,V-
1612,mikilei,Nb
1613,armahairtei,Nb
1614,alds,Nb
1615,swinþei,Nb
1616,dis-tahjan,V-
1617,mikilþuhts,A-
1618,ga-drausjan,V-
1619,ga-hnaiwjan,V-
1620,gabignan,V-
1621,laus,A-
1622,hleibjan,V-
1623,ga-mikiljan,V-
1624,miþ-faginon,V-
1625,ahtuda,Mo
1626,bi-maitan,V-
1627,ga-bandwjan,V-
1628,spilda,Nb
1629,munþs,Nb
1630,bi-sitan,V-
1631,uslauseins,Nb
1632,haurn,Nb
1633,naseins,Nb
1634,hatan,V-
1635,triggwa,Nb
1636,unagein,Df
1637,kunþi,Nb
1638,aflet*,Nb
1639,hauhiþa,Nb
1640,gáraihtjan,V-
1641,swinþnan,V-
1642,ustaikneins,Nb
1643,gagrefts,Nb
1644,Agustus,Ne
1645,midjungards,Nb
1646,gilstrameleins,Nb
1647,raginon,V-
1648,Saur,Nb
1649,Kwreinaius#1,Ne
1650,Beþlaihaim,Ne
1651,fadreins,Nb
1652,ana-meljan,V-
1653,frumabaur,Nb
1654,uzeta*,Nb
1655,rūmis*,Nb
1656,þairh-wakan,V-
1657,wahtwom,Nb
1658,ufaro,R-
1659,ana-qiman,V-
1660,bi-skeinan,V-
1661,harjis,Nb
1662,himinakunds,A-
1663,hazjan,V-
1664,ga-kannjan,V-
1665,sniumjan,V-
1666,ahtau,Ma
1667,hraineins,Nb
1668,at-satjan,V-
1669,gumakunds,A-
1670,gajuk,Nb
1671,hraiwadūbo,Nb
1672,Swmaion,Ne
1673,gudafaurhts,A-
1674,laþons,Nb
1675,inn-attiuhan,V-
1676,berusjos,Nb
1677,þande,Df
1678,andhuleins,Nb
1679,and-sakan,V-
1680,Anna,Ne
1681,praufeteis,Nb
1682,Fanuel,Ne
1683,Aser*,Ne
1684,magaþei,Nb
1685,widuwo,Nb
1686,ahtautehund,Ma
1687,us-beidan,V-
1688,fullnan,V-
1689,wraton,V-
1690,twalibwintrus,A-
1691,magus,Nb
1692,gasinþja*,Nb
1693,kunþs,A-
1694,andawaurdi,Nb
1695,þeihan,V-
1696,fimftataihunda,Mo
1697,Teibairius,Ne
1698,fidurragini,Nb
1699,Ituraia,Ne
1700,Trakauneitidaus,Ne
1701,Lwsanius*,Ne
1702,Abeileni,Ne
1703,Annas,Ne
1704,Kajafa,Ne
1705,fralet,Nb
1706,hlaine,Nb
1707,wraiqs,A-
1708,usdrusts,Nb
1709,slaihts,A-
1710,nadre,Nb
1711,ga-taiknjan,V-
1712,hatis,Nb
1713,aqizi,Nb
1714,unbairands,V-
1715,an,Df
1716,unhabands,V-
1717,garaiþs*,A-
1718,militon,V-
1719,holon,V-
1720,waldan,V-
1721,anno,Nb
1722,wenjan,V-
1723,winþiskauro,Nb
1724,gaþrask,Nb
1725,ahana,Nb
1726,in-tandjan,V-
1727,þiuþ-spillon,V-
1728,taitrarkes,Nb
1729,gakunþs,Nb
1730,munan#1,V-
1731,Helei,Ne
1732,Matþat,Ne
1733,Mailkei*,Ne
1734,Janna,Ne
1735,Mattaþius*,Ne
1736,Ammo*,Ne
1737,Naum,Ne
1738,Aizleim,Ne
1739,Naggai*,Ne
1740,Mahaþ*,Ne
1741,Saimaiein,Ne
1742,Ioda,Ne
1743,Iohanna#1,Ne
1744,Resa*,Ne
1745,Zauraubabil,Ne
1746,Salaþiel,Ne
1747,Nerins,Ne
1748,Addei*,Ne
1749,Kosam,Ne
1750,Airmodam,Ne
1751,Her,Ne
1752,Aileiaizair,Ne
1753,Ioreim,Ne
1754,Mattaþanis,Ne
1755,Aileiakeim,Ne
1756,Mailaian*,Ne
1757,Maeinan*,Ne
1758,Naþan,Ne
1759,Iaissaizis,Ne
1760,Obeid*,Ne
1761,Bauauz*,Ne
1762,Salmon,Ne
1763,Nahasson,Ne
1764,Ameinadab*,Ne
1765,Aram,Ne
1766,Aizor,Ne
1767,Farais*,Ne
1768,Þara,Ne
1769,Nakor,Ne
1770,Sairok,Ne
1771,Ragaw*,Ne
1772,Falaig,Ne
1773,Aibair,Ne
1774,Salamis,Ne
1775,Kaeinan,Ne
1776,Arfaksad*,Ne
1777,Sem,Ne
1778,Nauel,Ne
1779,Lamaik,Ne
1780,Maþusalis,Ne
1781,Ainok,Ne
1782,Iaredis,Ne
1783,Malailaiel,Ne
1784,Ainos,Ne
1785,Seþ*,Ne
1786,Adam,Ne
1787,diabaulus,Nb
1788,stiks*,Nb
1789,gibla,Nb
1790,þaþro,Df
1791,uf-haban,V-
1792,ga-stagqjan,V-
1793,af-standan,V-
1794,siggwan,V-
1795,ga-malwjan,V-
1796,fra-hinþan,V-
1797,gamaiþs*,A-
1798,gaþrafsteins,Nb
1799,andanems,A-
1800,falþan,V-
1801,fair-weitjan,V-
1802,ga-luknan,V-
1803,huhrus,Nb
1804,Saraipta,Ne
1805,Haileisaius,Ne
1806,Naiman,Ne
1807,af-drausjan,V-
1808,af-dobnan,V-
1809,ga-skaþjan,V-
1810,ana-haban,V-
1811,sigqan,V-
1812,ainƕarjizuh,Px
1813,ana-lagjan,V-
1814,ana-trimpan,V-
1815,saiws,Nb
1816,Gainnesaraiþ,Ne
1817,us-þwahan,V-
1818,ga-andjan,V-
1819,diupiþa,Nb
1820,at-hahan,V-
1821,fiskon,V-
1822,talzjands,Nb
1823,þairh-arbaidjan,V-
1824,dis-hnupnan,V-
1825,gaman,Nb
1826,sildaleik,Nb
1827,dis-haban,V-
1828,gafāh*,Nb
1829,gadaila,Nb
1830,us-mernan,V-
1831,lekinon,V-
1832,witodalaisareis,Nb
1833,inn-atbairan,V-
1834,skalja*,Nb
1835,bi-þagkjan,V-
1836,wulþags,A-
1837,motastaþs*,Nb
1838,dauhts,Nb
1839,bi-rodjan,V-
1840,af-taurnan,V-
1841,ga-timan,V-
1842,bnauan,V-
1843,silba,Pp
1844,ƕaiwa,Dq
1845,jau,Du
1846,til,Nb
1847,unfrodei,Nb
1848,namnjan,V-
1849,Zelotes*,Ne
1850,ibns,A-
1851,uf-hlohjan,V-
1852,af-skaidan,V-
1853,gaþlaihts,Nb
1854,hlahjan,V-
1855,gaunon,V-
1856,samalauþs*,A-
1857,uswena,A-
1858,unfagrs,A-
1859,bleiþjan,V-
1860,bleiþs,A-
1861,stojan,V-
1862,ufarfulls,A-
1863,ga-wigan,V-
1864,ufar-giutan,V-
1865,barms,Nb
1866,mitadjo,Nb
1867,gramsta,Nb
1868,ans*,Nb
1869,trudan,V-
1870,ufarfullei,Nb
1871,timrjan,V-
1872,graban,V-
1873,ga-diupjan,V-
1874,grunduwaddjus,Nb
1875,garunjo,Nb
1876,flodus,Nb
1877,uswalteins,Nb
1878,siukan,V-
1879,swultawairþja,Nb
1880,swers,A-
1881,usdaudo,Df
1882,afardags,Nb
1883,Naem,Ne
1884,ūt-bairan,V-
1885,naus,Nb
1886,ainaha,A-
1887,ƕilftrjom,Nb
1888,us-sitan,V-
1889,airus,Nb
1890,domjan,V-
1891,witodafasteis,Nb
1892,weindrugkja,Nb
1893,ga-sunjon,V-
1894,alabalstraun,Nb
1895,natjan,V-
1896,skufta,Nb
1897,bi-swairban,V-
1898,dulgis,Nb
1899,dulgahaitja,Nb
1900,ga-wenjan,V-
1901,ga-natjan,V-
1902,sweiban,V-
1903,bi-kukjan,V-
1904,waila-spillon,V-
1905,ga-leikinon,V-
1906,Iohanna#2,Ne
1907,Kusa,Ne
1908,fauragaggja,Nb
1909,Susanna,Ne
1910,aigin,Nb
1911,ga-trudan,V-
1912,qrammiþa,Nb
1913,miþ-uskeinan,V-
1914,gabaurjoþus,Nb
1915,ga-wrisqan,V-
1916,sels,A-
1917,þulains,Nb
1918,tandjan,V-
1919,dis-huljan,V-
1920,and-qiþan,V-
1921,marisaiws,Nb
1922,farjan,V-
1923,ana-slepan,V-
1924,birekjai,Nb
1925,ana-slawan,V-
1926,at-farjan,V-
1927,bindan,V-
1928,eisarnabandi,Nb
1929,fotubandi,Nb
1930,dis-hniupan,V-
1931,afgrundiþa,Nb
1932,wreþus,Nb
1933,us-spillon,V-
1934,swiltan,V-
1935,bi-ƕairban,V-
1936,at-driusan,V-
1937,flokan*,V-
1938,fadrein,Nb
1939,walus,Nb
1940,tweihnos,A-
1941,af-hrisjan,V-
1942,lekinassus*,Nb
1943,hneiwan,V-
1944,kubitus,Nb
1945,faur-lagjan,V-
1946,af-lifnan,V-
1947,þaurfts,Nb
1948,gawaseins,Nb
1949,skeinan,V-
1950,miþ-rodjan,V-
1951,urruns#2,Nb
1952,kaurjan,V-
1953,sleps*,Nb
1954,ga-waknan,V-
1955,miþ-standan,V-
1956,hleiþra,Nb
1957,ƕaþo,Nb
1958,halisaiw,Df
1959,af-linnan,V-
1960,andanumts,Nb
1961,ga-tulgjan,V-
1962,Samareites,Nb
1963,qistjan,V-
1964,ga-spillon,V-
1965,hoha,Nb
1966,us-taiknjan,V-
1967,sibuntehund,Ma
1968,munan#2,V-
1969,pugg,Nb
1970,gaskohi,Nb
1971,ga-ƕeilan,V-
1972,faran,V-
1973,fauradauri,Nb
1974,stubjus,Nb
1975,ga-haftnan,V-
1976,ga-ïdreigon,V-
1977,lauhmuni*,Nb
1978,skaurpjo,Nb
1979,af-filhan,V-
1980,snutrs*,A-
1981,niuklahs,A-
1982,fra-rinnan,V-
1983,bi-raubon,V-
1984,banja*,Nb
1985,hauhis,Df
1986,hnaiwjan,V-
1987,undaurnimats,Nb
1988,niþjis,Nb
1989,garazna,Nb
1990,us-gildan,V-
1991,faur-qiþan,V-
1992,juk,Nb
1993,auhsa,Nb
1994,þwairhs,A-
1995,gatwo,Nb
1996,nauþjan,V-
1997,faura,Df
1998,timbrjan,V-
1999,manwiþa,Nb
2000,du-stodjan,V-
2001,stigqan,V-
2002,wigana,Nb
2003,af-qiþan,V-
2004,ga-supon,V-
2005,maihstus,Nb
2006,fagrs*,A-
2007,neƕjan,V-
2008,miþ-matjan,V-
2009,fra-liusan,V-
2010,niuntehund,Ma
2011,niun,Ma
2012,ams*,Nb
2013,drakma*,Nb
2014,us-baugjan,V-
2015,glaggwaba,Df
2016,frijondi,Nb
2017,garazno,Nb
2018,und-rinnan,V-
2019,dails,Nb
2020,swes,Nb
2021,usstiuriba,Df
2022,fra-wisan,V-
2023,abrs,A-
2024,alaþarba,A-
2025,ga-haftjan,V-
2026,baurgja,Nb
2027,itan,V-
2028,hals,Nb
2029,figgragulþ,Nb
2030,stiur,Nb
2031,aljan,V-
2032,uf-sneiþan,V-
2033,wisan#2,V-
2034,ga-qiunan,V-
2035,alþeis,A-
2036,neƕ,R-
2037,saggws,Nb
2038,laiks,Nb
2039,ufar-gaggan,V-
2040,gaitein*,Nb
2041,bi-wisan,V-
2042,kalkjom,Nb
2043,fra-wrohjan,V-
2044,raþjo,Nb
2045,fauragaggi,Nb
2046,and-þagkjan,V-
2047,faihuskula,Nb
2048,inwindiþa,Nb
2049,faihuþraihna,Nb
2050,triggws,A-
2051,untriggws,A-
2052,framaþeis*,A-
2053,þius*,Nb
2054,andizuh,C-
2055,and-tilon,V-
2056,faihufriks,A-
2057,bi-mampjan,V-
2058,jūzei,Pr
2059,andasets,A-
2060,hindar-leiþan,V-
2061,writs,Nb
2062,bwssaun,Nb
2063,Lazarus,Ne
2064,at-rinnan,V-
2065,bi-laigon,V-
2066,bairabagms,Nb
2067,us-lausjan,V-
2068,arjan,V-
2069,bi-gairdan,V-
2070,ga-drigkan,V-
2071,þank,Nb
2072,fair-haitan,V-
2073,unbrūks,A-
2074,Samaria,Ne
2075,aljakuns,A-
2076,atwitains*,Nb
2077,lauhatjan,V-
2078,arka,Nb
2079,midjasweipains,Nb
2080,Loþ*,Ne
2081,swibla,Nb
2082,ibuks,A-
2083,malan,V-
2084,jaindre,Df
2085,ara,Nb
2086,usgrudja,A-
2087,aistan,V-
2088,fra-weitan,V-
2089,andastaþjis,Nb
2090,us-agljan,V-
2091,ga-wrikan,V-
2092,wilwa,Nb
2093,hors,Nb
2094,af-dailjan,V-
2095,taihunda,Mo
2096,ga-staldan,V-
2097,brusts,Nb
2098,hulþs,A-
2099,raþizo,A-
2100,managfalþs,A-
2101,gafulgins,A-
2102,hazeins,Nb
2103,guma,Nb
2104,Zakkaius,Ne
2105,bi-þragjan,V-
2106,iup,Df
2107,us-saljan,V-
2108,af-holon,V-
2109,fidurfalþs,A-
2110,fra-gildan,V-
2111,godakunds,A-
2112,fra-niman,V-
2113,daila,Nb
2114,kaupon,V-
2115,at-wandjan,V-
2116,silubr,Nb
2117,hardus,A-
2118,lats,A-
2119,wokra,Nb
2120,asilus,Nb
2121,uf-straujan,V-
2122,ibdaljin,Nb
2123,alewabagms,Nb
2124,iþ,Df
2125,bi-graban,V-
2126,graba,Nb
2127,bi-standan,V-
2128,ga-ïbnjan,V-
2129,niuhseins,Nb
2130,hāhan#2,V-
2131,triggwaba,Df
2132,aurtja,Nb
2133,un-sweran,V-
2134,ga-wundon,V-
2135,ga-kroton,V-
2136,dis-winþjan,V-
2137,ferja*,Nb
2138,reiki,Nb
2139,and-saiƕan,V-
2140,gild,Nb
2141,unbarnahs,A-
2142,niutan,V-
2143,ibna,A-
2144,psalmon,Nb
2145,Tibairiadeis,Ne
2146,magula,Nb
2147,barizeins,A-
2148,spaurds,Nb
2149,twai tigjus,Ma
2150,miþ-qiman,V-
2151,Tibairiadau,Ne
2152,ga-steigan,V-
2153,ga-sigljan,V-
2154,manna#1,Nb
2155,framwigis,Df
2156,huggrjan,V-
2157,þaursjan,V-
2158,þeei,G-
2159,at-þinsan,V-
2160,þatei,Df
2161,dragk,Nb
2162,frumisti,Nb
2163,hleþrastakeins,Nb
2164,analaugnei,Nb
2165,bairhtjan,V-
2166,analaugniba,Df
2167,birodeins,Nb
2168,balþaba,Df
2169,unuslaisiþs,V-
2170,bimait,Nb
2171,hatizon,V-
2172,Iairusaulwmeite,Nb
2173,andaugiba,Df
2174,ƕadre,Du
2175,nibai#2,Df
2176,distaheins*,Nb
2177,gameleins,Nb
2178,missaqiss,Nb
2179,fāhan,V-
2180,Nikaudemus,Ne
2181,us-sokjan,V-
2182,sunjis*,A-
2183,ƕaþ,Du
2184,gazaufwlakio,Nb
2185,dalaþro,Df
2186,leikan,V-
2187,freis,A-
2188,ga-motan*,V-
2189,taui,Nb
2190,maþlein,Nb
2191,manamaurþrja,Nb
2192,liugn,Nb
2193,liugnja,Nb
2194,hauheins,Nb
2195,sifan,V-
2196,bairhts,A-
2197,ga-speiwan,V-
2198,fani,Nb
2199,spaiskuldra,Nb
2200,ga-smeitan,V-
2201,swumfsl,Nb
2202,Siloam,Ne
2203,af-þwahan,V-
2204,bidagwa,Nb
2205,bi-smeitan,V-
2206,bi-þwahan,V-
2207,uswahsans,V-
2208,ga-qiþan,V-
2209,laian*,V-
2210,gudblostreis,Nb
2211,unsaiƕands,V-
2212,eiþan,Df
2213,þairh-wisan,V-
2214,garda,Nb
2215,steigan,V-
2216,aljaþro,Df
2217,hliftus,Nb
2218,daurawards,Nb
2219,winja,Nb
2220,af-þliuhan,V-
2221,awistr*,Nb
2222,aweþi,Nb
2223,af-lagjan,V-
2224,dwalmon,V-
2225,inniujiþa,Nb
2226,ubizwa*,Nb
2227,hāhan#1,V-
2228,stainjan,V-
2229,ga-weihan,V-
2230,Marþa,Ne
2231,siukei,Nb
2232,jaind,Df
2233,ga-stigqan,V-
2234,ga-slepan,V-
2235,us-wakjan,V-
2236,Didimus,Ne
2237,gahlaiba,Nb
2238,fimftaihun,Ma
2239,ga-þrafstjan,V-
2240,wiþra-gaggan,V-
2241,-ba,G-
2242,þiubjo,Df
2243,in-rauhtjan,V-
2244,tagrjan,V-
2245,hulundi,Nb
2246,ufar-lagjan,V-
2247,ufaro,Df
2248,fūls,A-
2249,fidūrdogs,A-
2250,fāskja*,Nb
2251,aurali*,Nb
2252,bi-bindan,V-
2253,pund,Nb
2254,nardus,Nb
2255,pistikeins,A-
2256,filugalaufs*,A-
2257,dauns,Nb
2258,salbons,Nb
2259,skaftjan,V-
2260,þrija hunda,Ma
2261,fra-dailjan,V-
2262,inn-wairpan,V-
2263,gafilh*,Nb
2264,peikabagms,Nb
2265,wiþra-gamotjan,V-
2266,Sion,Ne
2267,ga-sweran,V-
2268,ƕaiteis*,Nb
2269,bairgan,V-
2270,hauseins,Nb
2271,ga-blindjan,V-
2272,ga-daubjan,V-
2273,mannisks,A-
2274,frisahts,Nb
2275,fairzna,Nb
2276,in-drobnan,V-
2277,frijaþwa,Nb
2278,augjan,V-
2279,parakletus,Nb
2280,widuwairna*,Nb
2281,ga-maudjan,V-
2282,maþljan,V-
2283,weinatriu,Nb
2284,tains,Nb
2285,weinatains,Nb
2286,in-brannjan,V-
2287,sniwan,V-
2288,nih,G-
2289,inilo,Nb
2290,arwjo,Df
2291,af-marzjan,V-
2292,dreiban,V-
2293,gauriþa,Nb
2294,garaihtiþa,Nb
2295,fra-bairan,V-
2296,þanuh,Pr
2297,ga-jiukan,V-
2298,weihan#2,V-
2299,kannjan,V-
2300,rinno,Nb
2301,Kaidron,Ne
2302,aurtigards,Nb
2303,jaindwairþs,A-
2304,skeimam,Nb
2305,haizam,Nb
2306,wepna,Nb
2307,Malkus,Ne
2308,fodr,Nb
2309,swaihra,Nb
2310,weiha,Nb
2311,ataþni*,Nb
2312,ga-raginon,V-
2313,miþ-inngaleiþan,V-
2314,daurawarda,Nb
2315,daurawardo,Nb
2316,hauri,Nb
2317,gudhūs,Nb
2318,bi-saulnan,V-
2319,wrohs,Nb
2320,ubiltojis,A-
2321,waitei,Df
2322,us-daudjan,V-
2323,paurpuroþs,A-
2324,waips,Nb
2325,hramjan,V-
2326,fraujinon,V-
2327,ufwaira,A-
2328,winno,Nb
2329,niujiþa,Nb
2330,fairniþa,Nb
2331,lew,Nb
2332,nawis,A-
2333,simle,Df
2334,us-luton,V-
2335,ahmeins,A-
2336,leikeins,A-
2337,gaqiss,A-
2338,bauan,V-
2339,at-ligan,V-
2340,gawizneigs,A-
2341,innuma,A-
2342,and-waihan*,V-
2343,wainahs,A-
2344,wargiþa,Nb
2345,galeiki*,Nb
2346,aggwiþa,Nb
2347,naqadei,Nb
2348,sleiþei,Nb
2349,ga-dauþjan,V-
2350,slauhts,Nb
2351,jiukan,V-
2352,ga-trauan,V-
2353,liugan#2,V-
2354,miþ-weitwodjan,V-
2355,miþwissei,Nb
2356,unƕeila,A-
2357,us-bidan,V-
2358,anaþaima,Nb
2359,samakuns*,A-
2360,Israeleites,Nb
2361,frastisibja,Nb
2362,garaideins,Nb
2363,skalkinassus,Nb
2364,gahait,Nb
2365,us-driusan,V-
2366,Sarra,Ne
2367,þatain,Df
2368,Raibaikka,Ne
2369,galigri,Nb
2370,gawaleins,Nb
2371,muns,Nb
2372,Esaw,Ne
2373,Farao*,Nb
2374,raisjan,V-
2375,ga-hardjan,V-
2376,faian,V-
2377,and-waurdjan,V-
2378,gadigis,Nb
2379,digan,V-
2380,þāho,Nb
2381,daigs,Nb
2382,galaufs*,A-
2383,ungalaufs*,A-
2384,þwairhei,Nb
2385,us-kannjan,V-
2386,laggamodei,Nb
2387,faura-gamanwjan,V-
2388,Osaiin,Ne
2389,unliufs,A-
2390,Sabaoþ,Ne
2391,Gaumaurra,Ne
2392,ga-sniwan,V-
2393,bistugq,Nb
2394,hallus,Nb
2395,gamarzeins,Nb
2396,ga-aiwiskon,V-
2397,aljan,Nb
2398,unkunnands,V-
2399,stiurjan,V-
2400,ganists,Nb
2401,gaskaideins,Nb
2402,Kreks,Nb
2403,ana-haitan,V-
2404,skauns*,A-
2405,gahauseins,Nb
2406,drunjus,Nb
2407,unþiuda,Nb
2408,unfraþjands,V-
2409,ga-sokjan,V-
2410,us-braidjan,V-
2411,af-skiuban,V-
2412,wanains,Nb
2413,ƕaiwa,Df
2414,uswaurpa,Nb
2415,ufarskafts,Nb
2416,us-bruknan,V-
2417,wilþeis,A-
2418,in-trusgjan,V-
2419,smairþr,Nb
2420,ƕopan,V-
2421,háuhaba,Df
2422,freidjan,V-
2423,selei,Nb
2424,ƕassei,Nb
2425,wists,Nb
2426,unweis,A-
2427,daubei,Nb
2428,af-wandjan,V-
2429,afgudei,Nb
2430,suman,Df
2431,bleiþei,Nb
2432,andaþāhts,A-
2433,blotinassus,Nb
2434,ananiujiþa*,Nb
2435,ga-kiusan,V-
2436,þau,G-
2437,dailjan,V-
2438,allawerei,Nb
2439,usdaudei,Nb
2440,hlasei,Nb
2441,unliuts,A-
2442,haftjan,V-
2443,broþrulubo,Nb
2444,friaþwamildjai,A-
2445,sweriþa,Nb
2446,faura-rahnjan,V-
2447,wulan,V-
2448,wens,Nb
2449,us-þulan,V-
2450,andawizns,Nb
2451,gastigodei,Nb
2452,ga-laistjan,V-
2453,un-þiuþjan,V-
2454,hnaiws,A-
2455,miþ-gawisan,V-
2456,inahs,A-
2457,fraweit,Nb
2458,gredon,V-
2459,rikan,V-
2460,ufar-wisan,V-
2461,gilstr,Nb
2462,gabaur,Nb
2463,faihu-geigan,V-
2464,usfulleins,Nb
2465,þeihs,Nb
2466,neƕ,Df
2467,sarwa,Nb
2468,garedaba,Df
2469,gabaur*#2,Nb
2470,drugkanei,Nb
2471,aglaiti*,Nb
2472,haifsts,Nb
2473,ga-hamon,V-
2474,tweifleins,Nb
2475,ga-stoþan,V-
2476,biugan,V-
2477,gawamms,A-
2478,gaurjan,V-
2479,timreins,Nb
2480,faura-gameljan,V-
2481,þrafsteins,Nb
2482,gawiljis*,A-
2483,liuþon,V-
2484,lubains,Nb
2485,Lukius,Ne
2486,Iasson,Ne
2487,Soseipatrus,Ne
2488,Tairtius,Ne
2489,aipistaule,Nb
2490,Gaïus,Ne
2491,wairdus,Nb
2492,aikklesjo,Nb
2493,Airastus,Ne
2494,Qartus,Ne
2495,Rūmoneis*,Ne
2496,Kaurinþon,Ne
2497,Pawlus,Ne
2498,Appaullo*,Ne
2499,Kefas,Ne
2500,Krispus,Ne
2501,Staifanus,Ne
2502,gadauka*,Nb
2503,snutrei,Nb
2504,fra-lusnan,V-
2505,dwaliþa,Nb
2506,handugs,A-
2507,sokareis,Nb
2508,wailamereins,Nb
2509,miþ-witan,V-
2510,ga-liuhtjan,V-
2511,þairh-gáleikon,V-
2512,uf-blesan,V-
2513,wainei,I-
2514,miþ-þiudanon,V-
2515,dauþubleis,A-
2516,fairweitl,Nb
2517,ungastoþs,A-
2518,ga-stojan,V-
2519,ƕoftuli,Nb
2520,ga-beistjan,V-
2521,us-hrainjan,V-
2522,unbeistjoþs*,V-
2523,dulþjan,V-
2524,balwawesei,Nb
2525,unbeistei*,Nb
2526,unwammei,Nb
2527,blandan,V-
2528,ubilwaurds,A-
2529,inna,Df
2530,gaqiss,Nb
2531,uhteigs,A-
2532,ungahobains,Nb
2533,ga-kunnan#1,V-
2534,haiti,Nb
2535,unqeniþs*,V-
2536,in-tundnan,V-
2537,liuga,Nb
2538,hafts,A-
2539,ga-skaidnan,V-
2540,unliugaiþs*,V-
2541,ga-gáwairþjan,V-
2542,ga-þiwan,V-
2543,faurafilli,Nb
2544,karon,V-
2545,þauhjabai,G-
2546,brūkjan,V-
2547,fralets,Nb
2548,wairþ,Nb
2549,at-laþon,V-
2550,ragin,Nb
2551,galiugaguþ,Nb
2552,ga-saljan,V-
2553,witubni,Nb
2554,mimz,Nb
2555,sigljo,Nb
2556,apaustaulei,Nb
2557,andahafts,Nb
2558,Barnabas,Ne
2559,drauhtinon,V-
2560,miluks*,Nb
2561,faur-mūljan,V-
2562,auhsus,Nb
2563,þriskan,V-
2564,witodalaus,A-
2565,inwitoþs,A-
2566,aiwaggeli,Nb
2567,sigislaun,Nb
2568,haifstjan,V-
2569,ga-þarban,V-
2570,riureis*,A-
2571,unriureis*,A-
2572,unwiss*,A-
2573,luftu,Nb
2574,wlizjan,V-
2575,ana-þiwan,V-
2576,þiuþiqiss,Nb
2577,gamainduþs,Nb
2578,brikan,V-
2579,fair-aihan,V-
2580,in-aljanon,V-
2581,bi-nah,V-
2582,dugan,V-
2583,skilja*,Nb
2584,and-hruskan,V-
2585,and-sitan,V-
2586,þuhtus,Nb
2587,frijei,Nb
2588,ana-qiþan,V-
2589,jaþþe,C-
2590,unufbrikands,V-
2591,brūks,A-
2592,bi-skaban,V-
2593,skaban,V-
2594,agls,A-
2595,kapillon,V-
2596,unwairþaba,Df
2597,skeireins,Nb
2598,lasiws,A-
2599,þaurfts,A-
2600,klismo,Nb
2601,klismjan,V-
2602,praufetja,Nb
2603,miþ-satjan,V-
2604,fra-atjan,V-
2605,aihts,Nb
2606,ga-brannjan,V-
2607,bota,Nb
2608,usbeisneigs,A-
2609,aljanon,V-
2610,flautjan,V-
2611,aiwiskon,V-
2612,in-gramjan,V-
2613,ga-beidan,V-
2614,jaþþe,G-
2615,ga-taurnan,V-
2616,barniskei,Nb
2617,skuggwa,Nb
2618,barnisks,A-
2619,fullaweis,A-
2620,bandwa,Nb
2621,sauþa,Nb
2622,ga-nawistron,V-
2623,smalista,A-
2624,ikei,Pr
2625,halks,A-
2626,us-aiwjan,V-
2627,mereins,Nb
2628,arms*#1,A-
2629,tewa*,Nb
2630,qums,Nb
2631,uf-hnaiwjan,V-
2632,weihan#1,V-
2633,Aifaiso*,Ne
2634,riurjan,V-
2635,sidus,Nb
2636,gawaurdi,Nb
2637,us-skarjan,V-
2638,garaihtaba,Df
2639,unkunþi,Nb
2640,aiwiski,Nb
2641,muldeins,A-
2642,ufarhiminakunds,A-
2643,airþeins,A-
2644,riurei,Nb
2645,unriurei,Nb
2646,arbjo,Nb
2647,braƕa,Nb
2648,þuthaurn,Nb
2649,þuthaurnjan,V-
2650,diwan,V-
2651,undiwanei,Nb
2652,þanuh,G-
2653,uf-saggqjan,V-
2654,sigis,Nb
2655,gazds,Nb
2656,awiliuþ,Nb
2657,tulgus,A-
2658,ungawagiþs*,V-
2659,ufar-fulljan,V-
2660,arbaiþs,Nb
2661,ga-raidjan,V-
2662,Galateis,Nb
2663,huhjan,V-
2664,Makidonja,Ne
2665,ga-sandjan,V-
2666,paintekuste*,Nb
2667,waurstweigs,A-
2668,Teimauþaius,Ne
2669,unagands,V-
2670,uhtiugs,A-
2671,wakan,V-
2672,wairaleiko,Df
2673,ga-þwastjan,V-
2674,Akajus*,Ne
2675,Faurtunatus,Ne
2676,Akaïkus,Ne
2677,waninassus,Nb
2678,Asia,Ne
2679,Akwla,Ne
2680,Priska,Ne
2681,ingardja,A-
2682,frijons,Nb
2683,maran,F-
2684,aþa,F-
2685,Kaurinþius,Nb
2686,Filippai,Ne
2687,Akaja,Ne
2688,stiwiti*,Nb
2689,af-swaggwjan,V-
2690,weitwodei,Nb
2691,ainfalþei,Nb
2692,hlutrei,Nb
2693,us-mitan,V-
2694,aljis*,A-
2695,ana-kunnan,V-
2696,trauains,Nb
2697,leihts,A-
2698,Silbanus,Ne
2699,sigljan,V-
2700,wadi,Nb
2701,gailjan,V-
2702,ana-kaurjan,V-
2703,andabeit,Nb
2704,andaneiþa,A-
2705,kustus,Nb
2706,ga-aiginon,V-
2707,unwitands,V-
2708,Trauadai,Ne
2709,gaƕeilains,Nb
2710,Teitus,Ne
2711,twis-standan,V-
2712,hroþeigs,A-
2713,woþeis*,A-
2714,maidjan,V-
2715,hlutriþa,Nb
2716,swartiza,Nb
2717,staineins,A-
2718,wairþida,Nb
2719,ga-qiujan,V-
2720,ga-frisahtjan,V-
2721,nei,Df
2722,balþei,Nb
2723,hulistr,Nb
2724,af-daubnan,V-
2725,anakunnains,Nb
2726,unandhuliþs*,V-
2727,freihals,Nb
2728,þairh-saiƕan,V-
2729,in-gáleikon,V-
2730,warei,Nb
2731,liuhadeins,Nb
2732,liuhadei*,Nb
2733,ga-aggwjan,V-
2734,af-slauþjan,V-
2735,dauþeins,Nb
2736,faura-gasatjan,V-
2737,managnan,V-
2738,ufarassjan,V-
2739,ūtana,Df
2740,ana-niujan,V-
2741,kaurei*,Nb
2742,ungasaiƕans,V-
2743,swogatjan,V-
2744,ufar-hamon,V-
2745,af-hamon,V-
2746,ana-hamon,V-
2747,fra-slindan,V-
2748,afhaimeis*,A-
2749,waljan,V-
2750,anahaimeis*,A-
2751,fullaweisjan,V-
2752,fulla-fraþjan,V-
2753,ga-friþon,V-
2754,gafriþons,Nb
2755,airinon,V-
2756,ga-gáwairþnan,V-
2757,ga-hilpan,V-
2758,ana-wammjan,V-
2759,nauþs,Nb
2760,unsuti*,Nb
2761,wokains,Nb
2762,lausqiþrei,Nb
2763,swikniþa,Nb
2764,unhindarweis,A-
2765,unswerei,Nb
2766,wajamerei,Nb
2767,wailamerei*,Nb
2768,unkunþs,A-
2769,talzjan,V-
2770,gabigjan,V-
2771,dis-niman,V-
2772,ur-rūmnan,V-
2773,hairþra,Nb
2774,andalauni,Nb
2775,frasts,Nb
2776,gajuka,Nb
2777,ungaraihtei,Nb
2778,samaqiss,Nb
2779,Bailiam,Ne
2780,allwaldands,Nb
2781,hrainjan,V-
2782,bisauleins,Nb
2783,weihiþa,Nb
2784,bi-faihon,V-
2785,gawargeins,Nb
2786,miþ-gaswiltan,V-
2787,ana-praggan,V-
2788,waihjo,Nb
2789,gairnei,Nb
2790,gaunoþus,Nb
2791,ga-smiþon,V-
2792,ƕelauþs*,A-
2793,sunjons,Nb
2794,unwerein,Nb
2795,hlūtrs,A-
2796,filaus,Df
2797,ana-ƕeilan,V-
2798,ufhauseins,Nb
2799,managdūþs,Nb
2800,unledi,Nb
2801,us-managnan,V-
2802,silbawiljis*,A-
2803,usbloteins,Nb
2804,gamainei,Nb
2805,airkniþa,Nb
2806,kiusan,V-
2807,ga-unledjan,V-
2808,fairns*,A-
2809,faura-wisan,V-
2810,iusila,Nb
2811,ibnassus,Nb
2812,þarba,Nb
2813,usdauþs*,A-
2814,ga-tewjan,V-
2815,gasinþa,Nb
2816,bi-wandjan,V-
2817,fairinon,V-
2818,digrei,Nb
2819,ga-redan,V-
2820,ga-kausjan,V-
2821,rahton,V-
2822,ufjo,Df
2823,Makidoneis,Ne
2824,us-wagjan,V-
2825,faura-gasandjan,V-
2826,halba,Nb
2827,unmanwus,A-
2828,stomin,Nb
2829,naudiþaurfts,Nb
2830,faura-gahaitan,V-
2831,aiwlaugia,Nb
2832,wailaqiss,Nb
2833,bifaihon,Nb
2834,gaþagki,Nb
2835,þiuþeins,Nb
2836,faura-gahugjan,V-
2837,trigo,Nb
2838,ganauha,Nb
2839,uswaurhts,Nb
2840,and-staldan,V-
2841,managjan,V-
2842,aiwxaristia,Nb
2843,gaidw*,Nb
2844,gakusts,Nb
2845,andahait,Nb
2846,unusspilloþs*,V-
2847,qairrei,Nb
2848,mukamodei,Nb
2849,andaugi,Nb
2850,hauns,A-
2851,aljar,Df
2852,drauhtinassus,Nb
2853,gataurþs*,Nb
2854,tulgiþa,Nb
2855,manwuba,Df
2856,ufarhauseins,Nb
2857,þlahsjan,V-
2858,kaurjos,A-
2859,ga-mitan,V-
2860,fair-rinnan,V-
2861,uf-þanjan,V-
2862,ga-sniumjan,V-
2863,mikilnan,V-
2864,ufarjaina,Df
2865,ga-wadjon,V-
2866,Aiwwa,Ne
2867,filudeisei,Nb
2868,swiknei,Nb
2869,haunjan,V-
2870,ushaista,A-
2871,unkaureins*,Nb
2872,faur-dammjan,V-
2873,galiugaapaustaulus,Nb
2874,hindarweis,A-
2875,ga-gáleikon,V-
2876,unfroþs*,A-
2877,azetaba,Df
2878,unsweriþa,Nb
2879,ƕe,Df
2880,Haibraius,Ne
2881,wans,A-
2882,wandus,Nb
2883,usfarþo,Nb
2884,wratodus,Nb
2885,bireikei,Nb
2886,galiugabroþar,Nb
2887,gredus,Nb
2888,þaurstei,Nb
2889,friusa,Nb
2890,seiteins,A-
2891,tundnan,V-
2892,Damaskon,Ne
2893,Araita*,Ne
2894,augadauro,Nb
2895,snorjo,Nb
2896,baurgswaddjus,Nb
2897,unþa-þliuhan,V-
2898,fidwortaihun,Ma
2899,waggs*,Nb
2900,unqeþs*,A-
2901,filusna,Nb
2902,ufar-hafnan,V-
2903,hnuþo,Nb
2904,ufar-hugjan,V-
2905,ufar-hleiþrjan,V-
2906,anamahts,Nb
2907,wrekei,Nb
2908,þreihsl,Nb
2909,ga-baidjan,V-
2910,mins,Df
2911,skaþis,Nb
2912,laþaleiko,Df
2913,listeigs,A-
2914,hindarweisei,Nb
2915,miþ-insandjan,V-
2916,laists,Nb
2917,sunjon,V-
2918,gatimreins,Nb
2919,jiuka,Nb
2920,bihait,Nb
2921,ufswalleins,Nb
2922,drobna,Nb
2923,ga-haunjan,V-
2924,unhrainiþa,Nb
2925,ungakusans,V-
2926,Galatia*,Ne
2927,alja,G-
2928,in-wandjan,V-
2929,Saurais,Ne
2930,Kileikia*,Ne
2931,us-sakan,V-
2932,baidjan,V-
2933,uf-sliupan,V-
2934,bi-niuhsjan,V-
2935,ƕeilohun,Df
2936,ufhnaiweins,Nb
2937,wulþrs,Nb
2938,ana-insakan,V-
2939,Antiaukia*,Ne
2940,miþ-litjan,V-
2941,miþ-gatiuhan,V-
2942,litai,Nb
2943,þiudisko,Df
2944,iudaiwisko,Df
2945,iudaiwiskon,V-
2946,missa-taujan,V-
2947,af-hugjan,V-
2948,faura-meljan,V-
2949,ga-winnan,V-
2950,qinakunds,A-
2951,iusiza,A-
2952,fauragagga*,Nb
2953,garehsns,Nb
2954,stabeis,Nb
2955,sibja,Nb
2956,abba,F-
2957,fadar,Nb
2958,iupana,Df
2959,aþnam,Nb
2960,aiwaggeljan,V-
2961,and-speiwan,V-
2962,audagei,Nb
2963,us-letan,V-
2964,fitan,V-
2965,aljaleikoþs,V-
2966,Seina,Ne
2967,þiwadw,Nb
2968,Agar,Ne
2969,Arabia,Ne
2970,ga-markon,V-
2971,iupa,Df
2972,tarmjan,V-
2973,jukuzi*,Nb
2974,ga-magan,V-
2975,ga-latjan,V-
2976,gakunds,Nb
2977,marzeins,Nb
2978,beitan,V-
2979,lubjaleisei,Nb
2980,fijaþwa,Nb
2981,twisstass,Nb
2982,hairaiseis,Nb
2983,usbeisnei,Nb
2984,gahobains,Nb
2985,flauts,A-
2986,us-haitan,V-
2987,kauriþa,Nb
2988,fraþjamarzeins,Nb
2989,baurþei,Nb
2990,af-mauiþs*,V-
2991,þishun,Df
2992,samjan,V-
2993,ƕeh,Df
2994,gansjan,V-
2995,staks,Nb
2996,Rūma*,Ne
2997,Aifaisius*,Nb
2998,gasateins,Nb
2999,unwamms,A-
3000,faura-garedan,V-
3001,gadeþs*,Nb
3002,leikains,Nb
3003,ansteigs,A-
3004,faurbauhts,Nb
3005,ga-nohjan,V-
3006,faura-galeikan,V-
3007,faura-wenjan,V-
3008,gafreideins,Nb
3009,unsweibands,V-
3010,ufkunþi,Nb
3011,in-liuhtjan,V-
3012,fraujinassus,Nb
3013,gamitons,Nb
3014,miþ-gaqiujan,V-
3015,miþ-urraisjan,V-
3016,miþ-gasatjan,V-
3017,ana-gaggan,V-
3018,unbimaitans,V-
3019,usmet*,Nb
3020,trausti,Nb
3021,gudalaus,A-
3022,midgardiwaddjus,Nb
3023,atgagg*,Nb
3024,gabaurgja,Nb
3025,ana-timrjan,V-
3026,gatimrjo,Nb
3027,ga-gátilon,V-
3028,miþ-gatimrjan,V-
3029,gaarbja,Nb
3030,galeika*,Nb
3031,undarleija,Nb
3032,unfairlaistiþs*,V-
3033,filufáihs,A-
3034,in-swinþjan,V-
3035,braidei,Nb
3036,laggei,Nb
3037,hauhei,Nb
3038,diupei,Nb
3039,wairþaba,Df
3040,hauneins,Nb
3041,usbeisns,Nb
3042,ainamundiþa,Nb
3043,gabundi,Nb
3044,us-hinþan,V-
3045,hunþs*,Nb
3046,undaristo,A-
3047,aiwaggelista,Nb
3048,us-walugjan,V-
3049,uswandi*,Nb
3050,airzei,Nb
3051,ga-gáhaftjan,V-
3052,gawiss,Nb
3053,andstald*,Nb
3054,uswahsts,Nb
3055,uswissi*,Nb
3056,hugs*#1,Nb
3057,waurstwei,Nb
3058,us-laisjan,V-
3059,dis-sigqan,V-
3060,baitrei,Nb
3061,hrops,Nb
3062,armahairts,A-
3063,aglaitiwaurdei,Nb
3064,dwalawaurdei,Nb
3065,saldra,Nb
3066,ana-drigkan,V-
3067,usstiurei,Nb
3068,þwahl,Nb
3069,wamme,Nb
3070,maile,Nb
3071,ƕota,Nb
3072,wiljahalþei,Nb
3073,lists,Nb
3074,brakja,Nb
3075,us-waurkjan,V-
3076,uf-gairdan,V-
3077,ga-paidon,V-
3078,brunjo,Nb
3079,skildus*,Nb
3080,arƕazna,Nb
3081,funisks,A-
3082,hilms,Nb
3083,meki,Nb
3084,aihtrons,Nb
3085,kunawida,Nb
3086,Twkeikus,Ne
3087,swiknaba,Df
3088,haidus,Nb
3089,gawaurki,Nb
3090,and-letnan,V-
3091,framgāhts*,Nb
3092,bi-auknan,V-
3093,af-agjan,V-
3094,mildiþa,Nb
3095,gableiþeins,Nb
3096,samasaiwals*,A-
3097,samafraþjis*,A-
3098,gudaskaunei,Nb
3099,wulwa,Nb
3100,manaulja,Nb
3101,miþ-skalkinon,V-
3102,Aipafraudeitus,Ne
3103,gaurei,Nb
3104,hlas*,A-
3105,latei,Nb
3106,þwastiþa,Nb
3107,ga-maitan,V-
3108,ahtaudogs,A-
3109,knodai,Nb
3110,Bainiamein,Ne
3111,wrakjan,V-
3112,usfairina,A-
3113,sleiþa,Nb
3114,smarna,Nb
3115,miþ-kaurjan,V-
3116,mundrei*,Nb
3117,fullawita,A-
3118,aljaleikos,Df
3119,miþ-gáleikon,V-
3120,mundon,V-
3121,skanda,Nb
3122,þaþroei,Dq
3123,ibnaskauns*,A-
3124,lustusama,A-
3125,Aiodia,Ne
3126,Swntwke*,Ne
3127,walisa,A-
3128,niþan,V-
3129,miþ-arbaidjan,V-
3130,Klemaintau,Ne
3131,anawiljei,Nb
3132,aha,Nb
3133,gariuþs*,A-
3134,liubaleiks,A-
3135,wailamereis,A-
3136,godei,Nb
3137,mikilaba,Df
3138,ga-þeihan,V-
3139,ana-latjan,V-
3140,lais,V-
3141,us-þroþjan,V-
3142,Filippisius,Ne
3143,andanem,Nb
3144,Þaissaloneikai,Ne
3145,Aipafras,Ne
3146,gaskalki,Nb
3147,ƕeilan,V-
3148,ga-swinþjan,V-
3149,usþulains,Nb
3150,at-niman,V-
3151,frumadei,Nb
3152,framaþjan,V-
3153,mammo,Nb
3154,af-wagjan,V-
3155,miþ-ganawistron,V-
3156,miþ-urreisan,V-
3157,unbimait,Nb
3158,af-swairban,V-
3159,wadjabokos,Nb
3160,ga-nagljan,V-
3161,and-hamon,V-
3162,ga-blauþjan,V-
3163,bi-domjan,V-
3164,gabinda,Nb
3165,auknan,V-
3166,ur-redan,V-
3167,at-snarpjan,V-
3168,unfreideins,Nb
3169,soþa,Nb
3170,dauþjan,V-
3171,unhrainei,Nb
3172,winna,Nb
3173,faihugeiro,Nb
3174,anaqiss,Nb
3175,af-slaupjan,V-
3176,barbarus,Nb
3177,Skwþus,Nb
3178,gabindi,Nb
3179,gabigaba,Df
3180,baitrs,A-
3181,gramjan,V-
3182,unlustus,Nb
3183,þewisa,Nb
3184,skaþuls,A-
3185,skaþjan,V-
3186,at-kunnan,V-
3187,Aunisimus,Ne
3188,Areistarkus,Ne
3189,miþ-frahinþan,V-
3190,gadiliggs,Nb
3191,Justus,Ne
3192,allawaurstwa,Nb
3193,Laudeikaia,Ne
3194,Nwmfan,Ne
3195,Arkippus,Ne
3196,Kaulaussaium,Nb
3197,weihaba,Df
3198,unfairinodaba,Df
3199,sunjaba,Df
3200,inkunja*,Nb
3201,fra-wrikan,V-
3202,ga-ainan,V-
3203,Aþeinim,Ne
3204,agliþa,Nb
3205,us-fraisan,V-
3206,gaminþi,Nb
3207,ga-nohnan,V-
3208,unfairina,A-
3209,ga-aukan,V-
3210,gairuni,Nb
3211,_ol_,V-
3212,bi-arbaidjan,V-
3213,anaqal,Nb
3214,gafehaba,Df
3215,bi-laibjan,V-
3216,bi-sniwan,V-
3217,arkaggilus,Nb
3218,glaggwo,Df
3219,unweniggo,Df
3220,bi-qiman,V-
3221,sáir,Nb
3222,warai,A-
3223,unskaus*,A-
3224,faurstasseis*,Nb
3225,ungatass,A-
3226,grindafraþjis*,A-
3227,af-haban,V-
3228,allandjo,Df
3229,gahails,A-
3230,gafrijons,Nb
3231,Þaissaloneikaie,Ne
3232,Þaissalauneikaie,Ne
3233,ufar-wahsjan,V-
3234,taikn,Nb
3235,ga-þreihan,V-
3236,us-hauhnan,V-
3237,sildaleiknan,V-
3238,drobnan,V-
3239,in-standan,V-
3240,ufar-hafjan,V-
3241,ga-bidjan,V-
3242,ga-skaidan,V-
3243,ƕairban,V-
3244,ungatassaba,Df
3245,ungatewiþs*,V-
3246,rimis*,Nb
3247,ga-skaman,V-
3248,anþarleiko,Df
3249,spill,Nb
3250,gabaurþiwaurd,Nb
3251,andilaus,A-
3252,sokns,Nb
3253,lausawaurdei,Nb
3254,unairkns,A-
3255,usweihs,A-
3256,ufarswara*,Nb
3257,wraks,Nb
3258,driugan,V-
3259,drauhtiwitoþ,Nb
3260,Hwmainaius,Ne
3261,ga-talzjan,V-
3262,liteins,Nb
3263,gagudei,Nb
3264,gariudi,Nb
3265,midumonds,Nb
3266,andabauhts,Nb
3267,merjands,Nb
3268,gafeteins,Nb
3269,gariudei,Nb
3270,inahei,Nb
3271,fetjan,V-
3272,flahtom,Nb
3273,gulþ,Nb
3274,marikreitum,Nb
3275,ga-dofs*,A-
3276,hauniþa,Nb
3277,þahains,Nb
3278,ga-digan,V-
3279,gafraþjei,Nb
3280,aipiskaupei*,Nb
3281,aipiskaupus,Nb
3282,ungafairinonds,V-
3283,gafaurs,A-
3284,gastigoþs*,A-
3285,laiseigs,A-
3286,weinnas,A-
3287,slahals,Nb
3288,sakuls,A-
3289,ga-karon,V-
3290,niujasatiþs*,V-
3291,ufar-hauhjan,V-
3292,hlamma,Nb
3293,diakaunus,Nb
3294,aglaitgastalds,A-
3295,ungafairinoþs*,V-
3296,diabula,Nb
3297,griþs*,Nb
3298,fair-waurkjan,V-
3299,sainjan,V-
3300,sauls,Nb
3301,unsahtaba,Df
3302,liugnawaurds,A-
3303,ga-tandjan,V-
3304,in-sakan,V-
3305,alan,V-
3306,us-alþan,V-
3307,þroþjan,V-
3308,usþroþeins,Nb
3309,analageins,Nb
3310,praizbwtairei,Nb
3311,sidon,V-
3312,barusnjan,V-
3313,ainakls,A-
3314,wizon,V-
3315,azetjam,Nb
3316,unwaurstwo,Nb
3317,unfaurs,A-
3318,faur-waipjan,V-
3319,waurstwa,Nb
3320,faurdomeins,Nb
3321,gamainja,Nb
3322,faur-bisniwan,V-
3323,filhan,V-
3324,wailadeþs*,Nb
3325,hauhþuhts,A-
3326,waurdajiuka,Nb
3327,anaminds,Nb
3328,usbalþei,Nb
3329,ga-tarnjan,V-
3330,faihugawaurki,Nb
3331,usfodeins,Nb
3332,gaskadweins,Nb
3333,unnutjans,A-
3334,saggqjan,V-
3335,frawardeins*,Nb
3336,unatgāhts,A-
3337,gamaudeins,Nb
3338,awo,Nb
3339,Lauidjai,Ne
3340,Aiwneikai,Ne
3341,ana-qiujan,V-
3342,gabairhteins,Nb
3343,Fwgailus,Ne
3344,Hairmaugaineis,Ne
3345,Auneiseifaurus,Ne
3346,ana-þrafstjan,V-
3347,weitwodi,Nb
3348,du-gawindan,V-
3349,weipan,V-
3350,witodeigo,Df
3351,ga-tilon,V-
3352,miþ-gadauþnan,V-
3353,miþ-liban,V-
3354,unaiwisks,A-
3355,raidjan,V-
3356,lausawaurdi,Nb
3357,gund,Nb
3358,Filetus,Ne
3359,uswiss,A-
3360,gulþeins,A-
3361,triweins,A-
3362,sakjo,Nb
3363,qairrus,A-
3364,wruggo,Nb
3365,faihugairns,A-
3366,bihaitja,Nb
3367,hauhhairts,A-
3368,ungaƕairbs,A-
3369,launawargs,A-
3370,unhunslags,A-
3371,unmildjai,A-
3372,ungahabands,V-
3373,unmanariggwai,A-
3374,fra-lewjan,V-
3375,untilamalsks,A-
3376,uf-bauljan,V-
3377,hiwi,Nb
3378,sliupan,V-
3379,af-hlaþan,V-
3380,Jannes,Ne
3381,Mambres,Ne
3382,fra-wairþan,V-
3383,wunns,Nb
3384,Eikaunion,Ne
3385,Lwstrws,Ne
3386,gagudaba,Df
3387,framwairþis,Df
3388,us-fratwjan,V-
3389,gudisks,A-
3390,ahmateins,Nb
3391,gasahts,Nb
3392,garaihteins,Nb
3393,talzeins*,Nb
3394,uhteigo,Df
3395,unuhteigo,Df
3396,ga-dragan,V-
3397,suþjan,V-
3398,hunsljan,V-
3399,diswiss,Nb
3400,Demas,Ne
3401,Xreskus,Ne
3402,Dalmatia,Ne
3403,hakuls,Nb
3404,Karpus,Ne
3405,maimbrana,Nb
3406,aizasmiþa,Nb
3407,miþ-wisan,V-
3408,unliugands,V-
3409,Kretai,Ne
3410,at-gáraihtjan,V-
3411,galaubeins,A-
3412,usqiss,Nb
3413,gaþaurbs,A-
3414,lausawaurds,A-
3415,luton,V-
3416,faihugairnei,Nb
3417,Kretes,Ne
3418,unbiari,Nb
3419,ƕassaba,Df
3420,judaiwisks,A-
3421,bi-sauljan,V-
3422,af-giban,V-
3423,ussindo,Df
3424,bijands,V-
