1,her,Df
2,onginnan,V-
3,se,Pd
4,gerecednys,Nb
5,be,R-
6,Antiochus,Ne
7,ungesælig,A-
8,cyning,Nb
9,and,C-
10,Apollonius,Ne
11,tiriscan,A-
12,an,R-
13,Antiochia,Ne
14,ceaster,Nb
15,wesan,V-
16,sum,Py
17,gehatan,V-
18,æfter,R-
19,nama,Nb
20,gecigan,V-
21,þes,Pd
22,cwen,Nb
23,weorþan,V-
24,of,R-
25,lif,Nb
26,gewitan,V-
27,he,Pp
28,habban,V-
29,an,Py
30,swiðe,Df
31,wlitig,A-
32,dohtor,Nb
33,ungelifedlic,A-
34,fægernes,Nb
35,mid,R-
36,þe,G-
37,heo,Pp
38,becuman,V-
39,to,R-
40,giftelic,A-
41,ieldo,Nb
42,þa,Df
43,gyrnan,V-
44,manig,Py
45,mære,A-
46,mann,Nb
47,micel,Py
48,mærþu,Nb
49,beodan,V-
50,gelimpan,V-
51,hit,Pp
52,sarlic,A-
53,gelimp,Nb
54,þa,G-
55,fæder,Nb
56,þencan,V-
57,hwa,Pi
58,magan,V-
59,healice,Df
60,forgifan,V-
61,gefeallan,V-
62,his,Ps
63,agen,A-
64,mod,Nb
65,on,R-
66,hire,Ps
67,lufu,Nb
68,unriht,A-
69,gewilnung,Nb
70,þæt,G-
71,forgitan,V-
72,fæderlic,A-
73,arfæstnes,Nb
74,gewilnian,V-
75,gemæcca,Nb
76,nawiht,Py
77,lange,Df
78,ne,Df
79,ildan,V-
80,ac,C-
81,dæg,Nb
82,ærmorgen,Nb
83,slæp,Nb
84,awacan,V-
85,abrecan,V-
86,into,R-
87,bur,Nb
88,þær,Df
89,inne,Df
90,licgan,V-
91,hatan,V-
92,hiredmann,Nb
93,eal,Py
94,aweg,Df
95,gan,V-
96,swilce,G-
97,wiþ,R-
98,digol,A-
99,spræc,Nb
100,sprecan,V-
101,willan,V-
102,hwæt,I-
103,manfull,A-
104,scyld,Nb
105,abisgian,V-
106,ongeanwinnende,V-
107,fæmne,Nb
108,strengðu,Nb
109,earfoðlice,Df
110,ofercom,V-
111,gefremian,V-
112,man,Nb
113,to,N-
114,bediglian,V-
115,geweorþan,V-
116,mægden,Nb
117,fostermodor,Nb
118,geseon,V-
119,sittan,V-
120,gedrefednes,Nb
121,cweþan,V-
122,hwy,Du
123,þu,Pp
124,hlæfdige,Nb
125,swa,Df
126,gedrefan,A-
127,andswarian,V-
128,leof,A-
129,nu,Df
130,todæg,Df
131,forweorþan,V-
132,twegen,Py
133,æðele,A-
134,cweðan,V-
135,andwerdan,V-
136,ær,Df
137,min,Ps
138,brydgifta,Nb
139,ic,Pp
140,besmitan,V-
141,æfre,Df
142,dyrstig,A-
143,durran,V-
144,gewemman,V-
145,ær,R-
146,ondrædan,V-
147,irre,Nb
148,arleasnes,Nb
149,hwær,Du
150,soþlice,Df
151,earm,A-
152,hreowlice,Df
153,forðam,Df
154,deaþ,Nb
155,þearle,Df
156,gelician,V-
157,gehyran,V-
158,girnde,V-
159,clypian,V-
160,liþe,A-
161,biddan,V-
162,fram,R-
163,gewendan,V-
164,willa,Nb
165,gebugan,V-
166,þeah,G-
167,to,Df
168,geneadian,V-
169,þing,Nb
170,þurhwunian,V-
171,arleas,A-
172,gehywian,V-
173,self,A-
174,ætywan,V-
175,ceastergewaru,Nb
176,arfæst,A-
177,betweoh,R-
178,hiwcuþ,A-
179,blissian,V-
180,wer,Nb
181,þe,Pd
182,brucan,V-
183,brydbed,Nb
184,adrifan,V-
185,riht,A-
186,gesinscipe,Nb
187,asettan,V-
188,rædels,Nb
189,þus,Df
190,hwilc,Px
191,riht,Df
192,arædan,V-
193,onfon,V-
194,wif,Nb
195,ðe,G-
196,misrædan,V-
197,beheafdian,V-
198,hwæt,Pi
199,ymb,R-
200,butan,G-
201,æghwanan,Df
202,cuman,V-
203,ealdorman,Nb
204,for,R-
205,wlite,Nb
206,hi,Pp
207,oferhogian,V-
208,understandan,V-
209,gif,G-
210,þonne,Df
211,þurh,R-
212,asmeagung,Nb
213,boclic,A-
214,snotorness,Nb
215,ariht,Df
216,rædan,V-
217,beheafdung,Nb
218,gelædan,V-
219,same,Df
220,swa,G-
221,heafod,Nb
222,gesette,V-
223,ufeweard,A-
224,geat,Nb
225,þi,G-
226,wælhreow,A-
227,wælhreowness,Nb
228,geong,A-
229,welig,A-
230,snotor,A-
231,Tirus,Ne
232,mægþ,Nb
233,getruwian,V-
234,lar,Nb
235,aginnan,V-
236,rowan,V-
237,oþ,R-
238,gesund,A-
239,god,A-
240,cynelic,A-
241,cynn,Nb
242,þin,Ps
243,irlic,A-
244,andwlita,Nb
245,beseon,V-
246,cunnan,V-
247,dom,Nb
248,gifta,Nb
249,æt,R-
250,æbylignes,Nb
251,Scelere,F-
252,vereor,F-
253,materna,F-
254,carne,F-
255,vescor,F-
256,Englisc,A-
257,þolian,V-
258,modren,A-
259,flæsc,Nb
260,eft,Df
261,Quaero,F-
262,patrem,F-
263,meum,F-
264,meae,F-
265,matris,F-
266,virum,F-
267,uxoris,F-
268,filiam,F-
269,nec,F-
270,invenio,F-
271,secan,V-
272,modor,Nb
273,findan,V-
274,bewendan,V-
275,hwon,Py
276,smeagan,V-
277,ingehygd,Nb
278,gewinnan,V-
279,wisdom,Nb
280,God,Ne
281,fultum,Nb
282,soþ,Nb
283,onfundenness,Nb
284,leogan,V-
285,rihte,Df
286,widcuþ,A-
287,feor,Df
288,riht,Nb
289,dwelan,V-
290,secgan,V-
291,geearnian,V-
292,lætan,V-
293,þritig,Py
294,fæc,Nb
295,beþencan,V-
296,siððan,Df
297,don,V-
298,sculan,V-
299,oncnawan,V-
300,gesettan,V-
301,gedrefan,V-
302,gefera,Nb
303,scip,Nb
304,astigan,V-
305,afaran,V-
306,dihtere,Nb
307,Thaliarcus,Ne
308,digolnessa,Nb
309,getreowe,A-
310,þegen,Nb
311,witan,V-
312,hrædlice,Df
313,faran,V-
314,þonne,G-
315,acwellan,V-
316,isen,Nb
317,oððe,C-
318,ator,Nb
319,freodom,Nb
320,ongeagn,Df
321,sona,Df
322,geniman,V-
323,ge,C-
324,feoh,Nb
325,unsceþþig,A-
326,eþel,Nb
327,þeahhwæðere,Df
328,hus,Nb
329,boccest,Nb
330,untynan,V-
331,asmeagan,V-
332,uþwita,Nb
333,Chaldea,Ne
334,Elles,Df
335,onfindan,V-
336,butan,R-
337,geþencan,V-
338,fordeman,V-
339,ut,Df
340,hwæte,Nb
341,gehlæstan,V-
342,gewiht,Nb
343,gold,Nb
344,seolfor,Nb
345,manigfeald,A-
346,genihtsum,A-
347,reaf,Nb
348,feawa,Py
349,þridda,A-
350,tid,Nb
351,niht,Nb
352,slean,V-
353,sæ,Nb
354,æftera,A-
355,gesecan,V-
356,geascian,V-
357,nahwar,Df
358,murcnung,Nb
359,ormæte,A-
360,wop,Nb
361,heaf,Ne
362,swegan,V-
363,geond,R-
364,ceasterwaru,Nb
365,lang,A-
366,unscoren,V-
367,sidfeax,A-
368,hira,Ps
369,waforlic,A-
370,plega,Nb
371,forlætan,V-
372,bæþ,Nb
373,belucan,V-
374,gedon,V-
375,foresecgan,V-
376,asendan,V-
377,cnapa,Nb
378,hwilc,Pi
379,intinga,Nb
380,wunian,V-
381,heaf,Nb
382,him,Pp
383,eala,I-
384,hu,Du
385,ascian,V-
386,forðam,G-
387,færinga,Df
388,siððan,G-
389,gefea,Nb
390,gewis,A-
391,segling,Nb
392,binnon,R-
393,hlaford,Nb
394,gladian,V-
395,rice,Nb
396,mægen,Nb
397,gewunian,V-
398,fleon,V-
399,ætfleon,V-
400,geban,Nb
401,lifian,V-
402,gebringan,V-
403,gifan,V-
404,fiftig,Py
405,pund,Nb
406,hund,Py
407,gitsung,Nb
408,beswican,V-
409,na,Df
410,feond,Nb
411,eac,Df
412,swilce,Df
413,freond,Nb
414,eorþ,Nb
415,dunland,Nb
416,wuduland,Nb
417,stow,Nb
418,gegearcian,V-
419,Tharsus,Ne
420,strand,Nb
421,cuþ,A-
422,Hellanicus,Ne
423,genemnan,V-
424,ærest,Df
425,þider,Df
426,forseon,V-
427,ceorlisc,A-
428,greting,Nb
429,rice,A-
430,gewuna,Nb
431,eftsona,Df
432,gegretan,V-
433,beon,V-
434,weorþfull,A-
435,þeaw,Nb
436,gefrætewian,V-
437,þearf,Nb
438,warenian,V-
439,me,Pp
440,þeod,Nb
441,bringan,V-
442,hundteontig,Py
443,læran,V-
444,beorgan,V-
445,word,Nb
446,geclipian,V-
447,yfel,A-
448,niman,V-
449,hnecca,Nb
450,aceorfan,V-
451,blis,Nb
452,med,Nb
453,clæne,A-
454,hand,Nb
455,blod,Nb
456,nahwæðer,C-
457,ne,C-
458,freondscipe,Nb
459,wiþmetan,V-
460,togan,V-
461,gemetan,V-
462,oðer,A-
463,ongeagn,R-
464,Stranguilio,Ne
465,land,Nb
466,eower,Ps
467,ure,Ps
468,þearfan,V-
469,æþelborenness,Nb
470,acuman,V-
471,we,Pp
472,heard,A-
473,hungor,Nb
474,reðe,A-
475,nan,Py
476,hælu,Nb
477,hyht,Nb
478,standan,V-
479,ætforan,R-
480,eage,Nb
481,þancian,V-
482,flyma,Nb
483,hider,Df
484,gemære,Nb
485,sillan,V-
486,ceastergewara,Nb
487,þusend,Py
488,mitta,Nb
489,hwætes,Nb
490,ge,Pp
491,fleam,Nb
492,astreccan,V-
493,fot,Nb
494,hungrig,A-
495,gehelpan,V-
496,neod,Nb
497,gebyrian,V-
498,campian,V-
499,domsetl,Nb
500,stræt,Nb
501,andweard,A-
502,ceasterwara,Nb
503,tharsysc,A-
504,tirisc,A-
505,cyþan,V-
506,gelifan,V-
507,gemindig,A-
508,fremfulnes,Nb
509,afliman,V-
510,eard,Nb
511,gesælþ,Nb
512,gefultuman,V-
513,weorþ,Nb
514,gebycgan,V-
515,folc,Nb
516,bliðe,A-
517,georne,Df
518,geflit,Nb
519,up,Df
520,beran,V-
521,cynedom,Nb
522,mangere,Nb
523,gifend,Nb
524,agifan,V-
525,agean,Df
526,bot,Nb
527,fægen,A-
528,cystigness,Nb
529,þancfull,A-
530,wyrcan,V-
531,anlicnes,Nb
532,ar,Nb
533,swiþ,A-
534,healdan,V-
535,winestra,A-
536,þa,Pd
537,tredan,V-
538,þaron,Df
539,awriten,V-
540,gifu,Nb
541,sellan,V-
542,alesan,V-
543,gestaþelian,V-
544,monað,Nb
545,Dionisiade,Ne
546,gelæran,V-
547,feran,V-
548,Pentapolis,Ne
549,cirinisc,A-
550,byrig,Nb
551,unasecgendlic,A-
552,weorþmynd,Nb
553,gretan,V-
554,forðweard,A-
555,weg,Nb
556,smyltness,Nb
557,awendan,V-
558,hreohness,Nb
559,aweccan,V-
560,cnyssan,V-
561,heofonlic,A-
562,tungol,Nb
563,gewealc,Nb
564,yþ,Nb
565,hweoðerian,V-
566,wind,Nb
567,Þærtoeacan,Df
568,eastnorþerne,A-
569,angrislic,A-
570,suðwesterne,A-
571,toberstan,V-
572,egeslic,A-
573,ana,A-
574,sunde,Nb
575,ðam,Pd
576,nacod,A-
577,behealdan,V-
578,Neptune,Ne
579,bereafigend,Nb
580,unsceaþig,Nb
581,beswicend,Nb
582,gehealdan,V-
583,wædla,A-
584,þearfa,A-
585,eaþ,Df
586,fordon,V-
587,hwider,Du
588,hwa,Py
589,giefan,V-
590,þam,Pd
591,uncuþ,A-
592,lifes,Nb
593,þa,R-
594,fiscere,Nb
595,sarlice,Df
596,gemiltsian,V-
597,eald,A-
598,forliðan,V-
599,earmlic,A-
600,byrd,Nb
601,geberan,V-
602,gearo,Df
603,forwitan,V-
604,mildheortness,Nb
605,ahebban,V-
606,lædan,V-
607,est,Nb
608,beforan,R-
609,lecgan,V-
610,git,Df
611,meaht,Nb
612,gecyðan,V-
613,toslitan,V-
614,wæfels,Nb
615,healf,Py
616,dæl,Nb
617,wen,Nb
618,wendan,V-
619,genihtsumian,V-
620,wit,Pp
621,begen,Py
622,lytel,Py
623,æht,Nb
624,fiscnoþ,Nb
625,mynegian,V-
626,fultuman,V-
627,ær,A-
628,þearfendlic,A-
629,gegerela,Nb
630,bet,Df
631,wyscan,V-
632,forlidennes,Nb
633,gefaran,V-
634,gelica,Nb
635,geteon,V-
636,in,Df
637,irnan,V-
638,ele,Nb
639,gesmyrian,V-
640,scite,Nb
641,begyrdan,V-
642,bæþstede,Nb
643,belimpan,V-
644,stefn,Nb
645,ælþeodig,A-
646,frig,A-
647,þeow,A-
648,unæðele,A-
649,open,A-
650,unscrydan,V-
651,sciccels,Nb
652,þweal,Nb
653,gehwylc,Py
654,weorc,Nb
655,flocc,Nb
656,Arcestrates,Ne
657,menigu,Nb
658,plegan,V-
659,þoþer,Nb
660,gemengan,V-
661,þoþor,Nb
662,gelæccan,V-
663,swift,A-
664,rædness,Nb
665,geslean,V-
666,gesendan,V-
667,rædlice,Df
668,næfre,Df
669,feallan,V-
670,snelness,Nb
671,heonan,Df
672,cniht,Nb
673,þyncan,V-
674,herian,V-
675,genealæcan,V-
676,swingan,V-
677,top,Nb
678,swiftness,Nb
679,geþyncan,V-
680,ild,Nb
681,geoguþ,Nb
682,cynesetl,Nb
683,gecwemlice,Df
684,þegnian,V-
685,þanan,Df
686,agan,V-
687,swerian,V-
688,gemæne,A-
689,wel,Df
690,baðian,V-
691,þegnung,Nb
692,gehyrsumian,V-
693,horig,A-
694,bewæfan,V-
695,forswigian,V-
696,geswutelian,V-
697,gereord,Nb
698,forð,Df
699,heall,Nb
700,beforan,Df
701,sendan,V-
702,scamu,Nb
703,scrud,Nb
704,gescrydan,V-
705,gesittan,V-
706,þenung,Nb
707,gebeorscipe,Nb
708,etan,V-
709,deorwyrþe,A-
710,beod,Nb
711,sarness,Nb
712,æfestig,A-
713,efne,I-
714,æfestful,A-
715,god,Nb
716,misþyncan,V-
717,Soðlice,Df
718,æfestian,V-
719,cyðan,V-
720,fela,Py
721,forleosan,V-
722,gehyhtan,V-
723,motan,V-
724,cyssan,V-
725,ymbsittan,V-
726,weorþlic,A-
727,setl,Nb
728,besorgian,V-
729,gecweman,V-
730,gelaðian,V-
731,hwanan,Du
732,gedafenian,V-
733,forwandian,V-
734,stille,A-
735,unrot,A-
736,þeah,Df
737,æðelborenness,Nb
738,hefig,A-
739,arecan,V-
740,æðelborennes,Nb
741,Gewislice,Df
742,ende,Nb
743,feollan,V-
744,tear,Nb
745,gesingian,V-
746,geedniwian,V-
747,sar,Nb
748,hwæt#2,Px
749,alyfan,V-
750,nu,G-
751,leaf,Nb
752,welwilledness,Nb
753,feccan,V-
754,hearpe,Nb
755,afirsian,V-
756,hearpian,V-
757,wynsum,A-
758,sang,Nb
759,sweg,Nb
760,swegcræft,Nb
761,swigian,V-
762,yfele,Df
763,tælan,V-
764,ongitan,V-
765,ac,G-
766,geleornian,V-
767,scrydan,V-
768,settan,V-
769,cynehelm,Nb
770,uppon,R-
771,wenan,V-
772,Apollines,Ne
773,hæðen,Nb
774,stillness,Nb
775,swige,Nb
776,innon,R-
777,hearpenægel,Nb
778,hearpestreng,Nb
779,cræft,Nb
780,astirian,V-
781,fæger,A-
782,forþ,Df
783,teon,V-
784,ungecnawen,A-
785,ungewunelic,A-
786,lician,V-
787,ælc,Py
788,geendung,Nb
789,lifan,V-
790,goldhord,Nb
791,bliðe,Df
792,lareow,Nb
793,feower,Py
794,twentig,Py
795,behatan,V-
796,hæs,Nb
797,heredon,V-
798,geendian,V-
799,arisan,V-
800,ham,Df
801,gemiltsigend,Nb
802,lufiend,Nb
803,gesthus,Nb
804,gerestan,V-
805,adrædan,V-
806,raðe,Df
807,lican,V-
808,gegodian,V-
809,bereafian,V-
810,weorþlice,Df
811,bebiddan,V-
812,wunung,Nb
813,forwyrnan,V-
814,weorþscipe,Nb
815,frofor,Nb
816,unstille,A-
817,onælan,V-
818,leng,Df
819,gebidan,V-
820,leoht,Nb
821,bedd,Nb
822,ærwacol,A-
823,gecneordnys,Nb
824,gyrstandæg,Df
825,befæstan,V-
826,cuma,Nb
827,geblissian,V-
828,leornian,V-
829,gesælig,A-
830,gehyrsum,A-
831,gestaðelian,V-
832,tæcan,V-
833,stræte,Nb
834,neah,A-
835,þri,Py
836,æþelboren,A-
837,togædere,Df
838,smearcian,V-
839,gefyrn,Df
840,oftrædlice,Df
841,elcung,Nb
842,geswencan,V-
843,ceastergewaran,Nb
844,gebyrd,Nb
845,geceosan,V-
846,aðum,Nb
847,tima,Nb
848,aredian,V-
849,bysig,A-
850,leornung,Nb
851,læs,Df
852,a,Df
853,slæccan,V-
854,awritan,V-
855,gewrit,Nb
856,morgengif,Nb
857,geinseglian,V-
858,hring,Nb
859,mislician,V-
860,læringmædene,Nb
861,oferrædan,V-
862,ofþyncan,V-
863,na,I-
864,underfon,V-
865,lufian,V-
866,anrædnes,Nb
867,gewritan,V-
868,ceosan,V-
869,wundrian,V-
870,sceamfæst,A-
871,unforwandigendlice,Df
872,weax,Nb
873,abeodan,V-
874,sceamu,Nb
875,nemnan,V-
876,Ardalius,Ne
877,swigan,V-
878,adl,Nb
879,forniman,V-
880,hal,A-
881,boccræft,Nb
882,come,V-
883,hwar,Du
884,eaðe,Df
885,gewurðan,V-
886,gelufian,V-
887,areodian,V-
888,rose,Nb
889,rudu,Nb
890,oferbrædan,V-
891,cwide,Nb
892,þyslic,A-
893,soþ,A-
894,gedafenlic,A-
895,mynre,Ps
896,geæmtian,V-
897,andswaru,Nb
898,gecoren,V-
899,hyre,Ps
900,ungelimp,Nb
901,tweonian,V-
902,aræfnian,V-
903,aræran,V-
904,ænig,Py
905,geswerian,V-
906,geinnian,V-
907,ætbredan,V-
908,minum,Ps
909,Beorhtric,Ne
910,forþferan,V-
911,&,C-
912,Worr,Ne
913,Ecgbryht,Ne
914,fon,V-
915,West-Seaxe,Ne
916,ilca,A-
917,ridan,V-
918,Æþelmund,Ne
919,Hwiccas,Ne
920,ofer,Df
921,Cynemæresford,Ne
922,metan,V-
923,Weoxtan,Ne
924,Wilsætan,Ne
925,gefeoht,Nb
926,ofslagan,V-
927,sige,Nb
928,gehadian,V-
929,Beornmod,Ne
930,bisceop,Nb
931,Hrofesceaster,Ne
932,Æþelheard,Ne
933,arcebisceop,Nb
934,Wulfred,Ne
935,Forþred,Ne
936,abbad,Nb
937,pallium,F-
938,Cuþred,Ne
939,Cantware,Ne
940,Ceolburg,Ne
941,abbadisse,Nb
942,Heabryht,Ne
943,Carl,Ne
944,ricsian,V-
945,feowertigfif,Py
946,wintra,Nb
947,Wigbryht,Ne
948,Rom,Ne
949,bletsung,Nb
950,papa,Nb
951,Leo,Ne
952,hwerfan,V-
953,bisceopdom,Nb
954,gear,Nb
955,gehergian,V-
956,West-Wealas,Ne
957,easteweard,A-
958,westeweard,A-
959,halig,A-
960,Stephanus,Ne
961,Paschalis,Ne
962,forbeornan,V-
963,Angelcynn,Ne
964,scolu,Nb
965,Cenwulf,Ne
966,Mirce,Ne
967,Ceolwulf,Ne
968,Eadbryht,Ne
969,bescerian,V-
970,ofslean,V-
971,Burghelm,Ne
972,Muca,Ne
973,seonoþ,Nb
974,Clofeshoh,Ne
975,Walas,Ne
976,Defenas,Ne
977,Gafolford,Ne
978,gefeohtan,V-
979,Beornwulf,Ne
980,Ellendun,Ne
981,wæl,Nb
982,Æþelwulf,Ne
983,sunu,Nb
984,fyrd,Nb
985,Ealhstan,Ne
986,Wulfheard,Ne
987,Cent,Ne
988,weorod,Nb
989,Baldred,Ne
990,norþ,Df
991,ofer,R-
992,Temes,Ne
993,cyrran,V-
994,Suþrige,Ne
995,Suþ-Seaxe,Ne
996,East-Seaxe,Ne
997,mæg,Nb
998,unriht,Nb
999,anydan,V-
1000,East-Engle,Ne
1001,friþ,Nb
1002,mundbora,Nb
1003,ege,Nb
1004,Ludecan,Ne
1005,fif,Py
1006,man,Px
1007,Wiglaf,Ne
1008,mona,Nb
1009,aþystrian,V-
1010,midd,A-
1011,winter,Nb
1012,mæsseniht,Nb
1013,gegan,V-
1014,suþan,Df
1015,Humbre,Ne
1016,eahtoða,A-
1017,Bretwalda,Ne
1018,Ælle,Ne
1019,Ceawlin,Ne
1020,Æþelbryht,Ne
1021,feorþa,A-
1022,Rædwald,Ne
1023,fifta,A-
1024,Eadwine,Ne
1025,Norþan-hymbre,Ne
1026,sixta,A-
1027,Oswald,Ne
1028,seofoþa,A-
1029,Oswio,Ne
1030,broðor,Nb
1031,eahtoþa,A-
1032,Dor,Ne
1033,eaþmedu,Nb
1034,geþwærnes,Nb
1035,tohweorfan,V-
1036,Æþelwald,Ne
1037,Norþ-Walas,Ne
1038,eaþmod,A-
1039,hyrsumness,Nb
1040,Ceolnoþ,Ne
1041,Feologid,Ne
1042,hæðen,A-
1043,oferhergian,V-
1044,Sceapig,Ne
1045,þritigfif,Py
1046,sciphlæst,Nb
1047,Carrum,Ne
1048,Deniscan,Ne
1049,wælstow,Nb
1050,geweald,Nb
1051,Hereferþ,Ne
1052,Wigþen,Ne
1053,Dudda,Ne
1054,Osmod,Ne
1055,sciphere,Nb
1056,gecirran,V-
1057,winnan,V-
1058,hyran,V-
1059,feohtan,V-
1060,Hengestdun,Ne
1061,geflyman,V-
1062,Offa,Ne
1063,Francland,Ne
1064,ær,G-
1065,þy,Df
1066,þy,G-
1067,þritigseofon,Py
1068,seofon,Py
1069,monaþ,Nb
1070,Ecgbrehting,Ne
1071,Æþelstan,Ne
1072,Hamtun,Ne
1073,þritigþri,Py
1074,Æþelhelm,Ne
1075,dux,F-
1076,Denisc,A-
1077,here,Nb
1078,Port,Ne
1079,Dornsæte,Ne
1080,hwil,Nb
1081,Herebryht,Ne
1082,Merscware,Ne
1083,Lindesse,Ne
1084,wælsliht,Nb
1085,Lunden,Ne
1086,Cwantawic,Ne
1087,Eanulf,Ne
1088,Sumersæte,Ne
1089,Ealchstan,Ne
1090,Osric,Ne
1091,Dornsætum,Ne
1092,Pedrida,Ne
1093,muþa,Nb
1094,Ceorl,Ne
1095,Defena scir,Ne
1096,Wicganbeorg,Ne
1097,Ealchere,Ne
1098,Sandwic,Ne
1099,nigon,Py
1100,gefon,V-
1101,healfhund,Py
1102,Temesemuþa,Ne
1103,brecan,V-
1104,Cantwara burg,Ne
1105,Lundenburh,Ne
1106,Beorhtwulf,Ne
1107,suþ,Df
1108,Temese,Ne
1109,Æþelbald,Ne
1110,Aclea,Ne
1111,Burgred,Ne
1112,wita,Nb
1113,Ælfred,Ne
1114,domne,Nb
1115,gehalgian,V-
1116,bisceop-sunu,Nb
1117,Huda,Ne
1118,Tenet,Ne
1119,adrincan,V-
1120,gehwæðer,Py
1121,easter,Ne
1122,gebocian,V-
1123,teoða,A-
1124,lof,Nb
1125,ece,A-
1126,weorþness,Nb
1127,twelf,Py
1128,hamweard,Df
1129,Francan,Ne
1130,geaf,V-
1131,leod,Nb
1132,gefægen,A-
1133,lic,Nb
1134,Wintanceaster,Ne
1135,nigonteoþa,A-
1136,Scireburne,Ne
1137,sibsumness,Nb
1138,Hamtunscir,Ne
1139,Bearrucscir,Ne
1140,under,R-
1141,feohgehat,Nb
1142,bestelan,V-
1143,Æþered,Ne
1144,wintersetl,Nb
1145,gehorsian,V-
1146,Eoforwicceaster,Ne
1147,ungeþwærness,Nb
1148,aweorpan,V-
1149,Osbryht,Ne
1150,ungecynde,A-
1151,late,Df
1152,gegaderian,V-
1153,ungemetlic,A-
1154,binnan,Df
1155,butan,Df
1156,laf,Nb
1157,bisecoprice,Nb
1158,tun,Nb
1159,innan,R-
1160,Snotingaham,Ne
1161,geweorc,Nb
1162,hefelic,A-
1163,þeodford,Ne
1164,Eadmund,Ne
1165,þæt,Pd
1166,Wiltunscir,Ne
1167,Readingum,Ne
1168,eorl,Nb
1169,Englafeld,Ne
1170,Æscesdun,Ne
1171,gefylce,Nb
1172,Bagsecg,Ne
1173,Halfdene,Ne
1174,getruma,Nb
1175,Sidroc,Ne
1176,Osbearn,Ne
1177,Fræna,Ne
1178,Hareld,Ne
1179,onfeohtan,V-
1180,feowertyne,Py
1181,broður,Nb
1182,Basengum,Ne
1183,Meretun,Ne
1184,butu,Py
1185,Heahmund,Ne
1186,sumerlida,Nb
1187,Winburne,Ne
1188,Æþelwulfing,Ne
1189,Wiltun,Ne
1190,folcgefeoht,Nb
1191,cynerice,Nb
1192,anlipig,A-
1193,oft,Df
1194,rad,Nb
1195,onridan,V-
1196,riman,V-
1197,Turec,Ne
1198,ig,Nb
1199,Hreopedun,Ne
1200,adræfan,V-
1201,twentigtwegen,Py
1202,Sancta,F-
1203,Marian,Ne
1204,cirice,Nb
1205,unwis,A-
1206,aþ,Nb
1207,gisel,Nb
1208,gearo,A-
1209,læstan,V-
1210,for,V-
1211,Tina,Ne
1212,ea,Nb
1213,hergian,V-
1214,Peohtas,Ne
1215,Stræcled,Ne
1216,Godrum,Ne
1217,Oscytel,Ne
1218,Anwynd,Ne
1219,Grantebrycg,Ne
1220,sumer,Nb
1221,gefeng,V-
1222,Werham,Ne
1223,beah,Nb
1224,nan,Px
1225,Escanceaster,Ne
1226,gedælan,V-
1227,erian,V-
1228,tilian,V-
1229,Exanceaster,Ne
1230,seglan,V-
1231,west,Df
1232,ymbutan,Df
1233,yst,Nb
1234,hundtwelftig,Py
1235,Swanawic,Ne
1236,hindan,Df
1237,ofridan,V-
1238,fæsten,Nb
1239,foregisel,Nb
1240,hærfest,Nb
1241,twelfta,A-
1242,Cippanham,Ne
1243,geridan,V-
1244,uneaðelíce,Df
1245,wudu,Nb
1246,morfæsten,Nb
1247,Inwær,Ne
1248,twentigþri,Py
1249,eahtahund,Py
1250,feowertig,Py
1251,Æðeling,Ne
1252,neah,Df
1253,wicu,Nb
1254,stan,Nb
1255,eastan,Df
1256,Sealhwudu,Ne
1257,hiere,F-
1258,beheonan,R-
1259,wic,Nb
1260,Iglea,Ne
1261,Eþandun,Ne
1262,fulwiht,Nb
1263,gelæstan,V-
1264,in,R-
1265,weorþ,A-
1266,Aler,Ne
1267,is,V-
1268,crismlysing,Nb
1269,Weþmor,Ne
1270,weorþian,V-
1271,Cirenceaster,Ne
1272,hloþ,Nb
1273,wicing,Nb
1274,Fullanham,Ne
1275,sunne,Nb
1276,Gend,Ne
1277,ufor,Df
1278,andlang,R-
1279,Mæs,Ne
1280,þæron,Df
1281,forslean,V-
1282,forwundian,V-
1283,Scald,Ne
1284,Cundoþ,Ne
1285,Sunna,Ne
1286,Embene,Ne
1287,todælan,V-
1288,foresprecen,A-
1289,east,Df
1290,awerian,V-
1291,utan,Df
1292,behorsian,V-
1293,Stufemuþa,Ne
1294,syxtyne,Py
1295,geræcan,V-
1296,herehyþ,Nb
1297,eofor,Nb
1298,westrice,Nb
1299,Hloþwig,Ne
1300,Eald-Seaxe,Ne
1301,twiwa,Df
1302,Seaxe,Ne
1303,Frysa,Ne
1304,Wendelsæ,Ne
1305,begeondan,R-
1306,Lidwiccas,Ne
1307,Iuþytt,Ne
1308,Pippen,Ne
1309,Marinus,Ne
1310,gefreoogan,V-
1311,ben,Nb
1312,rod,Nb
1313,Crist,Ne
1314,þrowian,V-
1315,gelende,V-
1316,Sigen,Ne
1317,hæftned,Nb
1318,burh,Nb
1319,brycg,Nb
1320,Paris,Ne
1321,Mæterne,Ne
1322,Cariei,Ne
1323,Ione,Ne
1324,stede,Nb
1325,Earnulf,Ne
1326,six,Py
1327,berædan,V-
1328,geþafung,Nb
1329,fæderenhealf,Nb
1330,Rin,Ne
1331,Roþulf,Ne
1332,middelrice,Nb
1333,Oda,Ne
1334,þæm,Pd
1335,westdæl,Nb
1336,Beorngar,Ne
1337,Wiþa,Ne
1338,Langbeardas,Ne
1339,healf,Nb
1340,munt,Nb
1341,unsib,Nb
1342,gelome,Df
1343,forhergian,V-
1344,æghwæðer,Py
1345,dræfan,V-
1346,ælmesse,Nb
1347,Beocca,Ne
1348,Æþelswiþ,Ne
1349,sweostor,Nb
1350,Pafia,Ne
1351,Æþelred,Ne
1352,færeld,Nb
1353,hleapere,Nb
1354,Beornhelm,Ne
1355,norþerne,A-
1356,fulluhtnama,Nb
1357,godsunu,Nb
1358,buan,V-
1359,Sant Lauda,Ne
1360,Bryttas,Ne
1361,bedrifan,V-
1362,adrencan,V-
1363,Plegemund,Ne
1364,rædehere,Nb
1365,East-Francan,Ne
1366,Bægere,Ne
1367,þrie,Py
1368,Scottas,Ne
1369,bat,Nb
1370,gereþru,Nb
1371,Hibernia,Ne
1372,forðam,R-
1373,elþeodignes,Nb
1374,recan,V-
1375,hwær,Df
1376,gewyrcan,V-
1377,hyd,Nb
1378,mete,Nb
1379,Cornwealas,Ne
1380,Dubslane,Ne
1381,Maccbethu,Ne
1382,Maelinmun,Ne
1383,Swifneh,Ne
1384,ymbe,R-
1385,gangdagas,Nb
1386,æteowian,V-
1387,steorra,Nb
1388,bocleden,Ne
1389,cometa,Nb
1390,feaxede,A-
1391,leoma,Nb
1392,of,Df
1393,hwilum,Df
1394,eastrice,Nb
1395,westweard,Df
1396,Bune,Ne
1397,gescipian,V-
1398,siþ,Nb
1399,hors,Nb
1400,Limene,Ne
1401,twegenhundfiftig,Py
1402,eastende,Nb
1403,Andred,Ne
1404,eastlang,Df
1405,westlang,Df
1406,mil,Nb
1407,brad,A-
1408,weald,Nb
1409,uteweard,A-
1410,on,Df
1411,samwyrcan,V-
1412,Hæsten,Ne
1413,hundeahtatig,Py
1414,Middeltun,Ne
1415,Apuldre,Ne
1416,þis,Pd
1417,gesellan,V-
1418,treow,Nb
1419,oþþe,C-
1420,mid,Df
1421,gewician,V-
1422,rymet,Nb
1423,wudufæsten,Nb
1424,wæterfæsten,Nb
1425,feld,Nb
1426,flocrad,Nb
1427,bi,R-
1428,hwæðer,Pi
1429,efes,Nb
1430,fierdleas,A-
1431,toniman,V-
1432,simble,Df
1433,ham,Nb
1434,ute,Df
1435,set,Nb
1436,gesamnian,V-
1437,ferian,V-
1438,norþeweard,A-
1439,forridan,V-
1440,foran,R-
1441,wið,R-
1442,Fearnham,Ne
1443,ahredan,V-
1444,ford,Nb
1445,Coln,Ne
1446,igeoþ,Nb
1447,besittan,V-
1448,genotian,V-
1449,þiderweardes,Df
1450,fær,Nb
1451,scir,Nb
1452,fyrdian,V-
1453,hamweardes,Df
1454,behindan,R-
1455,gewundian,V-
1456,bugan,V-
1457,norþsæ,Nb
1458,Exancester,Ne
1459,gewealden,A-
1460,burhware,Nb
1461,westan,Df
1462,Beamfleot,Ne
1463,tocuman,V-
1464,hergaþ,Nb
1465,binnan,R-
1466,bearn,Nb
1467,tobrecan,V-
1468,forbærnan,V-
1469,cumpæder,Nb
1470,gelendan,V-
1471,tofaran,V-
1472,Sceoburh,Ne
1473,ætgædere,Df
1474,eaca,Nb
1475,æghwæðer,C-
1476,Sæfern,Ne
1477,Æþelm,Ne
1478,Æþelnoþ,Ne
1479,norþan,Df
1480,Norþ-Wealh-cynn,Ne
1481,offaran,V-
1482,Buttingtun,Ne
1483,stæþ,Nb
1484,meteleast,Nb
1485,gewægan,V-
1486,fretan,V-
1487,acwelan,V-
1488,easthealf,Nb
1489,wician,V-
1490,cristen,Ne
1491,Ordheh,Ne
1492,generian,V-
1493,onforan,R-
1494,anstreces,Df
1495,west,A-
1496,Wirhealh,Ne
1497,Legaceaster,Ne
1498,ceap,Nb
1499,foran,Df
1500,corn,Nb
1501,frettan,V-
1502,efenehþ,Nb
1503,forði,G-
1504,beniman,V-
1505,igland,Nb
1506,Mere,Ne
1507,neah,R-
1508,Cisseceaster,Ne
1509,Lyge,Ne
1510,bufan,R-
1511,neahwest,Nb
1512,geripan,V-
1513,rip,Nb
1514,forwiernan,V-
1515,gehawian,V-
1516,forwyrcan,V-
1517,brengan,V-
1518,Ða,Df
1519,furþum,Df
1520,þærto,Df
1521,Cwatbrycg,Ne
1522,gefetian,V-
1523,alædan,V-
1524,stælwirðe,A-
1525,gebrengan,V-
1526,feohleas,A-
1527,begitan,V-
1528,þanc,Nb
1529,forswiðe,Df
1530,gebrocian,V-
1531,cwyld,Nb
1532,sel,A-
1533,Swiþulf,Ne
1534,Ceolmund,Ne
1535,Beorhtulf,Ne
1536,Ealhheard,Ne
1537,Dorceceaster,Ne
1538,Eadulf,Ne
1539,Beornulf,Ne
1540,wicgerefa,Nb
1541,Ecgulf,Ne
1542,horsþegn,Nb
1543,eac,R-
1544,geþungen,A-
1545,dreccan,V-
1546,suþstæþ,Nb
1547,stælhere,Nb
1548,æsc,Nb
1549,timbran,V-
1550,langscip,Nb
1551,fulneah,Df
1552,oðer,Nb
1553,sixtig,Py
1554,unwealt,A-
1555,heah,A-
1556,Fresisc,A-
1557,gesceppan,V-
1558,bute,C-
1559,nytweorð,A-
1560,cyrr,Nb
1561,Wiht,Ne
1562,yfel,Nb
1563,welhwær,Df
1564,særima,Nb
1565,niwe,A-
1566,forfaran,V-
1567,utermere,Nb
1568,drige,A-
1569,uppe,Df
1570,oþwindan,V-
1571,forði,Df
1572,onweg,Df
1573,asittan,V-
1574,wurdon,V-
1575,uneðelice,Df
1576,aseten,V-
1577,deop,Nb
1578,wæter,Nb
1579,furlang,Nb
1580,beebbian,V-
1581,Lucumon,Ne
1582,gerefa,Nb
1583,Æbbe,Ne
1584,Æþelhere,Ne
1585,Æþelferþ,Ne
1586,geneat,Nb
1587,sixtigtwegen,Py
1588,flod,Nb
1589,utascufan,V-
1590,oþrowan,V-
1591,gesargian,V-
1592,berowan,V-
1593,weorpan,V-
1594,ahon,V-
1595,nealles,Py
1596,suþrima,Nb
1597,Wulfric,Ne
1598,Wealh,Ne
1599,Heahstan,Ne
1600,Ohthere,Ne
1601,Norþmann,Ne
1602,Westsæ,Ne
1603,weste,A-
1604,styccemælum,Df
1605,Finn,Ne
1606,huntaþ,Nb
1607,fiscaþ,Nb
1608,fandian,V-
1609,norþrihte,Df
1610,hwæðer,G-
1611,westen,Nb
1612,steorbord,Nb
1613,widsæ,Nb
1614,bæcbord,Nb
1615,hwælhunta,Nb
1616,oþrum,A-
1617,geseglian,V-
1618,eastrihte,Df
1619,bidan,V-
1620,westanwind,Nb
1621,rihtnorþanwind,Nb
1622,þæm,G-
1623,suþrihte,Df
1624,unfriþ,Nb
1625,gebuan,V-
1626,fugelere,Nb
1627,hunta,Nb
1628,Beormas,Ne
1629,swiþe,Df
1630,Terfinn,Ne
1631,spell,Nb
1632,utan,R-
1633,geþeode,Nb
1634,toeacan,R-
1635,sceawunge,Nb
1636,horshwæl,Nb
1637,ban,Nb
1638,toþ,Nb
1639,sciprap,Nb
1640,hwæl,Nb
1641,eln,Nb
1642,hwælhuntaþ,Nb
1643,eahta,Py
1644,lange,A-
1645,spedig,A-
1646,sped,Nb
1647,wilddeor,Nb
1648,tam,A-
1649,deor,Nb
1650,unbeboht,A-
1651,hran,Nb
1652,stælhran,Nb
1653,deore,A-
1654,wilde,A-
1655,fyrst,A-
1656,hríðer,Nb
1657,sceap,Nb
1658,swin,Nb
1659,gafol,Nb
1660,gildan,V-
1661,fel,Nb
1662,fugol,Nb
1663,feðer,Nb
1664,seolh,Nb
1665,æghwilc,Py
1666,gieldan,V-
1667,byrde,A-
1668,fiftyne,Py
1669,mearþ,Nb
1670,bera,Nb
1671,tin,Py
1672,amber,Nb
1673,beren,A-
1674,cyrtel,Nb
1675,yteren,A-
1676,ðæt,G-
1677,swyðe,Df
1678,smæl,A-
1679,ahwæþer,C-
1680,ettan,V-
1681,cludig,A-
1682,mor,Nb
1683,uppan,Df
1684,efenlang,R-
1685,byn,A-
1686,eardian,V-
1687,hwene,Df
1688,middeweard,Df
1689,oferferan,V-
1690,toefnes,R-
1691,suþeweard,A-
1692,Sweoland,Ne
1693,Cwen,Ne
1694,mere,Nb
1695,fersc,A-
1696,leoht,A-
1697,Halgoland,Ne
1698,port,Nb
1699,Sciringesheal,Ne
1700,ambyr,A-
1701,seglian,V-
1702,Iraland,Ne
1703,oþ,G-
1704,Norþweg,Ne
1705,Romeburh,Ne
1706,getimbran,V-
1707,twentigsix,Py
1708,Alexander,Ne
1709,Mæcedonia,Ne
1710,Philippus,Ne
1711,þegenscip,Nb
1712,Crece,Ne
1713,snytro,Nb
1714,genedan,V-
1715,gewin,Nb
1716,upahebban,V-
1717,Perse,Ne
1718,Demostanas,Ne
1719,philosoph,Nb
1720,wiþsacan,V-
1721,Athene,Ne
1722,Thebane,Ne
1723,toweorpan,V-
1724,heafodstol,Nb
1725,elþeod,Nb
1726,Creca,Ne
1727,gafolgilda,Nb
1728,Mæcedonie,Ne
1729,Nilirice,Ne
1730,Thracia,Ne
1731,gaderian,V-
1732,feðehere,Nb
1733,þritigtwegen,Py
1734,eahtatig,Py
1735,Orosius,Ne
1736,wundor,Nb
1737,þe,C-
1738,middangeard,Nb
1739,anginnan,V-
1740,Darius,Ne
1741,searu,Nb
1742,feþa,Nb
1743,Friga,Ne
1744,Asia,Ne
1745,Sardis,Ne
1746,nearu,A-
1747,Tauras,Ne
1748,beorg,Nb
1749,micelne,Py
1750,Cilicia,Ne
1751,ungemetlice,Df
1752,ceald,A-
1753,Ciðnus,Ne
1754,swatig,A-
1755,cyle,Nb
1756,gescrincan,V-
1757,ealle,Py
1758,æder,Nb
1759,ofercuman,V-
1760,gedo,V-
1761,geornfulnes,Nb
1762,gefangian,V-
1763,wicstow,Nb
1764,wifmann,Nb
1765,getiðian,V-
1766,aspanan,V-
1767,Parmenio,Ne
1768,ladteow,Nb
1769,Siria,Ne
1770,eaþmodnes,Nb
1771,naðylæs,Df
1772,þon,G-
1773,lustlice,Df
1774,Roðos,Ne
1775,Egipte,Ne
1776,atimbran,V-
1777,Alexandria,Ne
1778,hearg,Nb
1779,Amon,Ne
1780,Iobes,Ne
1781,beladian,V-
1782,Nectanebus,Ne
1783,dry,Nb
1784,forlicgan,V-
1785,bebeodan,V-
1786,becreopan,V-
1787,inne,R-
1788,gewil,Nb
1789,rinde,V-
1790,godspell,Nb
1791,angin,Nb
1792,hælend,Nb
1793,witega,Nb
1794,boc,Nb
1795,Isaias,Ne
1796,engel,Nb
1797,ansyn,Nb
1798,gegearwian,V-
1799,Dryhten,Ne
1800,Iohannes,Ne
1801,fullian,V-
1802,bodian,V-
1803,dædbot,Nb
1804,syn,Nb
1805,forgifness,Nb
1806,Iudeisc,A-
1807,Hierosolimaware,Ne
1808,gefullian,V-
1809,Iordane,Ne
1810,andettan,V-
1811,olfend,Nb
1812,hær,Nb
1813,fellen,A-
1814,gyrdel,Nb
1815,lendenu,Nb
1816,gærsstapa,Nb
1817,wuduhunig,Nb
1818,strang,A-
1819,scoh,Nb
1820,þwang,Nb
1821,uncnyttan,V-
1822,gast,Nb
1823,Nazareth,Ne
1824,Galilee,Ne
1825,heofon,Nb
1826,culfre,Nb
1827,Satan,Ne
1828,gecostnian,V-
1829,Galilea,Ne
1830,witodlice,Df
1831,gefyllan,V-
1832,gelyfan,V-
1833,Galileisc,A-
1834,Simon,Ne
1835,Andreas,Ne
1836,nett,Nb
1837,git,Pp
1838,sawel,Nb
1839,onfond,Nb
1840,fylgean,V-
1841,Iacob,Ne
1842,Zebedeus,Ne
1843,logian,V-
1844,hyrling,Nb
1845,Cafarnaum,Ne
1846,restedæg,Nb
1847,gesamnung,Nb
1848,ingan,V-
1849,anweald,Nb
1850,næs,Df
1851,bocere,Nb
1852,unclæne,A-
1853,hryman,V-
1854,Nazarenisc,A-
1855,forspillan,V-
1856,halga,Nb
1857,adumbian,V-
1858,slitan,V-
1859,hyrsumian,V-
1860,hlisa,Nb
1861,sweger,Nb
1862,hriðian,V-
1863,gegripan,V-
1864,fefer,Nb
1865,æfen,Nb
1866,unhal,A-
1867,wod,A-
1868,burhwaru,Nb
1869,duru,Nb
1870,gehælan,V-
1871,missenlic,A-
1872,gedreccan,V-
1873,deofolseocnes,Nb
1874,gebiddan,V-
1875,gehende,A-
1876,hreofla,Nb
1877,gebigan,V-
1878,cneow,Nb
1879,geclænsian,V-
1880,aþenian,V-
1881,æthrinan,V-
1882,hreofness,Nb
1883,sacerd,Nb
1884,ealdor,Nb
1885,clænsung,Nb
1886,Moyses,Ne
1887,gewitnes,Nb
1888,utgan,V-
1889,widmærsian,V-
1890,openlice,Df
1891,lama,A-
1892,inbringan,V-
1893,openian,V-
1894,hrof,Nb
1895,inasendan,V-
1896,bed,Nb
1897,lama,Nb
1898,geleafa,Nb
1899,þar,Df
1900,heorte,Nb
1901,dysegian,V-
1902,eðe,A-
1903,hwæðer,C-
1904,Leuin,Ne
1905,Alpheus,Ne
1906,cepsetl,Nb
1907,folgian,V-
1908,leornungcniht,Nb
1909,Pharisei,Ne
1910,synfull,A-
1911,drincan,V-
1912,beþurfan,V-
1913,læce,Nb
1914,untrum,A-
1915,rihtwis,A-
1916,fæstan,V-
1917,brydguma,Nb
1918,framacyrran,V-
1919,seowian,V-
1920,afyran,V-
1921,slite,Nb
1922,win,Nb
1923,byt,Nb
1924,ageotan,V-
1925,æcer,Nb
1926,ear,Nb
1927,pluccian,V-
1928,locian,V-
1929,Dauid,Ne
1930,hyngrian,V-
1931,Abiathar,Ne
1932,offrunghlaf,Nb
1933,forscrincan,V-
1934,gyman,V-
1935,gewregan,V-
1936,gemang,R-
1937,hweþer,C-
1938,besceawian,V-
1939,blindnes,Nb
1940,geunretan,V-
1941,Herodianisc,Ne
1942,þeahtian,V-
1943,leorningcniht,Nb
1944,Iudea,Ne
1945,Hierusalem,Ne
1946,Sidone,Ne
1947,ofþringan,V-
1948,untrumness,Nb
1949,toforan,R-
1950,forbeodan,V-
1951,geclypian,V-
1952,hælan,V-
1953,Petrus,Ne
1954,onsettan,V-
1955,Boaneries,Ne
1956,þunor,Nb
1957,Bartholomeus,Ne
1958,THOMAS,Ne
1959,Taddeus,Ne
1960,Chananeus,Ne
1961,Iudas,Ne
1962,Scarioth,Ne
1963,hlaf,Nb
1964,hatheortnes,Nb
1965,Beelzebub,Ne
1966,Deofol,Nb
1967,bigspell,Nb
1968,mæg,V-
1969,Satanas,Ne
1970,fæt,Nb
1971,gebinde,V-
1972,reafian,V-
1973,bysmrung,Nb
1974,bysmerian,V-
1975,ecnes,Nb
1976,gylt,Nb
1977,scyldig,A-
1978,gebroðor,Nb
1979,þærute,Df
1980,abuton,R-
1981,sædere,Nb
1982,sæd,Nb
1983,sawan,V-
1984,stanscealu,Nb
1985,þicness,Nb
1986,forswælan,V-
1987,wyrttruma,Nb
1988,þorn,Nb
1989,stigan,V-
1990,forþrysmian,V-
1991,wæstm,Nb
1992,upstigan,V-
1993,weaxan,V-
1994,þritigfeald,A-
1995,sixtigfeald,A-
1996,hundfeald,A-
1997,eare,Nb
1998,gerynu,Nb
1999,læs,G-
2000,hwanne,Df
2001,gesciran,V-
2002,gesawan,V-
2003,asawan,V-
2004,gelice,A-
2005,unstaþolfæst,A-
2006,upcuman,V-
2007,costnung,Nb
2008,ehtnes,Nb
2009,irmþ,Nb
2010,swicdom,Nb
2011,weoroldwela,Nb
2012,ofþrysman,V-
2013,leohtfæt,Nb
2014,byden,Nb
2015,geare,Df
2016,candelstæf,Nb
2017,behidan,V-
2018,digol,Nb
2019,gemet,Nb
2020,geican,V-
2021,growan,V-
2022,selfwilles,Df
2023,gærs,Nb
2024,full,A-
2025,forþbringan,V-
2026,sicol,Nb
2027,æt,Nb
2028,geanlician,V-
2029,senep,Nb
2030,wyrt,Nb
2031,boh,Nb
2032,scead,Nb
2033,swilc,A-
2034,asundran,Df
2035,reccan,V-
2036,witon,V-
2037,bolster,Nb
2038,slæpan,V-
2039,gestillan,V-
2040,geswican,V-
2041,forht,A-
2042,Hierasenorum,Ne
2043,gangan,V-
2044,byrgen,Nb
2045,scræf,Nb
2046,racent-teah,Nb
2047,gebindan,V-
2048,fotcops,Nb
2049,gewyldan,V-
2050,ceorfan,V-
2051,feorran,Df
2052,halsian,V-
2053,þreagan,V-
2054,Legio,Ne
2055,heord,Nb
2056,læswian,V-
2057,hryre,Nb
2058,bescufan,V-
2059,hiwan,Nb
2060,Decapolis,Ne
2061,heahgesamnung,Nb
2062,Lairus,Ne
2063,ytera,A-
2064,libban,V-
2065,þringan,V-
2066,blodryne,Nb
2067,læca,Nb
2068,dælan,V-
2069,fremian,V-
2070,wiþæftan,R-
2071,furþan,Df
2072,ryne,Nb
2073,adruwian,V-
2074,gefredan,V-
2075,wite,Nb
2076,ofgan,V-
2077,forhtian,V-
2078,sib,Nb
2079,dead,A-
2080,for an,Df
2081,heahealdor,Nb
2082,gehlyd,Nb
2083,wepan,V-
2084,geomrian,V-
2085,thalimthacumi,F-
2086,gereccan,V-
2087,wundrung,Nb
2088,swilce,A-
2089,smiþ,Nb
2090,Maria,Ne
2091,Iosep,Ne
2092,ungeleafa,Nb
2093,castel,Nb
2094,befaran,V-
2095,gyrd,Nb
2096,codd,Nb
2097,gescogan,V-
2098,calc,Nb
2099,tunece,Nb
2100,asceacan,V-
2101,dust,Nb
2102,smirwan,V-
2103,Herodes,Ne
2104,sweotol,A-
2105,Fulluhtere,Nb
2106,Elias,Ne
2107,cwertern,Nb
2108,Herodias,Nb
2109,sirwan,V-
2110,Herodias,Ne
2111,luflice,Df
2112,gebyrdtid,Nb
2113,feorm,Nb
2114,forma,A-
2115,tumbian,V-
2116,soþes,Df
2117,ofost,Nb
2118,inn,Df
2119,disc,Nb
2120,cwellere,Nb
2121,apostol,Nb
2122,onsundrum,Df
2123,restan,V-
2124,fyrst,Nb
2125,gecnawan,V-
2126,sceop,Nb
2127,hirde,Nb
2128,ilding,Nb
2129,bicgan,V-
2130,hundred,Py
2131,pening,Nb
2132,fisc,Nb
2133,grene,A-
2134,heg,Nb
2135,bletsian,V-
2136,wiliga,Nb
2137,nidan,V-
2138,Bethsaida,Ne
2139,rewett,Nb
2140,swincan,V-
2141,wiþerweard,A-
2142,wæcc,Nb
2143,forbugan,V-
2144,unfæle,A-
2145,þurfan,V-
2146,ongeton,V-
2147,ablendan,V-
2148,oferseglian,V-
2149,Genesar,Ne
2150,sæccing,Nb
2151,huru,Df
2152,fnæd,Nb
2153,besmitenum,V-
2154,unþwagen,A-
2155,Iudeas,Ne
2156,gelomlice,Df
2157,þwean,V-
2158,gesetnes,Nb
2159,geþwean,V-
2160,calic,Nb
2161,fyrmþ,Nb
2162,ceac,Nb
2163,arfæt,Nb
2164,mæstling,Nb
2165,þicgan,V-
2166,witegian,V-
2167,eow,Pp
2168,liccetere,Nb
2169,weler,Nb
2170,idel,Nb
2171,bebod,Nb
2172,lagu,Nb
2173,manega,Py
2174,þylc,A-
2175,wirgan,V-
2176,sweltan,V-
2177,corban,F-
2178,stunt,A-
2179,gelic,Nb
2180,forþgan,V-
2181,gehlystan,V-
2182,ungleaf,A-
2183,forðam,C-
2184,innoþ,Nb
2185,forþgang,Nb
2186,clænsian,V-
2187,Gað,V-
2188,innan,Df
2189,geþanc,Nb
2190,unrihthæmed,Nb
2191,facen,Nb
2192,sceamleast,Nb
2193,gesiht,Nb
2194,dysignes,Nb
2195,ofermodigness,Nb
2196,stuntscipe,Nb
2197,Sidonis,Ne
2198,bemiðan,V-
2199,Syrofenisc,A-
2200,cyn,Nb
2201,hund,Nb
2202,Drihten,Ne
2203,hwelp,Nb
2204,þære,Pd
2205,mese,Nb
2206,cild,Nb
2207,cruma,Nb
2208,mæden,Nb
2209,deaf,A-
2210,dumb,A-
2211,finger,Nb
2212,spittan,V-
2213,tunge,Nb
2214,onhrinan,V-
2215,effeta,F-
2216,ontynan,V-
2217,geopenode,V-
2218,bend,Nb
2219,unsliped,A-
2220,nanum,Py
2221,tosamne,Df
2222,geanbidian,V-
2223,geteorian,V-
2224,eorþe,Nb
2225,brytsen,Nb
2226,belifan,V-
2227,wilige,Nb
2228,Dalmanuða,Ne
2229,tacn,Nb
2230,cneoris,Nb
2231,geseald,V-
2232,ofergitan,V-
2233,hæfe,Nb
2234,geblendan,V-
2235,hwanne,G-
2236,þusendum,Py
2237,Bedzaida,Ne
2238,blind,A-
2239,spætan,V-
2240,aht,Nb
2241,beorhtlice,Df
2242,nænig,Py
2243,Cesarea,Ne
2244,sum,Px
2245,Helias,Ne
2246,awyrpan,V-
2247,heahsacherd,Nb
2248,cidan,V-
2249,onbæc,Df
2250,Godes,Nb
2251,hwa,Px
2252,cwylming,Nb
2253,gestrynan,V-
2254,forwyrd,Nb
2255,gewrixl,Nb
2256,unrihthæmed,A-
2257,wuldor,Nb
2258,onbirgan,V-
2259,onsundran,Df
2260,oferhiwian,V-
2261,glitnian,V-
2262,hwit,A-
2263,snaw,Nb
2264,fuller,Nb
2265,eardungstow,Nb
2266,afæran,V-
2267,lyft,Nb
2268,ofersceadwian,V-
2269,silf,A-
2270,abutan,R-
2271,sprecende,V-
2272,forgnidan,V-
2273,gristbitian,V-
2274,ungeleafull,A-
2275,forgnydan,V-
2276,fæman,V-
2277,tearflian,V-
2278,cildhad,Nb
2279,fyr,Nb
2280,hwæt,Py
2281,gefylstan,V-
2282,us,Pp
2283,ure,Pp
2284,gelyfed,A-
2285,meahtelic,A-
2286,ungeleaffulness,Nb
2287,toirnan,V-
2288,digollice,Df
2289,gebed,Nb
2290,Capharnaum,Ne
2291,twelfe,Py
2292,middel,Nb
2293,beclypian,V-
2294,gerad,A-
2295,drinc,Nb
2296,lytling,Nb
2297,cweornstan,Nb
2298,sweora,Nb
2299,gecnyttan,V-
2300,beweorpan,V-
2301,swician,V-
2302,wanhal,A-
2303,Twa,Py
2304,hel,Nb
2305,unacwencedlic,A-
2306,wyrm,Nb
2307,acwencan,V-
2308,healt,A-
2309,adwæscan,V-
2310,Godes,Ne
2311,gesyltan,V-
2312,offrung,Nb
2313,sealt,Nb
2314,unsealt,A-
2315,syltan,V-
2316,Iordan,Ne
2317,writan,V-
2318,hiwgedal,Nb
2319,heardness,Nb
2320,fruma,Nb
2321,gesceaft,Nb
2322,wæpnedmann,Nb
2323,geþeodan,V-
2324,syndrian,V-
2325,unrihthæman,V-
2326,unweorþlice,Df
2327,la,I-
2328,stelan,V-
2329,leas,A-
2330,minre,Ps
2331,wana,A-
2332,gesyllan,V-
2333,þearfa,Nb
2334,gnornian,V-
2335,earfoþlice,Df
2336,eaþe,A-
2337,nædl,Nb
2338,þyrel,Nb
2339,ric,A-
2340,uneaðelic,A-
2341,eaðelic,A-
2342,gesweostor,Nb
2343,towear,A-
2344,weorold,Nb
2345,fyrmest,A-
2346,toweard,A-
2347,þæt,Df
2348,geniðerian,V-
2349,fulluht,Nb
2350,gebelgan,V-
2351,ealdorscipe,Nb
2352,þeow,Nb
2353,alysednys,Nb
2354,Gericho,Ne
2355,Timeus,Ne
2356,Bartimeus,Ne
2357,miltsian,V-
2358,ætstandan,V-
2359,geheort,A-
2360,forþræsan,V-
2361,Bethania,Ne
2362,Oliuete,Ne
2363,dun,Nb
2364,assa,Nb
2365,fola,Nb
2366,getigan,V-
2367,untigan,V-
2368,twicene,Nb
2369,alecgan,V-
2370,streccan,V-
2371,heawan,V-
2372,streawian,V-
2373,æfter,Df
2374,osanna,F-
2375,gebletsian,V-
2376,heahnes,Nb
2377,templ,Nb
2378,æfentima,Nb
2379,fictreow,Nb
2380,drifan,V-
2381,mynetere,Nb
2382,þroc,Nb
2383,heahsetl,Nb
2384,cypan,V-
2385,geþafian,V-
2386,ðurh,R-
2387,gebedhus,Nb
2388,sceaþa,Nb
2389,merigen,Nb
2390,truwa,Nb
2391,afyrran,V-
2392,agen,R-
2393,heahsacerd,Nb
2394,hwi,Du
2395,plantian,V-
2396,wingeard,Nb
2397,betynan,V-
2398,delfan,V-
2399,seaþ,Nb
2400,stipel,Nb
2401,eorþtilia,Nb
2402,elþeodignis,Nb
2403,tilia,Nb
2404,idelhende,A-
2405,teon,Nb
2406,beatan,V-
2407,leofost,A-
2408,æt-nyhstan,Df
2409,betweonan,R-
2410,earfednume,Nb
2411,irfeweardness,Nb
2412,wiþutan,R-
2413,oðer,Px
2414,wyrhta,Nb
2415,hyrne,Nb
2416,wundorlic,A-
2417,Herodiani,Ne
2418,befon,V-
2419,soþfæst,A-
2420,soþfæstness,Nb
2421,Casere,Nb
2422,lotwrencceast,Nb
2423,agyfan,V-
2424,Sadducaei,Nb
2425,ærist,Nb
2426,læfan,V-
2427,weccan,V-
2428,eornostlice,Df
2429,ærest,A-
2430,gelice,Df
2431,æfter,A-
2432,hwilc,Py
2433,dwelian,V-
2434,wifian,V-
2435,giftian,V-
2436,gorstbeam,Nb
2437,Abraham,Ne
2438,Isaac,Ne
2439,Israhel,Ne
2440,gelic,A-
2441,nihsta,Nb
2442,gelufod,V-
2443,andgit,Nb
2444,onsægedness,Nb
2445,wislice,Df
2446,ahsian,V-
2447,fotsceamel,Nb
2448,lareowsetl,Nb
2449,widuwe,Nb
2450,forswelgan,V-
2451,langsum,A-
2452,tollsceamol,Nb
2453,torfian,V-
2454,feorþling,Nb
2455,eallinga,Df
2456,genoh,A-
2457,andleofen,Nb
2458,getimbrung,Nb
2459,synderlice,Df
2460,hwanne,Du
2461,hwylc,Pi
2462,gebelimpan,V-
2463,styrung,Nb
2464,geþeaht,Nb
2465,dema,Nb
2466,gebodian,V-
2467,foresmeagan,V-
2468,maga,Nb
2469,gewæcan,V-
2470,hatung,Nb
2471,toworpenness,Nb
2472,ascunung,Nb
2473,þecen,Nb
2474,wa,I-
2475,cennan,V-
2476,frymþ,Nb
2477,gescyrtan,V-
2478,gecorenum,V-
2479,crist,Nb
2480,forebeacen,Nb
2481,geswencednes,Nb
2482,aþeostrian,V-
2483,beorhtnes,Nb
2484,astyrian,V-
2485,genip,Nb
2486,twig,Nb
2487,mearu,A-
2488,acennan,V-
2489,gehende,Df
2490,cneores,Nb
2491,wacian,V-
2492,ælþeodiglice,Df
2493,gehwilc,Py
2494,duruweard,Nb
2495,hancred,Nb
2496,freolsdæg,Nb
2497,Simone,Ne
2498,sealfbox,Nb
2499,nard,Nb
2500,agitan,V-
2501,forberan,V-
2502,sealf,Nb
2503,forspillednes,Nb
2504,irsian,V-
2505,gram,A-
2506,tela,Df
2507,lichama,Nb
2508,middaneard,Nb
2509,gemynd,Nb
2510,wiþersaca,Nb
2511,belæwan,V-
2512,fægenian,V-
2513,digellice,Df
2514,azimorum,F-
2515,offrian,V-
2516,wæterflasce,Nb
2517,gæsthus,Nb
2518,gedæftan,V-
2519,gegeearwian,V-
2520,dreorig,A-
2521,dyppan,V-
2522,afon,V-
2523,cyðnes,Nb
2524,gecweþan,V-
2525,eleberge,Nb
2526,geuntreowsian,V-
2527,todræfan,V-
2528,hana,Nb
2529,crawan,V-
2530,þriwa,Df
2531,wiþsecgan,V-
2532,ætsacan,V-
2533,tune,Nb
2534,Gezemani,Ne
2535,sargian,V-
2536,lythwon,Df
2537,forþstæppan,V-
2538,Abba,F-
2539,gearu,A-
2540,bewende,V-
2541,gehefigian,V-
2542,sweord,Nb
2543,sagol,Nb
2544,læwa,Nb
2545,wærlice,Df
2546,abredan,V-
2547,Dæghwamlice,Df
2548,geongling,Nb
2549,cafertun,Nb
2550,wirman,V-
2551,tal,Nb
2552,gecyþnes,Nb
2553,þæslice,A-
2554,handworht,A-
2555,unhandworht,A-
2556,hyra,Ps
2557,þæslic,A-
2558,midlene,Nb
2559,onweorpan,V-
2560,cyðere,Nb
2561,bismer,Nb
2562,hyrwan,V-
2563,oferwreon,V-
2564,fyst,Nb
2565,þignen,Nb
2566,abutan,Df
2567,gemunan,V-
2568,gemot,Nb
2569,Pilatus,Ne
2570,wregan,V-
2571,symbeldæg,Nb
2572,Barrabbas,Ne
2573,gebunden,V-
2574,ræpling,Nb
2575,swiccræft,Nb
2576,mansliht,Nb
2577,anda,Nb
2578,Barrabas,Ne
2579,hon,V-
2580,beswingan,V-
2581,cempa,Nb
2582,domern,Nb
2583,werod,Nb
2584,purpure,Nb
2585,þyrnen,A-
2586,helm,Nb
2587,awindan,V-
2588,hreod,Nb
2589,cneo,Nb
2590,bigan,V-
2591,geeadmedan,V-
2592,genidan,V-
2593,wegferend,Nb
2594,Cyreneus,Ne
2595,cumende,V-
2596,Rufus,Ne
2597,Golgotha,Ne
2598,heafodpanne,Nb
2599,gebiterian,V-
2600,hlot,Nb
2601,gehwa,Px
2602,underntid,Nb
2603,ofergewrit,Nb
2604,unrihtwis,A-
2605,getellan,V-
2606,forþstapan,V-
2607,gremian,V-
2608,cweccan,V-
2609,wala,I-
2610,rode,Nb
2611,eallswa,Df
2612,Israel,Ne
2613,hangian,V-
2614,þeostru,Nb
2615,nontid,Nb
2616,heloi,F-
2617,lema,F-
2618,sabbattani,F-
2619,fyllan,V-
2620,spynge,Nb
2621,eced,Nb
2622,niþer,Df
2623,wagrift,Nb
2624,oð,R-
2625,niþerweard,A-
2626,hundredmann,Nb
2627,Magdalenisc,A-
2628,Salome,Ne
2629,þenian,V-
2630,Parasceue,F-
2631,Sæterndæg,Ne
2632,Abarimathia,Ne
2633,dyrstelice,Df
2634,bycgan,V-
2635,befealdan,V-
2636,stane,Nb
2637,aheawan,V-
2638,wiltan,V-
2639,Magdalene,Ne
2640,gelecgan,V-
2641,wyrtgemang,Nb
2642,upaspringan,V-
2643,awyltan,V-
2644,heofan,V-
2645,hiw,Nb
2646,naman,Nb
2647,utdrifan,V-
2648,nædre,Nb
2649,derian,V-
2650,deadbærlic,A-
2651,seoc,A-
2652,æghwær,Df
2653,midwyrcan,V-
2654,trymman,V-
2655,æfterfylgan,V-
2656,mag,V-
2657,Eugenia,Ne
2658,mægþhad,Nb
2659,mærlice,Df
2660,þeon,V-
2661,martyrdom,Nb
2662,oferswiðan,V-
2663,Commodus,Ne
2664,heahgerefa,Nb
2665,Romanisc,A-
2666,Cristendom,Nb
2667,eahtnes,Nb
2668,Claudia,Ne
2669,Auitus,Ne
2670,Særgius,Ne
2671,weoroldwisdom,Nb
2672,Grecisc,A-
2673,uþwitigung,Nb
2674,Læden,A-
2675,getingness,Nb
2676,Paulus,Ne
2677,manncynn,Nb
2678,onbryrdan,V-
2679,Alexandisc,A-
2680,cepan,V-
2681,cristen,A-
2682,geleafful,A-
2683,afleon,V-
2684,cristen,Nb
2685,arodlice,Df
2686,singan,V-
2687,mærsian,V-
2688,Omnes,F-
2689,dii,F-
2690,gentium,F-
2691,demonia,F-
2692,dominus,F-
2693,autem,F-
2694,cælos,F-
2695,fecit,F-
2696,gesprecan,V-
2697,Protus,Ne
2698,et,C-
2699,Iacinctus,Ne
2700,Læden,Ne
2701,weoroldlic,A-
2702,eunuchi,F-
2703,belisnian,V-
2704,hold,A-
2705,sundorspræc,Nb
2706,feax,Nb
2707,forceorfan,V-
2708,wæpenmann,Nb
2709,wise,Nb
2710,wæd,Nb
2711,gehiwian,V-
2712,werlic,A-
2713,ameldian,V-
2714,Helenus,Ne
2715,anmodlice,Df
2716,Uia,F-
2717,iustorum,F-
2718,recta,F-
2719,facta,F-
2720,est,F-
2721,et,F-
2722,iter,F-
2723,Sanctorum,F-
2724,preparata,F-
2725,gerihtlæcan,V-
2726,siþfæt,Nb
2727,swefen,Nb
2728,mæssepreost,Nb
2729,Eutropius,Ne
2730,ærend,Nb
2731,geornlice,Df
2732,gecyrran,V-
2733,ful,A-
2734,hæðenscipe,Nb
2735,nateshwon,Df
2736,totwæman,V-
2737,gelangian,V-
2738,eallmihtig,A-
2739,onwreon,V-
2740,swiþlice,Df
2741,gescildan,V-
2742,þeowian,V-
2743,godspellic,A-
2744,fant,Nb
2745,mynsterlic,A-
2746,drohtnung,Nb
2747,dearnunga,Df
2748,mynster,Nb
2749,gehwa,Py
2750,liðness,Nb
2751,eadmodnes,Nb
2752,godcundlic,A-
2753,wulf,Nb
2754,geefemlæcan,V-
2755,synderlic,A-
2756,digolnes,Nb
2757,bedyrnan,V-
2758,wicca,Nb
2759,wis,A-
2760,gesecgan,V-
2761,godnes,Nb
2762,leasung,Nb
2763,het,V-
2764,asmiðian,V-
2765,smæte,A-
2766,gyden,Nb
2767,hohfull,A-
2768,wissian,V-
2769,had,Nb
2770,gebysnian,V-
2771,gedrohtnung,Nb
2772,þeowdom,Nb
2773,carfulnys,Nb
2774,hyred,Nb
2775,gewissian,V-
2776,geunnan,V-
2777,wealdend,Nb
2778,geneosian,V-
2779,ofsettan,V-
2780,Melantia,Ne
2781,langsumum,A-
2782,gemearcian,V-
2783,rodetacen,Nb
2784,aspiwan,V-
2785,sceatt,Nb
2786,hæle,Nb
2787,forsacan,V-
2788,tyhtan,V-
2789,wædla,Nb
2790,edlean,Nb
2791,unmæþlice,Df
2792,lac,Nb
2793,runung,Nb
2794,afyllan,V-
2795,gebredan,V-
2796,bysmorfull,A-
2797,sweart,A-
2798,geþoht,Nb
2799,unlytel,Py
2800,forewyrcend,Nb
2801,unrihtwisness,Nb
2802,oleccung,Nb
2803,swicol,A-
2804,geswæs,A-
2805,lust,Nb
2806,bepæcan,V-
2807,tyhting,Nb
2808,miltestre,Nb
2809,gebygan,V-
2810,bismerlic,A-
2811,hæmed,Nb
2812,gebledsian,V-
2813,sceand,Nb
2814,galnes,Nb
2815,ontendness,Nb
2816,grama,Nb
2817,mæge,Nb
2818,gefara,Nb
2819,sweartness,Nb
2820,fætels,Nb
2821,ofsceamian,V-
2822,beginnan,V-
2823,forsecgan,V-
2824,ahreddan,V-
2825,facenful,A-
2826,segen,Nb
2827,gehathirtan,V-
2828,gefeccan,V-
2829,cweartern,Nb
2830,gewrecan,V-
2831,unscyldig,A-
2832,forscyldigian,V-
2833,forliger,Nb
2834,eaþe,Df
2835,unhlisa,Nb
2836,onsagu,Nb
2837,oferdrifan,V-
2838,gefæstnian,V-
2839,wregestre,Nb
2840,friþian,V-
2841,gelygnian,V-
2842,wiln,Nb
2843,hired,Nb
2844,fracodlice,Df
2845,gebismerian,V-
2846,hream,Nb
2847,hredding,Nb
2848,ofclipian,V-
2849,forleogan,V-
2850,gewita,Nb
2851,awægan,V-
2852,sweotolung,Nb
2853,aclænsian,V-
2854,clænnes,Nb
2855,gerela,Nb
2856,geefesian,V-
2857,toteran,V-
2858,gewæde,Nb
2859,breost,Nb
2860,breme,A-
2861,gebedda,Nb
2862,gesetla,Nb
2863,Sergius,Ne
2864,middaneardlic,A-
2865,meox,Nb
2866,fostercild,Nb
2867,drohtnian,V-
2868,hiredcniht,Nb
2869,eadmodlice,Df
2870,gecyþan,V-
2871,unþanc,Nb
2872,geþingian,V-
2873,awrecan,V-
2874,ufan,Df
2875,onhawian,V-
2876,botl,Nb
2877,Twægen,Py
2878,mennisc,Nb
2879,bigeng,Nb
2880,circe,Nb
2881,geleaffulnes,Nb
2882,Seuerus,Ne
2883,weorþfulness,Nb
2884,wurðodon,V-
2885,Egiptisc,A-
2886,gedwyld,Nb
2887,bryce,Nb
2888,gemundian,V-
2889,hæðena,Nb
2890,geyrsian,V-
2891,benæman,V-
2892,getrymman,V-
2893,freondræden,Nb
2894,swiþlic,A-
2895,wund,Nb
2896,cwic,A-
2897,gefrefrian,V-
2898,astellan,V-
2899,mynecenu,Nb
2900,gehealdsumnys,Nb
2901,bebyrgan,V-
2902,endemes,Df
2903,samod,Df
2904,cyþ,Nb
2905,heafodburh,Nb
2906,healic,A-
2907,Affrica,Ne
2908,Cartagine,Ne
2909,gebegan,V-
2910,gebysnung,Nb
2911,mynegung,Nb
2912,cyneboren,A-
2913,Basilla,Ne
2914,muþ,Nb
2915,onscunigendlic,A-
2916,began,V-
2917,Cornelius,Ne
2918,fulnes,Nb
2919,gebysgian,V-
2920,geriht,Nb
2921,wogere,Nb
2922,Pompeius,Ne
2923,æðelboren,A-
2924,woplic,A-
2925,ceorung,Nb
2926,toheawan,V-
2927,geoffrian,V-
2928,wælhreowlice,Df
2929,gemartyrod,V-
2930,lað,A-
2931,tofeallan,V-
2932,formolsnian,V-
2933,drycræft,Nb
2934,martyr,Nb
2935,geleaffull,A-
2936,geþreat,Nb
2937,Diana,Ne
2938,gebeodan,V-
2939,grundlinga,Df
2940,besincan,V-
2941,weorcstan,Nb
2942,tocnawan,V-
2943,upp,Df
2944,brim,Nb
2945,sælic,A-
2946,beornan,V-
2947,ofen,Nb
2948,hat,A-
2949,acolian,V-
2950,tocyme,Nb
2951,bigleofa,Nb
2952,snawhwit,A-
2953,Onlihtan,V-
2954,afyrhtan,V-
2955,acennednes,Nb
2956,gemartyrian,V-
2957,gastlic,A-
2958,frefrian,V-
2959,gelogian,V-
2960,heahfæder,Nb
2961,getæl,Nb
2962,Sunnandæg,Ne
2963,bestandan,V-
2964,welwillende,A-
2965,weldæd,Nb
2966,Amen,F-
2967,Basilius,Ne
2968,gehealdsum,A-
2969,first,Nb
2970,ungefullod,A-
2971,wære,V-
