1,y,C-
2,el,S-
3,rey,Nb
4,ir,V-
5,se,Pk
6,para,R-
7,Toro,Ne
8,llevar,V-
9,consigo,Pp
10,a,R-
11,reina,Nb
12,su,Ps
13,madre,Nb
14,infante,Nb
15,don,Nb
16,Pero,Ne
17,Johán,Ne
18,Núñez,Ne
19,por,R-
20,recelo,Nb
21,que,Pr
22,tomar,V-
23,de,R-
24,él,Pp
25,razón,Nb
26,que,G-
27,partir,V-
28,este,Pd
29,avenencia,Nb
30,todo,Py
31,tres,Py
32,andar,V-
33,avenir,V-
34,sin,R-
35,ca,G-
36,tan,Df
37,grande,A-
38,pues,G-
39,lo,Pp
40,non,Df
41,hacer,V-
42,ál,Px
43,sino,Df
44,matar,V-
45,uno,Px
46,con,R-
47,otro,Px
48,estar,V-
49,en,R-
50,esto,Pd
51,llegar,V-
52,mandado,Nb
53,cómo,Du
54,encaecer,V-
55,doña,Nb
56,Constanza,Ne
57,mujer,Nb
58,hijo,Nb
59,varón,A-
60,viernes,Ne
61,trece,Py
62,día,Nb
63,agosto,Ne
64,santo,A-
65,Hipólito,Ne
66,ser,V-
67,Alfonso,Ne
68,primero,A-
69,heredero,Nb
70,Castilla,Ne
71,León,Ne
72,placer,V-
73,ende,Df
74,mucho,Df
75,temer,V-
76,criar,V-
77,María,Ne
78,así,Df
79,como,G-
80,haber,V-
81,ordenar,V-
82,tener,V-
83,bien,Df
84,dar,V-
85,crianza,Nb
86,tío,Nb
87,fincar,V-
88,enviar,V-
89,Ponce,Ne
90,decir,V-
91,le,Pp
92,querer,V-
93,ver,V-
94,poner,V-
95,muy,Df
96,pleito,Nb
97,venir,V-
98,Belver,Ne
99,allá,Df
100,consuno,Pp
101,jurar,V-
102,sobre,R-
103,cruz,Nb
104,evangelio,Nb
105,guardar,V-
106,cumplir,V-
107,cuidar,V-
108,sí,Pk
109,otro,Py
110,luego,Df
111,falleció,V-
112,dende,Df
113,Lope,Ne
114,ý,Df
115,Fernando,Ne
116,Ruiz,Ne
117,Saldaña,Ne
118,rico,A-
119,omne,Nb
120,fuerte,A-
121,contra,R-
122,cuando,G-
123,saber,V-
124,pesar,Nb
125,mandadero,Nb
126,Manuel,Ne
127,Haro,Ne
128,tal,Df
129,volver,V-
130,otrosí,Df
131,mover,V-
132,hermano,Nb
133,Ander,Ne
134,mas,C-
135,acordar,V-
136,deque,G-
137,oír,V-
138,extrañar,V-
139,ningún,Py
140,manera,Nb
141,nunca,Df
142,tal,A-
143,cosa,Nb
144,mal,Df
145,traición,Nb
146,deservicio,Nb
147,Dios,Ne
148,siempre,Df
149,comoquiera,Df
150,vegada,Nb
151,probar,V-
152,ahora,Df
153,peor,Df
154,hallar,V-
155,poder,V-
156,mudar,V-
157,encubrir,V-
158,mayor,A-
159,griesgo,Nb
160,entre,R-
161,tierra,Nb
162,Palencia,Ne
163,pedir,V-
164,merced,Nb
165,demanda,Nb
166,cabo,Nb
167,desbaratar,V-
168,aquel,Pd
169,pasar,V-
170,honra,Nb
171,ayuntamiento,Nb
172,entonces,Df
173,tratar,V-
174,casamiento,Nb
175,Aragón,Ne
176,Jaimes,Ne
177,Leonor,Ne
178,vista,Nb
179,Calatayud,Ne
180,boda,Nb
181,desposar,V-
182,edad,Nb
183,año,Nb
184,casar,V-
185,ambos,A-
186,guerra,Nb
187,moro,A-
188,cada,Py
189,parte,Nb
190,historia,Nb
191,contar,V-
192,finar,V-
193,noble,A-
194,dieciseiseno,A-
195,reinado,Nb
196,mil,Py
197,trescientos,Py
198,cuarenta,Ma
199,siete,Py
200,nacencia,Nb
201,nuestro,Ps
202,señor,Nb
203,Jesucristo,Ne
204,nueve,Py
205,Valladolid,Ne
206,mandar,V-
207,ayuntar,V-
208,allí,Df
209,bueno,A-
210,corte,Nb
211,mes,Nb
212,abril,Ne
213,servicio,Nb
214,ese,Pd
215,cinco,Py
216,un,Py
217,moneda,Nb
218,forera,A-
219,pagar,V-
220,vasallo,Nb
221,dinero,Nb
222,salvo,Df
223,Portugal,Ne
224,Sancho,Ne
225,cormano,Nb
226,morir,V-
227,porque,G-
228,villa,Nb
229,lugar,Nb
230,Ledesma,Ne
231,Salvatierra,Ne
232,Mirada,Ne
233,Montemayor,Ne
234,Granada,Ne
235,Galisteo,Ne
236,Alba,Ne
237,Béjar,Ne
238,salir,V-
239,cercar,V-
240,engeño,Nb
241,Johana,Ne
242,nieto,Nb
243,mozo,Nb
244,ni,C-
245,si,G-
246,salvo,A-
247,hierro,Nb
248,caliente,A-
249,quemar,V-
250,dejar,V-
251,heredad,Nb
252,derecho,Nb
253,responder,V-
254,suyo,Ps
255,ante,Df
256,conocer,V-
257,público,Nb
258,mucho,Py
259,escribano,Nb
260,público,A-
261,sobredicho,A-
262,Salamanca,Ne
263,Ávila,Ne
264,camino,Nb
265,Toledo,Ne
266,Jaén,Ne
267,dos,Py
268,Alcaudete,Ne
269,Martos,Ne
270,caballero,Nb
271,casa,Nb
272,riepto,Nb
273,muerte,Nb
274,noche,Nb
275,cual,Pr
276,Benavides,Ne
277,tuerto,Nb
278,emplazar,V-
279,parecer,V-
280,juicio,Nb
281,treinta,Py
282,hueste,Nb
283,esperar,V-
284,según,R-
285,Campo,Ne
286,Calatrava,Ne
287,tornar,V-
288,acá,Df
289,nueva,Nb
290,do,Dq
291,alborozo,Nb
292,cerca,Nb
293,dolencia,Nb
294,afincar,V-
295,no,Df
296,comer,V-
297,carne,Nb
298,beber,V-
299,vino,Nb
300,tanto,Df
301,hasta,R-
302,entregar,V-
303,lunes,Ne
304,septiembre,Ne
305,martes,Ne
306,miércoles,Ne
307,jueves,Ne
308,maestre,Nb
309,entrar,V-
310,mal,Nb
311,arrayaz,Nb
312,Málaga,Ne
313,quien,Pr
314,ya,Df
315,mañana,Nb
316,librar,V-
317,hecho,Nb
318,víspera,Nb
319,echar,V-
320,dormir,V-
321,poco,Df
322,después,Df
323,mediodía,Nb
324,cama,Nb
325,guisa,Nb
326,ninguno,Px
327,emplazamiento,Nb
328,ruido,Nb
329,llanto,Nb
330,hora,Nb
331,pendón,Nb
332,llamar,V-
333,aquí,Df
334,adelante,Df
335,acaecer,V-
336,reinar,V-
337,alto,A-
338,comienzo,Nb
339,comenzar,V-
340,era,Nb
341,alzar,V-
342,nombrar,V-
343,recibir,V-
344,veinte,Py
345,seis,Ma
346,más,Df
347,enterrar,V-
348,cuerpo,Nb
349,padre,Nb
350,ciudad,Nb
351,Córdoba,Ne
352,cerca,Df
353,Sevilla,Ne
354,calentura,Nb
355,fazer,V-
356,sosegar,V-
357,paz,Nb
358,recaudo,Nb
359,esa,Pd
360,desamparar,V-
361,quebranto,Nb
362,placer,Nb
363,ambos,Px
364,poco,A-
365,hablar,V-
366,cuánto,Pi
367,bien,Nb
368,señaladamente,Df
369,vez,Nb
370,tutor,Nb
371,consentir,V-
372,ocasión,Nb
373,estragar,V-
374,meter,V-
375,flaco,A-
376,peligro,Nb
377,ello,Pp
378,pugnar,V-
379,lo,S-
380,consejo,Nb
381,acuerdo,Nb
382,aventura,Nb
383,afán,Nb
384,contienda,Nb
385,daño,Nb
386,adolecer,V-
387,guarecer,V-
388,Garcí,Ne
389,González,Ne
390,traer,V-
391,peligroso,A-
392,catar,V-
393,entender,V-
394,pesar,V-
395,sacar,V-
396,recelar,V-
397,ida,Nb
398,sospecha,Nb
399,tardar,V-
400,guisar,V-
401,quién,Pi
402,electo,Nb
403,natural,A-
404,emparentar,V-
405,dueña,Nb
406,Betanza,Ne
407,rogar,V-
408,iglesia,Nb
409,catedral,Nb
410,Salvador,Ne
411,gente,Nb
412,fortaleza,Nb
413,Diego,Ne
414,Gómez,Ne
415,Castañeda,Ne
416,mismo,A-
417,demandar,V-
418,tregua,Nb
419,defiado,A-
420,monasterio,Nb
421,Francisco,Ne
422,Real,Ne
423,mercado,Nb
424,hombre,Nb
425,poderoso,A-
426,alcanzar,V-
427,cuanto,Py
428,acoger,V-
429,corazón,Nb
430,Burgos,Ne
431,o,C-
432,quebrantar,V-
433,fuero,Nb
434,carta,Nb
435,privilegio,Nb
436,libertad,Nb
437,defender,V-
438,amparar,V-
439,condición,Nb
440,escribir,V-
441,Facundo,Ne
442,comedio,Nb
443,ayudar,V-
444,pero,C-
445,contrario,Nb
446,Ariza,Ne
447,suegro,Nb
448,prometer,V-
449,tutoría,Nb
450,Rioja,Ne
451,Bureba,Ne
452,asonada,Nb
453,cerrar,V-
454,puerta,Nb
455,Castrojeriz,Ne
456,Felipe,Ne
457,Ferrando,Ne
458,García,Ne
459,Villamayor,Ne
460,procuador,Nb
461,osar,V-
462,ojo,Nb
463,Carrión,Ne
464,quinientos,Py
465,pie,Nb
466,posar,V-
467,Dueñas,Ne
468,medio,A-
469,legua,Nb
470,afincadamente,Df
471,ruego,Nb
472,morar,V-
473,encerrar,V-
474,adonde,Dq
475,Cuéllar,Ne
476,Extremadura,Ne
477,Olmedo,Ne
478,amanecer,V-
479,cuatro,Py
480,quedar,V-
481,Gonzalo,Ne
482,obispo,Nb
483,Orenes,Ne
484,Osorio,Ne
485,pleitesía,Nb
486,Pedro,Ne
487,Medina,Ne
488,Rioseco,Ne
489,Sànchez,Ne
490,Velasco,Ne
491,sobrino,Nb
492,Villamoriel,Ne
493,descubrir,V-
494,todo,Px
495,desavenencia,Nb
496,tiempo,Nb
497,plazo,Nb
498,Asturias,Ne
499,hidalgo,Nb
500,Becerril,Ne
501,Umbrales,Ne
502,cometer,V-
503,voz,Nb
504,hermandad,Nb
505,arzobispo,Nb
506,Santiago,Ne
507,Ruy,Ne
508,Padrón,Ne
509,prelado,Nb
510,personero,Nb
511,tardanza,Nb
512,soltar,V-
513,palabra,Nb
514,asonar,V-
515,pelea,Nb
516,mester,Nb
517,pro,Nb
518,ca,C-
519,provar,V-
520,Tello,Ne
521,Rodrigálvarez,Ne
522,doce,Py
523,Hamusco,Ne
524,acompañar,V-
525,aguardar,V-
526,oficial,Nb
527,morería,Nb
528,arrabal,Nb
529,aldea,Nb
530,posada,Nb
531,concordia,Nb
532,Pablo,Ne
533,tarde,Nb
534,Magaz,Ne
535,embaratar,V-
536,eso,Pd
537,concejo,Nb
538,elección,Nb
539,Monzón,Ne
540,derredor,Nb
541,Grijota,Ne
542,maguer,G-
543,Rodrigo,Ne
544,discordia,Nb
545,et,F-
546,Peñafiel,Ne
547,Valdecañas,Ne
548,Guillén,Ne
549,Rocafull,Ne
550,todo,A-
551,porfiar,V-
552,et,C-
553,cuanto,Pr
554,lidiar,V-
555,ayuda,Nb
556,seguro,A-
557,poder,Nb
558,cierto,A-
559,cobrar,V-
560,Verdugo,Ne
561,Arévalo,Ne
562,pariente,Nb
563,Coca,Ne
564,apoderar,V-
565,recabdo,Nb
566,menos,Df
567,homenaje,Nb
568,atrever,V-
569,amor,Nb
570,buenamente,Df
571,renunciar,V-
572,esleer,V-
573,desde,R-
574,aun,Df
575,poridad,Nb
576,amigo,Nb
577,tanto,A-
578,segundo,A-
579,trescientos,Ma
580,cuarenta y ocho,Ma
581,diez,Py
582,algún,Py
583,Gutierre,Ne
584,frontera,Nb
585,Nazar,Ne
586,caballería,Nb
587,Alhambra,Ne
588,acorrer,V-
589,Guadix,Ne
590,Rute,Ne
591,castillo,Nb
592,combatir,V-
593,desí,Df
594,sosiego,Nb
595,Palazuelos,Ne
596,otorgar,V-
597,firmar,V-
598,orden,Nb
599,Papa,Nb
600,tirar,V-
601,entredicho,Nb
602,tercia,Nb
603,Cigales,Ne
604,Cabezón,Ne
605,abuelo,Nb
606,cancillería,Nb
607,usar,V-
608,sello,Nb
609,raer,V-
610,blanco,A-
611,donde,Dq
612,conde,Nb
613,Lucanor,Ne
614,Patronio,Ne
615,consejero,Nb
616,mí,Pp
617,honrado,A-
618,mi,Ps
619,me,Pp
620,voluntad,Nb
621,fianza,Nb
622,vender,V-
623,encomendar,V-
624,semejar,V-
625,aprovechamiento,Nb
626,vos,Pp
627,consejar,V-
628,mengua,Nb
629,vuestro,Ps
630,haber2,F-
631,primeramente,Df
632,contecer,V-
633,privado,Nb
634,aquello,Pd
635,fiar,V-
636,andanza,Nb
637,envidia,Nb
638,privanza,Nb
639,trabajar,V-
640,buscar,V-
641,duda,Nb
642,acabar,V-
643,pequeño,A-
644,sufrir,V-
645,cuerdo,A-
646,deber,V-
647,prueba,Nb
648,caer,V-
649,verdad,Nb
650,engañoso,A-
651,como,Dq
652,informar,V-
653,despagar,V-
654,vida,Nb
655,mundo,Nb
656,vanidad,Nb
657,habla,Nb
658,riqueza,Nb
659,intención,Nb
660,pensar,V-
661,desterrar,V-
662,extraño,A-
663,apartado,A-
664,penitencia,Nb
665,pecado,Nb
666,gracia,Nb
667,ganar,V-
668,gloria,Nb
669,paraiso,Nb
670,reino,Nb
671,mantenido,A-
672,justicia,Nb
673,bullicio,Nb
674,también,Df
675,como,C-
676,hacienda,Nb
677,servir,V-
678,leal,A-
679,derechamente,Df
680,gobernar,V-
681,obrar,V-
682,cautivo,Nb
683,sabio,A-
684,filósofo,Nb
685,alegría,Nb
686,ventura,Nb
687,cautivo,A-
688,yerro,Nb
689,maltraer,V-
690,fieramente,Df
691,sino,C-
692,cuita,Nb
693,verdaderamente,Df
694,sabio,Nb
695,escusar,V-
696,cabeza,Nb
697,barba,Nb
698,vestidura,Nb
699,malo,A-
700,apedazar,V-
701,soler,V-
702,limosna,Nb
703,romería,Nb
704,bordón,Nb
705,zapato,Nb
706,roto,A-
707,ferrar,V-
708,costura,Nb
709,pedazo,Nb
710,cuantía,Nb
711,dobla,Nb
712,portero,Nb
713,levantar,V-
714,despertar,V-
715,maravillar,V-
716,marabillar,V-
717,preguntar,V-
718,qué,Pi
719,dios,Nb
720,desconocer,V-
721,laceria,Nb
722,desterramiento,Nb
723,doler,V-
724,haber,Nb
725,abondar,V-
726,asaz,Df
727,pues,Df
728,lealtad,Nb
729,gradecer,V-
730,engañar,V-
731,codicia,Nb
732,menester,Nb
733,convenir,V-
734,durar,V-
735,luengamente,Df
736,aconsejado,A-
737,ejemplo,Nb
738,libro,Nb
739,verso,Nb
740,sentencia,Nb
741,creer,V-
742,endonado,A-
743,grado,Nb
744,piedad,Nb
745,deseo,Nb
746,seguir,V-
747,cuidado,Nb
748,queja,Nb
749,trabar,V-
750,cuál,Pi
751,yo,Pp
752,mucho,Px
753,mejor,Df
754,entendimiento,Nb
755,parar,V-
756,miente,Nb
757,sutil,A-
758,contrallo,Nb
759,contrario,A-
760,cuanto,Df
761,aparejado,A-
762,qui,Pr
763,sutileza,Nb
764,menguar,V-
765,obra,Nb
766,cumplidamente,Df
767,embargar,V-
768,enojo,Nb
769,castigar,V-
770,labrador,Nb
771,comprar,V-
772,bestia,Nb
773,carga,Nb
774,encontrar,V-
775,departir,V-
776,descargar,V-
777,entrambos,Px
778,seso,Nb
779,subir,V-
780,errar,V-
781,viejo,A-
782,cansado,A-
783,descender,V-
784,pieza,Nb
785,topar,V-
786,desaguisado,A-
787,tierno,A-
788,usado,A-
789,estonces,Df
790,abés,Df
791,tú,Pp
792,te,Pp
793,nos,Pp
794,mejor,A-
795,conmigo,Pp
796,tu,Ps
797,sólo,Df
798,dicho,Nb
799,demás,A-
800,arrebatar,V-
801,perder,V-
802,Juan,Ne
803,abreviadamente,Df
804,apartar,V-
805,acertar,V-
806,mancebo,A-
807,nacer,V-
808,vivir,V-
809,cristiano,Nb
810,vecino,Nb
811,culpa,Nb
812,merecer,V-
813,solo,A-
814,naturalmente,Df
815,ante,R-
816,juez,Nb
817,juzgar,V-
818,desventura,Nb
819,pena,Nb
820,infierno,Nb
821,fin,Nb
822,merecimiento,Nb
823,escoger,V-
824,compañero,Nb
825,siervo,Nb
826,comparar,V-
827,sino,R-
828,estado,Nb
829,enmienda,Nb
830,ciertamente,Df
831,apartamiento,Nb
832,maravilla,Nb
833,aspereza,Nb
834,alma,Nb
835,vergüenza,Nb
836,denuesto,Nb
837,fama,Nb
838,mostrar,V-
839,ermitaño,Nb
840,Richalte,Ne
841,Inglaterra,Ne
842,trabajo,Nb
843,asegurar,V-
844,agradecer,V-
845,ángel,Nb
846,petición,Nb
847,compañón,Nb
848,guerrero,A-
849,robar,V-
850,desheredar,V-
851,contrallo,A-
852,alongar,V-
853,carrera,Nb
854,salvación,Nb
855,talante,Nb
856,quejar,V-
857,salto,Nb
858,saltar,V-
859,Francia,Ne
860,Navarra,Ne
861,ultramar,Nb
862,puerto,Nb
863,armar,V-
864,ribera,Nb
865,muchedumbre,Nb
866,nave,Nb
867,caballo,Nb
868,loar,V-
869,desear,V-
870,verdadero,A-
871,vencer,V-
872,acomendar,V-
873,signar,V-
874,signo,Nb
875,espuela,Nb
876,mar,Nb
877,bajo,A-
878,so,R-
879,agua,Nb
880,piadoso,A-
881,pecador,Nb
882,convertir,V-
883,perdurable,A-
884,escapar,V-
885,enderezar,V-
886,inglés,A-
887,pos,Df
888,francés,A-
889,dudar,V-
890,bravamente,Df
891,huir,V-
892,crisitiano,Nb
893,bienandante,A-
894,ensalzamiento,Nb
895,fe,Nb
896,católico,A-
897,emendar,V-
898,ufano,A-
899,valía,Nb
900,mantener,V-
901,poblar,V-
902,solar,Nb
903,lleno,A-
904,salvar,V-
905,mártir,Nb
906,bienaventurado,A-
907,aunque,G-
908,arma,Nb
909,nada,Px
910,diablo,Nb
911,fallecedero,A-
912,agora,Df
913,tras,R-
914,muro,Nb
915,igual,A-
916,alguno,Px
917,convusco,Pp
918,genovés,A-
919,asentar,V-
920,palacio,Nb
921,tesoro,Nb
922,joya,Nb
923,trebejo,Nb
924,veo,V-
925,delante,Df
926,pagado,A-
927,oro,Nb
928,plata,Nb
929,piedra,Nb
930,precioso,A-
931,paño,Ne
932,mercancía,Nb
933,galea,Nb
934,huerta,Nb
935,hermoso,A-
936,deleitoso,A-
937,aparecer,V-
938,fenestra,Nb
939,mula,Nb
940,ave,Nb
941,can,Nb
942,cazar,V-
943,juglar,Nb
944,solaz,Nb
945,apostar,V-
946,estrado,Nb
947,ti,Pp
948,ira,Nb
949,necio,A-
950,aventurar,V-
951,fuerza,Nb
952,cuanto,G-
953,nuevo,A-
954,seer,V-
955,levar,V-
956,cumplimiento,Nb
957,bondad,Nb
958,halagar,V-
959,provechoso,A-
960,engaño,Nb
961,yacer,V-
962,ascondido,A-
963,cuervo,Nb
964,raposo,Nb
965,queso,Nb
966,árbol,Nb
967,embargo,Nb
968,nobleza,Nb
969,apostura,Nb
970,lisonja,Nb
971,apuesto,A-
972,color,Nb
973,péñola,Nb
974,pico,Nb
975,uña,Nb
976,prieto,A-
977,todo,Df
978,lucio,A-
979,pretura,Nb
980,India,Ne
981,pavón,Nb
982,propiedad,Nb
983,conhortar,V-
984,viso,Nb
985,gacela,Nb
986,animalia,Nb
987,mano,Nb
988,tamaño,A-
989,vuelo,Nb
990,ligereza,Nb
991,viento,Nb
992,recio,A-
993,ligeramente,Df
994,cantar,V-
995,canto,Nb
996,mortal,A-
997,alabar,V-
998,sospechar,V-
999,halago,Nb
1000,abrir,V-
1001,asaz,A-
1002,maestría,Nb
1003,arte,Nb
1004,golondrina,Nb
1005,sembrar,V-
1006,lino,Nb
1007,red,Nb
1008,lazo,Nb
1009,arrincar,V-
1010,ligera,A-
1011,deshacer,V-
1012,grave,A-
1013,sentir,V-
1014,crecer,V-
1015,arrancar,V-
1016,arrepentir,V-
1017,antes,Df
1018,arrepentimiento,Nb
1019,seguranza,Nb
1020,linaje,Nb
1021,apercibir,V-
1022,señal,Nb
1023,movimiento,Nb
1024,cualquier,A-
1025,además,Df
1026,atener,V-
1027,vano,A-
1028,fiucia,Nb
1029,Truana,Ne
1030,nombre,Nb
1031,pobre,A-
1032,olla,Nb
1033,miel,Nb
1034,partida,Nb
1035,huevo,Nb
1036,gallina,Nb
1037,valer,V-
1038,oveja,Nb
1039,ganancia,Nb
1040,vecino,A-
1041,asmar,V-
1042,calle,Nb
1043,yerno,Nb
1044,nuera,Nb
1045,buenaventura,Nb
1046,reír,V-
1047,buenandanza,Nb
1048,frente,Nb
1049,quebrar,V-
1050,duelo,Nb
1051,pensamiento,Nb
1052,vana,A-
1053,aguisar,V-
1054,dudoso,A-
1055,afincado,A-
1056,costar,V-
1057,caro,A-
1058,doliente,A-
1059,físico,Nb
1060,abertura,Nb
1061,costado,Nb
1062,hígado,Nb
1063,lavar,V-
1064,melecina,Nb
1065,limpiar,V-
1066,dolor,Nb
1067,gato,Nb
1068,donde,Df
1069,enemigo,Nb
1070,desviar,V-
1071,cualquier,Px
1072,destruir,V-
1073,ligero,A-
1074,Túnez,Ne
1075,Enrique,Ne
1076,amigo,A-
1077,sendos,A-
1078,malquerencia,Nb
1079,enojoso,A-
1080,león,Nb
1081,pechar,V-
1082,corral,Nb
1083,tremer,V-
1084,juntar,V-
1085,mueso,Nb
1086,coz,Nb
1087,sano,A-
1088,avenido,A-
1089,pesebre,Nb
1090,forzadamente,Df
1091,olvidar,V-
1092,afacimiento,Nb
1093,conquerir,V-
1094,antes,C-
1095,pobreza,Nb
1096,conhorte,Nb
1097,escudilla,Nb
1098,altramuz,Nb
1099,hambre,Nb
1100,amargo,A-
1101,sabor,Nb
1102,llorar,V-
1103,corteza,Nb
1104,cabe,R-
1105,suso,Df
1106,esforzar,V-
1107,afincamiento,Nb
1108,desmayar,V-
1109,honrar,V-
1110,excusa,Nb
1111,deán,Nb
1112,Illán,Nb
1113,maestro,Nb
1114,nigromancia,Nb
1115,sazón,Nb
1116,aprender,V-
1117,ciencia,Nb
1118,aderezar,V-
1119,leer,V-
1120,cámara,Nb
1121,venida,Nb
1122,Illán,Ne
1123,aína,Df
1124,yantar,V-
1125,cena,Nb
1126,asosegar,V-
1127,mancebo,Nb
1128,perdiz,Nb
1129,cenar,V-
1130,asar,V-
1131,escalera,Nb
1132,labrar,V-
1133,río,Nb
1134,Tajo,Ne
1135,cima,Nb
1136,estudio,Nb
1137,vivo,A-
1138,respuesta,Nb
1139,esleír,V-
1140,ocho,Py
1141,escudero,Nb
1142,vestir,V-
1143,besar,V-
1144,deanato,Nb
1145,vagar,V-
1146,honradamente,Df
1147,obispado,Nb
1148,Tolosa,Ne
1149,arzobispado,Nb
1150,retraer,V-
1151,cardenal,Nb
1152,fallecer,V-
1153,dignidad,Nb
1154,anciano,A-
1155,atender,V-
1156,ninguno,Py
1157,aquejamiento,Nb
1158,cárcel,Nb
1159,hereje,Nb
1160,encantador,A-
1161,oficio,Nb
1162,galardonar,V-
1163,despedir,V-
1164,solamente,Df
1165,emplear,V-
1166,galardón,Nb
1167,menos,A-
1168,yacuanto,Df
1169,miedo,Nb
1170,espanto,Nb
1171,dentro,Df
1172,recudir,V-
1173,deudo,Nb
1174,gallo,Nb
1175,montaña,Nb
1176,alongado,A-
1177,campo,Nb
1178,escondidamente,Df
1179,amenazar,V-
1180,amenaza,Nb
1181,roer,V-
1182,diente,Nb
1183,golpe,Nb
1184,cola,Nb
1185,empecer,V-
1186,espantar,V-
1187,balde,Nb
1188,monte,Nb
1189,postremero,A-
1190,vianda,Nb
1191,baldío,A-
1192,desmayo,Nb
1193,esforzado,A-
1194,cava,Nb
1195,madera,Nb
1196,cercado,A-
1197,cavar,V-
1198,vagar,Nb
1199,siquiera,C-
1200,perro,Nb
1201,alano,Nb
1202,quedo,A-
1203,regañar,V-
1204,varón,Nb
1205,¡,F-
1206,!,F-
1207,comoquiera,G-
1208,sabedor,A-
1209,sabiduría,Nb
1210,deshonra,Nb
1211,dende,Dq
1212,quequier,Px
1213,guarda,Nb
1214,lombardo,A-
1215,Bolonia,Ne
1216,confesar,V-
1217,Domingo,Ne
1218,fraile,Nb
1219,sudar,V-
1220,rato,Nb
1221,predicar,V-
1222,predicación,Nb
1223,arca,Nb
1224,gusano,Nb
1225,oler,V-
1226,podrido,A-
1227,achaque,Nb
1228,aparejamiento,Nb
1229,desengañar,V-
1230,apercibimiento,Nb
1231,abastecer,V-
1232,defendimiento,Nb
1233,Lorenzo,Ne
1234,Suárez,Ne
1235,Gallinato,Ne
1236,Périz,Ne
1237,Vargas,Ne
1238,porfía,Nb
1239,lanza,Nb
1240,torre,Nb
1241,barbacana,Nb
1242,cuento,Nb
1243,rienda,Nb
1244,escarnecer,V-
1245,paso,Nb
1246,herir,V-
1247,Xuárez,Ne
1248,maravilloso,A-
1249,real,Nb
1250,prisa,Nb
1251,tienda,Nb
1252,prender,V-
1253,locura,Nb
1254,rebato,Nb
1255,esfuerzo,Nb
1256,primero,Df
1257,tercero,A-
1258,derecho,A-
1259,arrebatadamente,Df
1260,forzar,V-
1261,premia,Nb
1262,cuarto,A-
1263,naturis,Nb
1264,rerum,Nb
1265,Beda,Ne
1266,animal,Nb
1267,Indias,Ne
1268,peloso,A-
1269,humano,A-
1270,cuerno,Nb
1271,mitad,Nb
1272,abajo,Df
1273,cabrón,Nb
1274,semejante,A-
1275,monstruo,Nb
1276,sátiro,Nb
1277,fauno,Nb
1278,íncubo,Nb
1279,oriente,Nb
1280,muerto,A-
1281,salado,A-
1282,Alejandría,Ne
1283,Constantinopla,Ne
1284,emperador,Nb
1285,grandeza,Nb
1286,miembro,Nb
1287,cara,Nb
1288,pierna,Nb
1289,brazo,Nb
1290,pelo,Nb
1291,cerro,Nb
1292,cabello,Nb
1293,cocer,V-
1294,boca,Nb
1295,donde,G-
1296,allegar,V-
1297,sexo,Nb
1298,masculino,A-
1299,femenino,A-
1300,cruel,A-
1301,Adelio,Ne
1302,arpía,Nb
1303,desierto,Nb
1304,Jónico,Ne
1305,rostro,Nb
1306,hambriento,A-
1307,hartar,V-
1308,presto,A-
1309,malfacer,V-
1310,alguno,Py
1311,claro,A-
1312,mirar,V-
1313,faz,Nb
1314,semejable,A-
1315,agudo,A-
1316,ingenio,Nb
1317,prestamente,Df
1318,lengua,Nb
1319,doméstico,A-
1320,Nilo,Ne
1321,jamás,Df
1322,nido,Nb
1323,tampoco,Df
1324,pollo,Nb
1325,águila,Nb
1326,pluma,Nb
1327,divisar,V-
1328,natura,Nb
1329,gemir,V-
1330,persona,Nb
1331,cesar,V-
1332,recobrar,V-
1333,oriental,A-
1334,Erodio,Ne
1335,declinar,V-
1336,pecho,Nb
1337,ala,Nb
1338,azul,A-
1339,caza,Nb
1340,volar,V-
1341,maravillosamente,Df
1342,altanería,Nb
1343,derribar,V-
1344,seis,Py
1345,lavanco,Nb
1346,grulla,Nb
1347,abutarda,Nb
1348,príncipe,Nb
1349,preciar,V-
1350,precio,Nb
1351,Germania,Ne
1352,lucida,Nb
1353,relucir,V-
1354,tenebroso,A-
1355,quienquiera,Px
1356,oscuridad,Nb
1357,pluvial,Nb
1358,diverso,A-
1359,engordar,V-
1360,aire,Nb
1361,buche,Nb
1362,filomena,Nb
1363,verano,Nb
1364,consonancia,Nb
1365,música,Nb
1366,deleitar,V-
1367,tarde,Df
1368,Plinio,Ne
1369,tórtola,Nb
1370,alegar,V-
1371,casto,A-
1372,compañía,Nb
1373,verde,A-
1374,basilisco,Nb
1375,Jacobo,Ne
1376,Anconense,Ne
1377,serpiente,Nb
1378,pintado,A-
1379,peca,Nb
1380,como,R-
1381,corona,Nb
1382,largura,Nb
1383,resuello,Nb
1384,venenoso,A-
1385,infeccionar,V-
1386,hierba,Nb
1387,secar,V-
1388,áspid,Nb
1389,amarillo,A-
1390,morder,V-
1391,encantar,V-
1392,instinto,Nb
1393,oreja,Nb
1394,suelo,Nb
1395,apretar,V-
1396,increíble,A-
1397,cerasta,Nb
1398,maravillosa,A-
1399,astucia,Nb
1400,asconder,V-
1401,debajo,Df
1402,arena,Nb
1403,fuera,Df
1404,súbito,A-
1405,valor,Nb
1406,virtud,Nb
1407,dondequiera,Df
1408,ponzoña,Nb
1409,cuchillo,Nb
1410,mesa,Nb
1411,ponzoñoso,A-
1412,virgen,A-
1413,adormecer,V-
1414,Cleopatra,Ne
1415,quieto,A-
1416,sepulcro,Nb
1417,Antonio,Ne
1418,marido,Nb
1419,salamandra,Nb
1420,puerco,Nb
1421,simio,Nb
1422,fuego,Nb
1423,Aristóteles,Ne
1424,Isidoro,Ne
1425,magro,A-
1426,sangre,Nb
1427,toca,V-
1428,fruto,Nb
1429,Asia,Nb
1430,parir,V-
1431,macho,Nb
1432,hembra,Nb
1433,octavo,A-
1434,Alexandre,Ne
1435,ropa,Nb
1436,lana,Nb
1437,algo,Px
1438,mancillar,V-
1439,limpio,A-
1440,neto,A-
1441,Solino,Ne
1442,afirmar,V-
1443,cinta,Nb
1444,tejer,V-
1445,experiencia,Nb
1446,arder,V-
1447,resfriar,V-
1448,piel,Nb
1449,pintar,V-
1450,estelión,Nb
1451,luciente,A-
1452,estrella,Nb
1453,enemigo,A-
1454,dragón,Nb
1455,tragar,V-
1456,ciervo,Nb
1457,montés,A-
1458,entero,A-
1459,Océano,Ne
1460,víbora,Nb
1461,engendrar,V-
1462,remedio,Nb
1463,mordedura,Nb
1464,cortar,V-
1465,Basilio,Ne
1466,Adán,Ne
1467,manzana,Nb
1468,bocado,Nb
1469,señalar,V-
1470,memoria,Nb
1471,deceno,A-
1472,cedro,Nb
1473,altura,Nb
1474,nube,Nb
1475,olor,Nb
1476,resina,Nb
1477,menor,A-
1478,marino,A-
1479,cedrina,A-
1480,lináloe,Nb
1481,Arabia,Ne
1482,salvo,R-
1483,ramo,Nb
1484,Babilónico,Ne
1485,corriente,Nb
1486,artificio,Nb
1487,mediterráneo,A-
1488,aprovechar,V-
1489,estómago,Nb
1490,flaqueza,Nb
1491,mayormente,Df
1492,moler,V-
1493,añejo,A-
1494,madero,Nb
1495,noguera,Nb
1496,pesado,A-
1497,nudoso,A-
1498,suave,A-
1499,bálsamo,Nb
1500,antiguamente,Df
1501,autor,Nb
1502,onceno,A-
1503,trasladar,V-
1504,Jericó,Ne
1505,señorío,Nb
1506,agareno,A-
1507,experimentar,V-
1508,soldán,Nb
1509,parra,Nb
1510,podar,V-
1511,coger,V-
1512,ampolla,Nb
1513,vidrio,Nb
1514,diligencia,Nb
1515,presente,A-
1516,sujeto,A-
1517,rama,Nb
1518,menudo,A-
1519,caldera,Nb
1520,limpiamente,Df
1521,aceite,Nb
1522,comúnmente,Df
1523,fino,A-
1524,quitar,V-
1525,mancilla,Nb
1526,penetrar,V-
1527,incorruptible,A-
1528,fuente,Nb
1529,dulce,A-
1530,regar,V-
1531,pedernal,Nb
1532,hoja,Nb
1533,adáraga,Nb
1534,liso,A-
1535,vena,Nb
1536,seco,A-
1537,papel,Nb
1538,Posio,Ne
1539,Eugenio,Ne
1540,Agustino,Ne
1541,prólogo,Nb
1542,treceno,A-
1543,terrestre,A-
1544,entraña,Nb
1545,Frisón,Ne
1546,Ganges,Ne
1547,Estaturio,Ne
1548,Sión,Ne
1549,Tigris,Ne
1550,Éufrates,Ne
1551,Armenia,Ne
1552,Mediterráneo,Ne
1553,lanzar,V-
1554,variedad,Nb
1555,vario,A-
1556,Etiopía,Ne
1557,Garamate,Ne
1558,frío,A-
1559,tocar,V-
1560,confeccionar,V-
1561,encender,V-
1562,lumbre,Nb
1563,griego,A-
1564,vinagre,Nb
1565,orina,Nb
1566,enfermedad,Nb
1567,herida,Nb
1568,sanar,V-
1569,curar,V-
1570,Boecia,Ne
1571,pasado,A-
1572,olvidanza,Nb
1573,Tesalia,Ne
1574,negro,A-
1575,Idumea,Ne
1576,Job,Ne
1577,colorado,A-
1578,polvoriento,A-
1579,lago,Nb
1580,nadar,V-
1581,hondo,A-
1582,Hibernia,Ne
1583,hincar,V-
1584,palo,Nb
1585,enfermo,A-
1586,ladrón,Nb
1587,mojar,V-
1588,culpado,A-
1589,Líbano,Ne
1590,correr,V-
1591,Arcas,Ne
1592,Rafanea,Ne
1593,semana,Nb
1594,seteno,A-
1595,cubrir,V-
1596,Persia,Ne
1597,congelar,V-
1598,encima,Df
1599,asimismo,Df
1600,Rin,Ne
1601,Alemania,Ne
1602,Arcadia,Ne
1603,asbesto,Nb
1604,candela,Nb
1605,tempestad,Nb
1606,alecorio,Nb
1607,castrado,A-
1608,cristal,Nb
1609,haba,Nb
1610,sed,Nb
1611,vencedor,A-
1612,confirmar,V-
1613,coral,Nb
1614,trueno,Nb
1615,relámpago,Nb
1616,rayo,Nb
1617,cornerina,Nb
1618,restañar,V-
1619,nariz,Nb
1620,luvia,Nb
1621,esculpir,V-
1622,Israel,Ne
1623,inspiración,Nb
1624,divino,A-
1625,jaspe,Nb
1626,hidropesía,Nb
1627,hinojo,Nb
1628,apio,Nb
1629,preñado,A-
1630,demonio,Nb
1631,jacinto,Nb
1632,pestilencia,Nb
1633,cera,Nb
1634,ruda,Nb
1635,doceno,A-
1636,raíz,Nb
1637,peonía,Nb
1638,castor,Nb
1639,provocar,V-
1640,monstruoso,A-
1641,criatura,Nb
1642,vientre,Nb
1643,zumo,Nb
1644,hinchazón,Nb
1645,quier,C-
1646,majar,V-
1647,encorporar,V-
1648,manteca,Nb
1649,vaca,Nb
1650,desatar,V-
1651,hichazón,Nb
1652,veneno,Nb
1653,azúcar,Nb
1654,bermejura,Nb
1655,oído,Nb
1656,clarificar,V-
1657,temor,Nb
1658,orofragia,Nb
1659,polvo,Nb
1660,seluya,Nb
1661,opilación,Nb
1662,perlesía,Nb
1663,perla,Nb
1664,disolver,V-
1665,carbunco,Nb
1666,catorceno,A-
1667,rubí,Nb
1668,balaje,Nb
1669,perfección,Nb
1670,Libia,Ne
1671,elefante,Nb
1672,sojuzgar,V-
1673,reconocer,V-
1674,beneficio,Nb
1675,belicoso,A-
1676,osado,A-
1677,batalla,Nb
1678,cuarenta,Py
1679,armado,A-
1680,espantable,A-
1681,pelear,V-
1682,conquistar,V-
1683,morador,Nb
1684,estatua,Nb
1685,alambre,Nb
1686,artificiosamente,Df
1687,ímpetu,Nb
1688,victoria,Nb
1689,indiano,A-
1690,domar,V-
1691,naturis,A-
1692,desnudo,A-
1693,lamer,V-
1694,cuello,Nb
1695,teta,Nb
1696,cuero,Nb
1697,delgado,A-
1698,bacín,Nb
1699,atónito,A-
1700,atar,V-
1701,manida,Nb
1702,aserrar,V-
1703,peso,Nb
1704,azote,Nb
1705,doblar,V-
1706,juntura,Nb
1707,soldar,V-
1708,encorvar,V-
1709,todavía,Df
1710,esconder,V-
1711,espeso,A-
1712,unicornio,Nb
1713,bravo,A-
1714,comparación,Nb
1715,aguzar,V-
1716,astuto,A-
1717,habitar,V-
1718,ferocidad,Nb
1719,cazador,A-
1720,ligar,V-
1721,ligadura,Nb
1722,allende,Df
1723,princesa,Nb
1724,secretario,Nb
1725,Nicola,Ne
1726,Véneto,Ne
1727,necesidad,Nb
1728,renegar,V-
1729,santa,A-
1730,absolver,V-
1731,juramento,Nb
1732,embajador,Nb
1733,si,Df
1734,general,A-
1735,luengo,A-
1736,vejez,Nb
1737,común,A-
1738,cien,Py
1739,treinta,Px
1740,cincuenta,Py
1741,doscientos,Py
1742,causa,Nb
1743,infinito,A-
1744,soberano,A-
1745,diversidad,Nb
1746,abundancia,Nb
1747,provincia,Nb
1748,forma,Nb
1749,buitre,Nb
1750,pegar,V-
1751,especialmente,Df
1752,diamante,Nb
1753,cebar,V-
1754,Asiria,Ne
1755,nacimiento,Nb
1756,sol,Nb
1757,poniente,Nb
1758,fenecer,V-
1759,septentrión,Nb
1760,Meótida,Ne
1761,Tanais,Ne
1762,terminar,V-
1763,Moisén,Ne
1764,Génesis,Ne
1765,cielo,Nb
1766,mandamiento,Nb
1767,aducir,V-
1768,diluvio,Nb
1769,fueras,R-
1770,Noé,Ne
1771,Sem,Ne
1772,Cam,Ne
1773,Jafet,Ne
1774,soberbio,A-
1775,dañar,V-
1776,lenguaje,Nb
1777,labor,Nb
1778,biblia,Nb
1779,antiguo,A-
1780,Asia,Ne
1781,África,Ne
1782,Europa,Ne
1783,cuamaño,Pi
1784,tañer,V-
1785,España,Ne
1786,onde,Df
1787,derramar,V-
1788,heredar,V-
1789,Cam,Nb
1790,mediano,A-
1791,Amano,Ne
1792,Cilicia,Ne
1793,Siria,Ne
1794,envuelta,V-
1795,medio,Nb
1796,departimiento,Nb
1797,Cádiz,Ne
1798,isla,Nb
1799,Hércules,Ne
1800,ó,Df
1801,cumplido,A-
1802,toller,V-
1803,lid,Nb
1804,comenzamiento,Nb
1805,cuamaño,A-
1806,Rifeos,Ne
1807,mojón,Nb
1808,cierzo,Nb
1809,Bretaña,Ne
1810,Islandia,Ne
1811,Escocia,Ne
1812,Escancia,Ne
1813,Noruega,Ne
1814,Tisia,Ne
1815,Cile,Ne
1816,occidente,Nb
1817,pertenencia,Nb
1818,Mallorca,Ne
1819,Menorca,Ne
1820,Ibiza,Ne
1821,Formentera,Ne
1822,Córcega,Ne
1823,Cerdeña,Ne
1824,Sicilia,Ne
1825,Mitilene,Ne
1826,Venecia,Ne
1827,Creta,Ne
1828,Patmos,Ne
1829,Ponto,Ne
1830,Corfú,Ne
1831,término,Nb
1832,Gómer,Ne
1833,Magog,Ne
1834,Madai,Ne
1835,Javán,Ne
1836,quinto,A-
1837,Tubal,Ne
1838,sexto,A-
1839,Mesec,Ne
1840,Tirás,Ne
1841,Asenec,Ne
1842,Togormá,Ne
1843,reginos,Nb
1844,Calabria,Ne
1845,Apulia,Ne
1846,Lacio,Ne
1847,latino,A-
1848,paflagón,A-
1849,Paflagonia,Ne
1850,ligur,A-
1851,milio,A-
1852,frigiano,A-
1853,Frigia,Ne
1854,Hielisa,Ne
1855,eólida,A-
1856,ciliciano,A-
1857,Galacia,Ne
1858,galogriego,A-
1859,escita,A-
1860,godo,A-
1861,vándalo,A-
1862,suevo,A-
1863,alano,A-
1864,medo,A-
1865,Media,Ne
1866,ilión,A-
1867,Grecia,Ne
1868,Troya,Ne
1869,Ilión,Ne
1870,alcázar,Nb
1871,o,Dq
1872,Príamo,Ne
1873,Antenor,Ne
1874,soterrar,V-
1875,Pavía,Ne
1876,Lombardía,Ne
1877,Teutonia,Ne
1878,Mercurio,Ne
1879,Teutos,Ne
1880,Lemán,Ne
1881,Lotaringia,Ne
1882,Lorena,Ne
1883,Bramancia,Ne
1884,Westfalia,Ne
1885,Frisia,Ne
1886,Frisa,Ne
1887,Turingia,Ne
1888,Sajonia,Ne
1889,Sansona,Ne
1890,Suevia,Ne
1891,Suabia,Ne
1892,Babaria,Ne
1893,Franconia,Ne
1894,Carintia,Ne
1895,Austria,Ne
1896,Oesterreich,Ne
1897,frangir,V-
1898,Bruto,Ne
1899,enantes,Df
1900,Silvaria,Ne
1901,cambiar,V-
1902,Capadocia,Ne
1903,Masaca,Ne
1904,tiraciano,A-
1905,Tracia,Ne
1906,encortar,V-
1907,español,A-
1908,Pirineos,Ne
1909,Bayona,Ne
1910,atravesar,V-
1911,Colliure,Ne
1912,aqueste,Pd
1913,pueblo,Nb
1914,cetubal,A-
1915,compaña,Nb
1916,llano,Nb
1917,Ebro,Ne
1918,Héspero,Ne
1919,Hesperia,Ne
1920,Celtiberia,Ne
1921,ancho,A-
1922,hacia,R-
1923,llano,A-
1924,Carpetania,Ne
1925,Oca,Ne
1926,Calahorra,Ne
1927,Tarragona,Ne
1928,Auripa,Ne
1929,César,Ne
1930,Augusto,Ne
1931,Cesaraugusta,Ne
1932,Zaragoza,Ne
1933,tender,V-
1934,Álava,Ne
1935,silingo,A-
1936,Sil,Ne
1937,galacios,A-
1938,Galicia,Ne
1939,Cea,Ne
1940,Gaya,Ne
1941,galés,A-
1942,arribar,V-
1943,Porto,Ne
1944,yermo,A-
1945,Duero,Ne
1946,Miño,Ne
1947,Andalucía,Ne
1948,Guadiana,Ne
1949,Júcar,Ne
1950,Lucena,Ne
1951,lusio,A-
1952,Gerión,Ne
1953,Bética,Ne
1954,Betis,Ne
1955,Guadalquivir,Ne
1956,sierra,Nb
1957,caudillo,Nb
1958,señalado,A-
1959,Babilonia,Ne
1960,Falec,Ne
1961,Gedeón,Ne
1962,prisión,Nb
1963,Rómulo,Ne
1964,Roma,Ne
1965,cuatrocientos,Py
1966,cónsul,Nb
1967,Tarquinio,Ne
1968,Julio,Ne
1969,Escipión,Ne
1970,Telamón,Ne
1971,renombrado,A-
1972,saber,Nb
1973,Fénix,Ne
1974,vicioso,A-
1975,Agenor,Ne
1976,Tiro,Ne
1977,Sidón,Ne
1978,Júpiter,Ne
1979,Cadmo,Ne
1980,Tebas,Ne
1981,sobrenombre,Nb
1982,Sanao,Ne
1983,Egipto,Ne
1984,valiente,A-
1985,componer,V-
1986,granado,A-
1987,letra,Nb
1988,her,F-
1989,cleos,F-
1990,batallador,A-
1991,Alcmena,Ne
1992,Anfitrión,Ne
1993,Euristeo,Ne
1994,Juno,Ne
1995,agnado,A-
1996,comarca,Nb
1997,toro,Nb
1998,Partemio,Ne
1999,selva,Nb
2000,Nemea,Ne
2001,laguna,Nb
2002,Lerna,Ne
2003,segudar,V-
2004,Cremona,Ne
2005,Fineo,Ne
2006,cegar,V-
2007,Jasón,Ne
2008,carnero,Nb
2009,dorado,A-
2010,Cólquide,Ne
2011,Laomedonte,Ne
2012,Diómedes,Ne
2013,centauro,Nb
2014,Lacedemonia,Ne
2015,amazona,Nb
2016,once,Py
2017,Neleo,Ne
2018,Saturno,Ne
2019,Aqueloo,Ne
2020,Deyanira,Ne
2021,Neso,Ne
2022,Busili,Ne
2023,Anteo,Ne
2024,Hespérides,Nb
2025,sostener,V-
2026,hombro,Nb
2027,astronomía,Nb
2028,Atlas,Ne
2029,Atlante,Ne
2030,Ceuta,Ne
2031,somo,Nb
2032,imagen,Nb
2033,cobre,Nb
2034,diestro,A-
2035,llave,Nb
2036,siniestro,A-
2037,palma,Nb
2038,latín,Nb
2039,Gades,Ne
2040,hoy,Df
2041,arriba,Df
2042,ó,Du
2043,estrellero,Nb
2044,remembranza,Nb
2045,pilar,Nb
2046,tabla,Nb
2047,mármol,Nb
2048,yuso,Df
2049,dedo,Nb
2050,romano,A-
2051,Pompeyo,Ne
2052,obedecer,V-
2053,Lérida,Ne
2054,Cataluña,Ne
2055,Lucano,Ne
2056,despecho,Nb
2057,Itálica,Ne
2058,Híspalis,Ne
2059,estaca,Nb
2060,templo,Nb
2061,gentil,A-
2062,semejanza,Nb
2063,facción,Nb
2064,feo,A-
2065,soñar,V-
2066,empreñar,V-
2067,sueño,Nb
2068,costera,Nb
2069,Lisboa,Ne
2070,Ulises,Ne
2071,uviar,V-
2072,Buena,Ne
2073,fabla,Nb
2074,gigante,Nb
2075,malquerer,V-
2076,gigantes,Nb
2077,crudo,A-
2078,señoría,Nb
2079,querella,Nb
2080,Coruña,Ne
2081,yermo,Nb
2082,lazrar,V-
2083,valentía,Nb
2084,cimiento,Nb
2085,poblador,A-
2086,Ana,Ne
2087,topo,Nb
2088,ganado,Nb
2089,juego,Nb
2090,Lusitania,Ne
2091,romance,Nb
2092,ercer,V-
2093,Cartagena,Ne
2094,Cartago,Ne
2095,Dido,Ne
2096,aquende,Df
2097,espartero,Nb
2098,esparto,Nb
2099,Montearagón,Ne
2100,Caco,Ne
2101,Moncayo,Ne
2102,Aventino,Ne
2103,cerca,R-
2104,Labinia,Ne
2105,cueva,Nb
2106,molar,A-
2107,cadena,Ne
2108,corredor,A-
2109,colgar,V-
2110,Ausonia,Ne
2111,Tarazona,Ne
2112,Urgel,Ne
2113,apremiamiento,Nb
2114,falla,Nb
2115,novena,A-
2116,Barcelona,Ne
2117,barca,Nb
2118,Barcelona,Nb
2119,empero,C-
2120,Espán,Ne
2121,entendido,A-
2122,Segovia,Ne
2123,Govia,Ne
2124,Alfaro,Ne
2125,espejo,Nb
2126,lueñe,Df
2127,guerrear,V-
2128,amar,V-
2129,morada,Nb
2130,membrar,V-
2131,población,Nb
2132,Liberia,Ne
2133,entendida,A-
2134,enseñar,V-
2135,abondo,Nb
2136,navío,Nb
2137,lodosa,A-
2138,invierno,Nb
2139,sesudo,A-
2140,envejecer,V-
2141,algo,Nb
2142,razonado,A-
2143,escarnio,Nb
2144,mente,Nb
2145,puente,Nb
2146,lodo,Nb
2147,calzada,Nb
2148,vehemencia,Nb
2149,Pirro,Ne
2150,caño,Nb
2151,silla,Nb
2152,coronar,V-
2153,abondado,A-
2154,plañir,V-
2155,paño,Nb
2156,escontra,R-
2157,oso,Nb
2158,ursino,A-
2159,Ursina,Ne
2160,Osuna,Ne
2161,nieve,Nb
2162,vega,Nb
2163,pan,Nb
2164,preñar,V-
2165,Román,Nb
2166,Rocas,Ne
2167,Edén,Ne
2168,setenta,Py
2169,alatón,Nb
2170,adivinar,V-
2171,milagro,Nb
2172,cuitar,V-
2173,espada,Nb
2174,edificio,Nb
2175,troyano,A-
2176,guardador,A-
2177,limar,V-
2178,Tarco,Ne
2179,Ávila,Nb
2180,humillar,V-
2181,regazo,Nb
2182,rascar,V-
2183,saeta,Nb
2184,arco,Nb
2185,atreguar,V-
2186,venado,Nb
2187,comienda,Nb
2188,buey,Nb
2189,vicio,Nb
2190,contigo,Pp
2191,Silvio,Ne
2192,emiente,Df
2193,seca,Nb
2194,veintiséis,Py
2195,llover,V-
2196,yermar,V-
2197,Aspa,Ne
2198,cantar,Nb
2199,airar,V-
2200,humo,Nb
2201,sesegar,V-
2202,mejorar,V-
2203,oliva,Nb
2204,milgrana,Nb
2205,gafedad,Nb
2206,Lepra,Ne
2207,Niebla,Ne
2208,esquivo,A-
2209,romano,Nb
2210,Cetúberes,Ne
2211,Piro,Ne
2212,Baltasar,Ne
2213,Daniel,Ne
2214,lecho,Nb
2215,poco,Py
2216,visión,Nb
2217,partido,A-
2218,primero,Py
2219,asemejar,V-
2220,gajo,Nb
2221,empós,Df
2222,leopardo,Nb
2223,espantoso,A-
2224,despedazar,V-
2225,hollar,V-
2226,trono,Nb
2227,vestido,Nb
2228,llama,Nb
2229,carro,Nb
2230,encendido,A-
2231,millar,Nb
2232,perecer,V-
2233,corromper,V-
2234,espíritu,Nb
2235,conturbar,V-
2236,acaudar,V-
2237,siglo,Nb
2238,acuciosamente,Df
2239,desemejar,V-
2240,cocear,V-
2241,vengar,V-
2242,gastar,V-
2243,despechar,V-
2244,abatir,V-
2245,crebantar,V-
2246,ley,Nb
2247,cuyo,Pr
2248,conturbado,A-
2249,demudar,V-
2250,retener,V-
2251,Susis,Ne
2252,Elam,Ne
2253,Hualay,Ne
2254,trasladador,Nb
2255,Ubal,Ne
2256,Teodocio,Ne
2257,Bualay,Ne
2258,Simaco,Ne
2259,paular,Nb
2260,ventear,V-
2261,aquilón,Nb
2262,contrastar,V-
2263,pujar,V-
2264,cabra,Nb
2265,duendo,A-
2266,arremeter,V-
2267,contrallar,V-
2268,crebar,V-
2269,lozano,A-
2270,debatir,V-
2271,exaltar,V-
2272,sacrificio,Nb
2273,cutiano,A-
2274,santiguamiento,Nb
2275,santidad,Nb
2276,santuario,Nb
2277,ídolo,Nb
2278,aprovecer,V-
2279,cuándo,Du
2280,desolamiento,Nb
2281,Gabriel,Ne
2282,glosa,Nb
2283,judío,A-
2284,Miguel,Ne
2285,pavor,Nb
2286,postrimería,Nb
2287,maldición,Nb
2288,maldad,Nb
2289,desvergonzado,A-
2290,postura,Nb
2291,adornar,V-
2292,artería,Nb
2293,enflaquecer,V-
2294,emiente,Nb
2295,desbaharido,A-
2296,Darío,Ne
2297,Asuero,Ne
2298,Astiages,Ne
2299,caldeo,A-
2300,Jeremías,Ne
2301,cuenta,Nb
2302,profeta,Nb
2303,Jerusalem,Ne
2304,ayunar,V-
2305,carona,Nb
2306,ceniza,Nb
2307,oración,Nb
2308,misericordia,Nb
2309,pecar,V-
2310,confundimiento,Nb
2311,Judá,Ne
2312,esparcir,V-
2313,descomulgamiento,Nb
2314,establecer,V-
2315,apremiar,V-
2316,cual,G-
2317,velar,V-
2318,derechero,Nb
2319,padecer,V-
2320,saña,Nb
2321,alrededor,Nb
2322,desertido,A-
2323,bajar,V-
2324,destruimiento,Nb
2325,asolamiento,Nb
2326,prez,Nb
2327,amansar,V-
2328,espera,V-
2329,aprisa,Df
2330,crebantamiento,Nb
2331,profecía,Nb
2332,ungir,V-
2333,edificar,V-
2334,Cristo,Ne
2335,exponedor,Nb
2336,sesenta,Py
2337,plaza,Nb
2338,negar,V-
2339,templo,Ne
2340,aburrido,A-
2341,asolado,A-
2342,Ciro,Ne
2343,untar,V-
2344,ungüento,Nb
2345,baño,Nb
2346,rena,Nb
2347,ceñir,V-
2348,crisólito,Nb
2349,lámpada,Nb
2350,ardiente,A-
2351,costas,Nb
2352,arambre,Nb
2353,róseo,A-
2354,desamparado,A-
2355,descolorido,A-
2356,ayuntada,A-
2357,artejo,Nb
2358,inhiesto,A-
2359,penar,V-
2360,ayuno,Nb
2361,persiano,Nb
2362,mientras,G-
2363,callar,V-
2364,labro,Nb
2365,coyuntura,Nb
2366,apenas,Df
2367,ensaneldar,V-
2368,detener,V-
2369,escritura,Nb
2370,orar,V-
2371,señorear,V-
2372,Ábrego,Nb
2373,amistad,Nb
2374,planta,Nb
2375,entallado,A-
2376,vaso,Nb
2377,asañar,V-
2378,generación,Nb
2379,onda,Nb
2380,soberbia,Nb
2381,guisamiento,Nb
2382,escollecho,A-
2383,vedar,V-
2384,conquista,A-
2385,derechero,A-
2386,trastornar,V-
2387,empujar,V-
2388,vil,A-
2389,despreciado,A-
2390,escusero,A-
2391,prear,V-
2392,artero,A-
2393,firme,A-
2394,bajada,V-
2395,mentira,Nb
2396,testamento,Nb
2397,Judea,Ne
2398,primería,Nb
2399,trier,Nb
2400,Italia,Ne
2401,aorar,V-
2402,ensuciar,V-
2403,aborrencia,Nb
2404,enfeñir,V-
2405,engañosamente,Df
2406,semajanza,Nb
2407,enseñado,A-
2408,robo,Nb
2409,cautividad,Nb
2410,alxar,V-
2411,grandear,V-
2412,falsedad,Nb
2413,Abraham,Ne
2414,Isaac,Ne
2415,Jacob,Ne
2416,anticristo,Nb
2417,Dan,Ne
2418,codicioso,A-
2419,castidad,Nb
2420,enfinta,Nb
2421,Maozim,Ne
2422,preciado,A-
2423,guarnir,V-
2424,ajeno,A-
2425,amuchiguar,V-
2426,menaza,Nb
2427,tajar,V-
2428,glorioso,A-
2429,Moab,Ne
2430,Edom,Ne
2431,Amón,Ne
2432,turbar,V-
2433,aquilón,Ne
2434,Fedno,Ne
2435,Nicópolis,Ne
2436,bando,Nb
2437,escrito,A-
2438,fallir,V-
2439,resplandecer,V-
2440,resplandor,Nb
2441,firmamento,Nb
2442,establecido,A-
2443,vestido,A-
2444,esparcimiento,Nb
2445,sellar,V-
2446,emblanquecer,V-
2447,holgar,V-
2448,suerte,Nb
2449,Jerónimo,Ne
2450,hebraico,A-
2451,Susana,Ne
2452,Bel,Ne
2453,Joaquín,Nb
2454,Elquías,Nb
2455,temedero,A-
2456,justo,A-
2457,nodrecer,V-
2458,cuitanamente,Df
2459,solazar,V-
2460,enamorar,V-
2461,codiciar,V-
2462,abajar,V-
2463,alcalde,Nb
2464,enamorado,A-
2465,compañero,A-
2466,guisado,A-
2467,asechar,V-
2468,doncella,Nb
2469,siesta,Nb
2470,bañar,V-
2471,óleo,Nb
2472,olura,Nb
2473,postigo,Nb
2474,ascuso,A-
2475,testiguar,V-
2476,sacerdote,Nb
2477,angostura,Nb
2478,envergonzar,V-
2479,sirviente,Nb
2480,preste,Nb
2481,torticero,A-
2482,Elquías,Ne
2483,falso,A-
2484,hermosura,Nb
2485,requejo,Nb
2486,testigo,Nb
2487,adulterio,Nb
2488,conocedor,A-
2489,conocido,A-
2490,encubierto,A-
2491,descubierto,A-
2492,testimonio,Nb
2493,aponer,V-
2494,clamor,Nb
2495,justiciar,V-
2496,espirar,V-
2497,libre,A-
2498,sentido,Nb
2499,asacar,V-
2500,encrubir,V-
2501,cino,Nb
2502,lentisco,Nb
2503,mentir,V-
2504,evás,V-
2505,simiente,Nb
2506,Canaán,Ne
2507,Judas,Ne
2508,connusco,Pp
2509,prino,Nb
2510,bendecir,V-
2511,manifestar,V-
2512,salva,A-
2513,Joaquín,Ne
2514,torpe,A-
2515,cuyo,A-
2516,profetar,V-
2517,hebreo,A-
2518,título,Nb
2519,excelente,A-
2520,historiador,Nb
2521,extenso,A-
2522,hazaña,Nb
2523,varón,Ne
2524,digno,A-
2525,escritor,Nb
2526,tratado,Nb
2527,aparte,Df
2528,comunicar,V-
2529,Valerio,Ne
2530,Máximo,Ne
2531,Plutarco,Ne
2532,afición,Nb
2533,elocuencia,Nb
2534,ensalzar,V-
2535,algo,Df
2536,crónica,Nb
2537,prejuicio,Nb
2538,honor,Nb
2539,descendiente,Nb
2540,notable,A-
2541,extendidamente,Df
2542,Fernán,Ne
2543,Pérez,Ne
2544,Guzmán,Ne
2545,metro,Nb
2546,brevemente,Df
2547,prosa,Nb
2548,esclarecido,A-
2549,súbdito,Nb
2550,compendio,Nb
2551,Jorge,Ne
2552,Vernada,Ne
2553,Carlos,Ne
2554,compilar,V-
2555,sacro,A-
2556,Jesús,Ne
2557,Sirac,Ne
2558,nación,Nb
2559,ilustre,A-
2560,loable,A-
2561,disponer,V-
2562,particularmente,Df
2563,requerir,V-
2564,autoridad,Nb
2565,ornamento,Nb
2566,habilidad,Nb
2567,ánima,Nb
2568,concurrir,V-
2569,gesto,Nb
2570,proporcionado,A-
2571,compostura,Nb
2572,catorce,Py
2573,deleite,Nb
2574,mocedad,Nb
2575,honestad,Nb
2576,hábito,Nb
2577,refrenar,V-
2578,ceremonia,Nb
2579,real,A-
2580,acepto,A-
2581,dádiva,Nb
2582,desobedecer,V-
2583,preoceder,V-
2584,inducimiento,Nb
2585,propio,A-
2586,interés,Nb
2587,ánimo,Nb
2588,dificultad,Nb
2589,ejecutar,V-
2590,criminal,A-
2591,ejecución,Nb
2592,civil,A-
2593,necesario,A-
2594,gobernación,Nb
2595,negligente,A-
2596,deleitación,Nb
2597,apetito,Nb
2598,punto,Nb
2599,deshonesto,A-
2600,montero,Nb
2601,bosque,Nb
2602,Blanca,Ne
2603,espacio,Nb
2604,divorcio,Nb
2605,defecto,Nb
2606,imputar,V-
2607,pacíficamente,Df
2608,magnificencia,Nb
2609,reducir,V-
2610,perdonar,V-
2611,restituir,V-
2612,renta,Nb
2613,patrimonio,Nb
2614,impotencia,Nb
2615,quince,Py
2616,comunicación,Nb
2617,allegamiento,Nb
2618,próspero,A-
2619,obediencia,Ne
2620,franco,A-
2621,repetir,V-
2622,presencia,Nb
2623,gasto,Nb
2624,mercar,V-
2625,acrecentar,V-
2626,arbitrio,Nb
2627,excesivo,A-
2628,odio,Nb
2629,peor,A-
2630,grande,Nb
2631,concebir,V-
2632,dañado,A-
2633,concepto,Nb
2634,conjurar,V-
2635,imaginar,V-
2636,considerar,V-
2637,miradero,Nb
2638,licencia,Nb
2639,afección,Nb
2640,templada,A-
2641,demostrar,V-
2642,aficionado,A-
2643,templanza,Nb
2644,desobediencia,Nb
2645,incoveniente,Nb
2646,músico,Nb
2647,particular,A-
2648,ocupar,V-
2649,acostumbrar,V-
2650,impedir,V-
2651,prudencia,Nb
2652,generalmente,Df
2653,vituperar,V-
2654,ofrecer,V-
2655,caso,Nb
2656,permanecer,V-
2657,resistir,V-
2658,recibimiento,Nb
2659,suntuoso,A-
2660,fiesta,Nb
2661,´real,A-
2662,sagrado,A-
2663,fundar,V-
2664,principio,Nb
2665,virgen,Nb
2666,parral,Nb
2667,Madrid,Nb
2668,dotar,V-
2669,magníficamente,Df
2670,reparo,Nb
2671,acostamiento,Nb
2672,número,Nb
2673,sueldo,Nb
2674,continuo,A-
2675,cantidad,Nb
2676,Nápoles,Ne
2677,suplicar,V-
2678,principado,Nb
2679,tributo,Nb
2680,rebelde,A-
2681,persuasión,Nb
2682,proceder,V-
2683,diferencia,Nb
2684,intitular,V-
2685,poderosamente,Df
2686,copia,Nb
2687,capitán,Nb
2688,aragonés,A-
2689,navarro,A-
2690,disposición,Nb
2691,resistencia,Nb
2692,tirano,A-
2693,inhumano,A-
2694,obediencia,Nb
2695,dello,Px
2696,pacificar,V-
2697,Luis,Ne
2698,árbitro,Nb
2699,interponer,V-
2700,multitud,Nb
2701,hijodalgo,Nb
2702,arreo,Nb
2703,distribuir,V-
2704,acto,Nb
2705,franqueza,Nb
2706,preeminencia,Nb
2707,Fuenterrabía,Nb
2708,Bayona,Nb
2709,continuar,V-
2710,entrada,Nb
2711,Gibraltar,Ne
2712,Archidona,Ne
2713,constreñir,V-
2714,paria,Nb
2715,comarcano,A-
2716,acarrear,V-
2717,fortuna,Nb
2718,afortunado,A-
2719,gozar,V-
2720,envidiosa,A-
2721,adverso,A-
2722,mudanza,Nb
2723,ver,Nb
2724,prosperidad,Nb
2725,corrupción,Nb
2726,costumbre,Nb
2727,punir,V-
2728,permitir,V-
2729,criado,Nb
2730,conservar,V-
2731,añadir,V-
2732,vía,Nb
2733,obligar,V-
2734,disensión,Nb
2735,decrecer,V-
2736,Alonso,Ne
2737,división,Nb
2738,dividir,V-
2739,avaricia,Nb
2740,rapiña,Nb
2741,lujuria,Nb
2742,tentación,Nb
2743,humilde,A-
2744,medida,Nb
2745,eximir,V-
2746,principiar,V-
2747,seguridad,Nb
2748,alteración,Nb
2749,inventar,V-
2750,ciego,A-
2751,futuro,A-
2752,envolver,V-
2753,desordenado,A-
2754,pacífico,A-
2755,destrucción,Nb
2756,casi,Df
2757,tirano,Nb
2758,extrema,A-
2759,mantenimiento,Nb
2760,ijada,Nb
2761,gravemente,Df
2762,apasionado,A-
2763,almirante,Nb
2764,Fadrique,Ne
2765,Enríquez,Ne
2766,bisnieto,Nb
2767,corto,A-
2768,adelantado,Nb
2769,Manrique,Ne
2770,Liste,Ne
2771,hermana,Nb
2772,mayorazgo,Nb
2773,Juana,Ne
2774,Mendoza,Ne
2775,Perogonzález,Ne
2776,procurar,V-
2777,osadamente,Df
2778,conservación,Nb
2779,adquirir,V-
2780,reputación,Nb
2781,flota,Nb
2782,armada,Nb
2783,reencuentro,Nb
2784,liberal,A-
2785,posponer,V-
2786,impaciente,A-
2787,tolerar,V-
2788,reprender,V-
2789,rigor,Nb
2790,increpar,V-
2791,Álvaro,Ne
2792,Luna,Ne
2793,condestable,Nb
2794,inmenso,A-
2795,favor,Nb
2796,disimular,V-
2797,enemistad,Nb
2798,parcialidad,Nb
2799,escándalo,Nb
2800,respeto,Nb
2801,infortunio,Ne
2802,vencimiento,Nb
2803,primo,Nb
2804,capitanía,Nb
2805,infortunio,Nb
2806,sentimiento,Nb
2807,pérdida,Nb
2808,Catón,Ne
2809,paciencia,Nb
2810,crueldad,Nb
2811,repugnar,V-
2812,aborrecer,V-
2813,anticipar,V-
2814,conjunto,A-
2815,atamiento,Nb
2816,marinero,Nb
2817,cercado,Nb
2818,servidumbre,Nb
2819,cercador,A-
2820,esperanza,Nb
2821,magnánimo,A-
2822,reprensor,A-
2823,error,Nb
2824,castigador,A-
2825,comprender,V-
2826,misterio,Nb
2827,providencia,Nb
2828,pasada,Nb
2829,sufrimiento,Nb
2830,bienfortunado,A-
2831,servidor,Nb
2832,nembrar,V-
2833,cansar,V-
2834,adversidad,Nb
2835,lucha,Nb
2836,redear,V-
2837,estimación,Nb
2838,único,A-
2839,Isabel,Ne
2840,Fernández,Ne
2841,estatura,Nb
2842,cerviz,Nb
2843,torcido,A-
2844,vizco,A-
2845,camarero,Nb
2846,sucesivamente,Df
2847,cientoveinte,Py
2848,juventud,Nb
2849,maduro,A-
2850,experimentado,A-
2851,inducir,V-
2852,indignación,Nb
2853,doctrina,Nb
2854,cauto,A-
2855,templado,A-
2856,propósito,Nb
2857,temeroso,A-
2858,inclinar,V-
2859,legal,A-
2860,instituir,V-
2861,transgresor,A-
2862,celador,A-
2863,moderación,Nb
2864,administración,Nb
2865,igualmente,Df
2866,ministro,Nb
2867,malhechor,A-
2868,perseguir,V-
2869,receptar,V-
2870,florecer,V-
2871,parentela,Nb
2872,pero,G-
2873,turbulento,A-
2874,loor,Nb
2875,Virgilio,Ne
2876,infeliz,A-
2877,infelicidad,Nb
2878,conseguir,V-
2879,contrariar,V-
2880,deliberación,Nb
2881,gobernador,Nb
2882,castellano,A-
2883,templar,V-
2884,pasión,Nb
2885,ambición,Nb
2886,república,Nb
2887,rectamente,Df
2888,premio,Nb
2889,crédito,Nb
2890,confianza,Nb
2891,calidad,Nb
2892,confiar,V-
2893,debate,Nb
2894,controversia,Nb
2895,platicar,V-
2896,salvaguarda,Nb
2897,remitir,V-
2898,parecer,Nb
2899,magnífico,A-
2900,prominencia,Nb
2901,discrimen,Nb
2902,negocio,Nb
2903,determinar,V-
2904,tardío,A-
2905,determinación,Nb
2906,extremo,Nb
2907,deliberar,V-
2908,súbito,Df
2909,presto,Df
2910,afear,V-
2911,honra,V-
2912,deseoso,A-
2913,reglado,A-
2914,liberalidad,Nb
2915,esencial,A-
2916,apariencia,Nb
2917,muestra,Nb
2918,religioso,A-
2919,conocimiento,Nb
2920,gozo,Nb
2921,miseria,Nb
2922,mundano,A-
2923,Pomar,Ne
2924,monja,Nb
2925,hospital,Nb
2926,retrar,V-
2927,retraimiento,Nb
2928,honesto,A-
2929,estrecho,A-
2930,inquisión,Nb
2931,consciencia,Nb
2932,acometer,V-
2933,restitución,Nb
2934,cargo,Nb
2935,satisfacer,V-
