1,се,I-
2,азъ,Pp
3,мьстиславъ,Ne
4,володимирь,A-
5,сынъ,Nb
6,дьржати,V-
7,русьскыи,A-
8,земля,Nb
9,въ,R-
10,свои,Pt
11,къняжение,Nb
12,повелѣти,V-
13,быти,V-
14,вьсеволодъ,Ne
15,отъдати,V-
16,буици,Ne
17,святыи,A-
18,георгии,Ne
19,съ,R-
20,дань,Nb
21,и,C-
22,вира,Nb
23,продажа,Nb
24,даже,G-
25,которыи,Px
26,кънязь,Nb
27,по,R-
28,мои,Ps
29,почати,V-
30,хотѣти,V-
31,отъяти,V-
32,у,R-
33,а,C-
34,богъ,Nb
35,за,R-
36,тыи,Pd
37,богородица,Nb
38,и,Pp
39,отъимати,V-
40,ты,Pp
41,игуменъ,Nb
42,исаия,Ne
43,вы,Pp
44,братия,Nb
45,донелѣже,G-
46,себе,Pk
47,миръ,Nb
48,състояти,V-
49,молити,V-
50,дѣтя,Nb
51,къто,Px
52,изоостати,V-
53,манастырь,Nb
54,то,Df
55,дължьныи,A-
56,мы,Pp
57,при,R-
58,животъ,Nb
59,съмьрть,Nb
60,язъ,Pp
61,дати,V-
62,рука,Nb
63,и,Df
64,осеньнии,A-
65,полюдие,Nb
66,даровьныи,A-
67,полъ#1,Nb
68,третии,Mo
69,десять,Ma
70,гривьна,Nb
71,же,Df
72,я,Pp
73,блюдо,Nb
74,сьребрьныи,A-
75,тридесяте,Ma
76,сьребро,Nb
77,велѣти,V-
78,бити,V-
79,на,R-
80,обѣдъ,Nb
81,коли,Dq
82,обѣдати,V-
83,запъртити,V-
84,или,C-
85,сии,Pd
86,да#1,Df
87,судити,V-
88,дьнь,Nb
89,пришьствие,Nb
90,господь,Nb
91,отьць,Nb
92,нашь,Ps
93,авраамовъ,A-
94,исаковъ,A-
95,ияковль,A-
96,сѣмя,Nb
97,правьдьныи,A-
98,съподобити,V-
99,грѣшьныи,A-
100,рабъ,Nb
101,алекса,Ne
102,написати,V-
103,евангелие,Nb
104,благовѣрьныи,A-
105,христолюбивыи,A-
106,чьстити,V-
107,феодоръ,Ne
108,мирьскы,Df
109,вънукъ,Nb
110,вьсеволожь,A-
111,новъгородьскыи,A-
112,иже,Pr
113,съвьршити,V-
114,благословение,Nb
115,прѣсвятыи,A-
116,чистыи,A-
117,владычица,Nb
118,даяти,V-
119,милость,Nb
120,наслѣдие,Nb
121,цѣсарьство,Nb
122,небесьныи,A-
123,дълголѣтьныи,A-
124,вьсь,Px
125,аминъ,I-
126,почитати,V-
127,аще,G-
128,къдѣ,Df
129,кривыи,A-
130,налѣзти,V-
131,исправити,V-
132,чисти,V-
133,не,Df
134,кляти,V-
135,бо,Df
136,лазоревъ,A-
137,прозвитеръ,Nb
138,съпасти#1,V-
139,мъногыи,A-
140,лѣто,Nb
141,жадѣнъ,Ne
142,пьсати,V-
143,божии,A-
144,недостоиныи,A-
145,худыи,A-
146,съписати,V-
147,память,Nb
148,дѣля,R-
149,цѣсарь,Nb
150,людие,Nb
151,о,R-
152,съконьчание,Nb
153,казати,V-
154,наславъ,Ne
155,возити,V-
156,цѣсарьгородъ,Ne
157,учинити,V-
158,химипетъ,Nb
159,воля,Nb
160,възвратити,V-
161,из,R-
162,съправити,V-
163,злато,Nb
164,драгыи,A-
165,камы,Nb
166,приити,V-
167,кыевъ,Ne
168,съконьчати,V-
169,дѣло,Nb
170,мѣсяць,Nb
171,авъгустъ,Nb
172,дъвадесяти,Ma
173,цѣна,Nb
174,единъ,Ma
175,вѣдати,V-
176,трудъ,Nb
177,подъяти,V-
178,печаль,Nb
179,нъ,C-
180,утѣшити,V-
181,добрыи,A-
182,молитва,Nb
183,тако,Df
184,угодие,Nb
185,творити,V-
186,слышати,V-
187,цѣсарьствие,Nb
188,прѣбывати,V-
189,радость,Nb
190,веселие,Nb
191,любы,Nb
192,хрьстиянинъ,Nb
193,правити,V-
194,орудие,Nb
195,правьда,Nb
196,обрѣсти,V-
197,чьсть,Nb
198,отъ,R-
199,вѣровати,V-
200,троица,Nb
201,духъ,Nb
202,ныня,Df
203,присьныи,A-
204,вѣкъ#1,Nb
205,дъмъка,Ne
206,кънига,Nb
207,госпожа,Nb
208,да,C-
209,бояти,V-
210,невѣжа,Nb
211,без,R-
212,показание,Nb
213,грѣхъ,Nb
214,погрузити,V-
215,помагати,V-
216,простити,V-
217,убогыи,A-
218,унылыи,A-
219,яковъ,Ne
220,помощи,V-
221,дияволъ,Nb
222,изблазнити,V-
223,съгрѣшити,V-
224,слава,Nb
225,яко,G-
226,шесть тысячь,Ma
227,пятьсътъ,Ma
228,шестьдесятъ,Ma
229,четыре,Ma
230,оконьчати,V-
231,пять,Ma
232,нарещи,V-
233,крьщение,Nb
234,иосифъ,Ne
235,остромиръ,Ne
236,близокъ,Nb
237,изъяславъ,Ne
238,тъгда,Df
239,прѣдьржати,V-
240,оба,Ma
241,власть,Nb
242,ярославъ,Ne
243,братъ,Nb
244,володимиръ,Ne
245,самъ,Pd
246,столъ,Nb
247,поручити,V-
248,новъгородъ,Ne
249,даровати,V-
250,сътяжати,V-
251,утѣшение,Nb
252,душа,Nb
253,хрьстияньскыи,A-
254,евангелистъ,Nb
255,иоанъ,Ne
256,матфѣи,Ne
257,лука,Ne
258,маркъ,Ne
259,праотьць,Nb
260,авраамъ,Ne
261,исакъ,Ne
262,ияковъ,Ne
263,подружие,Nb
264,феофана,Ne
265,чадо,Nb
266,съдравьствовати,V-
267,съдьржати,V-
268,поручение,Nb
269,григории,Ne
270,дияконъ,Nb
271,горазьныи,A-
272,мощи,V-
273,зазьрѣти,V-
274,грѣшьникъ,Nb
275,октябрь,Nb
276,иларионъ,Ne
277,маи,Nb
278,дъванадесять,Ma
279,епифанъ,Ne
280,апостолъ,Nb
281,павьлъ,Ne
282,глаголати,V-
283,благословити,V-
284,тыиже,Pd
285,съказание,Nb
286,страсть,Nb
287,похвала,Nb
288,мученикъ,Nb
289,борисъ,Ne
290,гълѣбъ,Ne
291,родъ,Nb
292,правыи,A-
293,рещи,V-
294,пророкъ,Nb
295,сице,Df
296,убо,Df
297,малыи,A-
298,прѣже,Df
299,самодьржьць,Nb
300,святославль,A-
301,игоревъ,A-
302,просвѣтити,V-
303,прочии,A-
304,добродѣтель,Nb
305,инъдѣ,Df
306,съказати,V-
307,нынѣ,Df
308,не быти,V-
309,врѣмя,Nb
310,рядъ,Nb
311,имѣти,V-
312,жена,Nb
313,разьныи,A-
314,мати,Nb
315,старыи,A-
316,вышеславъ,Ne
317,трие,Ma
318,святопълкъ,Ne
319,убииство,Nb
320,зълыи,A-
321,изобрѣсти,V-
322,чьрница,Nb
323,грькыни,Nb
324,пояти,V-
325,яропълкъ,Ne
326,ростричи,V-
327,красота,Nb
328,лице,Nb
329,зачати,V-
330,оканьныи,A-
331,поганыи,A-
332,еще,Df
333,убити,V-
334,непраздьныи,A-
335,родити,V-
336,дъва,Ma
337,любити,V-
338,акы,G-
339,рогънѣдь,Ne
340,иныи,Px
341,святославъ,Ne
342,българыни,Nb
343,посажати,V-
344,розьныи,A-
345,съповѣдати,V-
346,повѣсть,Nb
347,посадити,V-
348,пиньскъ,Ne
349,ростовъ,Ne
350,муромъ,Ne
351,остати,V-
352,да,G-
353,мъногописание,Nb
354,забыть,Nb
355,вълѣзти,V-
356,начати,V-
357,уже,Df
358,минути,V-
359,яко,Dq
360,осмь,Ma
361,въпасти,V-
362,недугъ,Nb
363,крѣпъкыи,A-
364,печенѣгъ,Nb
365,онуду,Df
366,пакы,Df
367,ити,V-
368,рать,Nb
369,русь,Ne
370,великыи,A-
371,зане,G-
372,изити,V-
373,противу,R-
374,мъного,Df
375,печалити,V-
376,призъвати,V-
377,имя,Nb
378,романъ,Ne
379,блаженыи,A-
380,скоропослушьливыи,A-
381,прѣдати,V-
382,вои,Nb
383,посълати,V-
384,безбожьныи,A-
385,онъ,Pd
386,въстати,V-
387,готовыи,A-
388,прѣдъ,R-
389,око,Nb
390,твои,Ps
391,сътворити,V-
392,елико,Pr
393,сьрдьце,Nb
394,таковыи,A-
395,притъчьникъ,Nb
396,послушьливыи,A-
397,отъити,V-
398,супостатъ,Nb
399,въспять,Df
400,вѣстьникъ,Nb
401,къ,R-
402,повѣдати,V-
403,отьчии,A-
404,како,Du
405,прѣставити,V-
406,василии,Ne
407,потаити,V-
408,ночь,Nb
409,проимати,V-
410,помостъ,Nb
411,берестовое,Ne
412,ковьръ,Nb
413,съвѣсити,V-
414,ужь,A-
415,везти,V-
416,сани,Nb
417,поставити,V-
418,цьркы,Nb
419,услышати,V-
420,тѣло,Nb
421,утьрпывати,V-
422,сльза,Nb
423,испълнити,V-
424,разливати,V-
425,сицевыи,A-
426,вѣщати,V-
427,увы,I-
428,свѣтъ,Nb
429,сияние,Nb
430,заря,Nb
431,бъздра,Nb
432,уность,Nb
433,наказание,Nb
434,недоразумѣние,Nb
435,господинъ,Nb
436,къто,Pi
437,прибѣгнути,V-
438,възьрѣти,V-
439,къдѣ,Du
440,ли,Df
441,насытити,V-
442,благыи,A-
443,учение,Nb
444,назание,Nb
445,разумъ,Nb
446,заити,V-
447,ту,Df
448,да#2,Df
449,поне,Df
450,чьстьныи,A-
451,съпрятати,V-
452,гробъ,Nb
453,ни,C-
454,понести,V-
455,мужьство,Nb
456,цѣловати,V-
457,добролѣпьныи,A-
458,сѣдина,Nb
459,о,I-
460,блаженикъ,Nb
461,помянути,V-
462,покои,Nb
463,горѣти,V-
464,съмыслъ,Nb
465,съмущати,V-
466,вѣдѣти,V-
467,обратити,V-
468,горькыи,A-
469,простерети,V-
470,ли,Du
471,мѣсто,Nb
472,мьнѣти,V-
473,суетие,Nb
474,мирьскыи,A-
475,поучати,V-
476,биение,Nb
477,помышляти,V-
478,кръвь,Nb
479,пролити,V-
480,потъщати,V-
481,противити,V-
482,гърдыи,A-
483,съмѣреныи,A-
484,благодать,Nb
485,ненавидѣти,V-
486,лъжь,Nb
487,боязнь,Nb
488,съвьршеныи,A-
489,вънъ,Df
490,изметати,V-
491,страхъ,Nb
492,чьто,Pi
493,умъ,Nb
494,узьрѣти,V-
495,си,Df
496,братьць,Nb
497,мьнии,A-
498,венияминъ,Ne
499,полагати,V-
500,поити#1,V-
501,домъ,Nb
502,языкъ,Nb
503,прѣвратити,V-
504,прогънати,V-
505,якоже,Dq
506,прѣже,R-
507,ради,R-
508,иже,G-
509,мимоходити,V-
510,паучина,Nb
511,камо,Du
512,ошьствие,Nb
513,отъсюду,Df
514,кыи,Pi
515,отъвѣтъ,Nb
516,съкрыти,V-
517,мъножьство,Nb
518,приобрѣсти,V-
519,житие,Nb
520,багъряница,Nb
521,брячина,Nb
522,золото,Nb
523,вино,Nb
524,медъ,Nb
525,брашьно,Nb
526,быстрыи,A-
527,конь,Nb
528,красьныи,A-
529,имѣние,Nb
530,бесчисльныи,A-
531,гърдѣние,Nb
532,боляринъ,Nb
533,акы,Dq
534,николиже,Df
535,исчезнути,V-
536,помощь,Nb
537,ни,Df
538,кътоже,Px
539,соломонъ,Ne
540,проити,V-
541,видѣти,V-
542,съвъкупити,V-
543,расъмотрити,V-
544,суета,Nb
545,тъкъмо#1,Df
546,правовѣрие,Nb
547,нелицемѣрьныи,A-
548,путь,Nb
549,доброта,Nb
550,удьржати,V-
551,зьрѣти,V-
552,плакати,V-
553,доброродьныи,A-
554,възрастъ,Nb
555,къжьдо,Px
556,стонати,V-
557,горесть,Nb
558,сьрдьчьныи,A-
559,въсплакати,V-
560,пагубьныи,A-
561,приводити,V-
562,образъ,Nb
563,възоръ,Nb
564,съкрушение,Nb
565,правьдивыи,A-
566,щедрыи,A-
567,тихыи,A-
568,кротъкыи,A-
569,миловати,V-
570,набъдѣти,V-
571,богоблаженыи,A-
572,зълурадыи,A-
573,человѣкъ,Nb
574,понудити,V-
575,погубити,V-
576,прияти,V-
577,владыка,Nb
578,таче,Df
579,забыти,V-
580,скърбь,Nb
581,съмьртьныи,A-
582,тѣшити,V-
583,слово,Nb
584,вѣчьныи#1,A-
585,съхранити,V-
586,радостьныи,A-
587,прѣзьрѣти,V-
588,прѣмилостивыи,A-
589,упъвати,V-
590,сѣдѣти,V-
591,кыянинъ,Nb
592,даръ,Nb
593,отъпустити,V-
594,отьнь,A-
595,придати,V-
596,льстьныи,A-
597,истина,Nb
598,вышегородъ,Ne
599,отаи,Df
600,путьша,Ne
601,вышегородьскыи,A-
602,мужь,Nb
603,повѣдѣти,V-
604,приязньство,Nb
605,глава,Nb
606,положити,V-
607,искони,Df
608,надежа,Nb
609,подвижьныи,A-
610,бывати,V-
611,каинъ#1,Ne
612,братоубииство,Nb
613,въторыи,Mo
614,уловити,V-
615,мысль,Nb
616,избити,V-
617,наслѣдьникъ,Nb
618,триклятыи,A-
619,съвѣтьникъ,Nb
620,зъло,Nb
621,начальникъ,Nb
622,неправьда,Nb
623,отъврѣсти,V-
624,прѣсквьрньныи,A-
625,уста,Nb
626,испустити,V-
627,гласъ,Nb
628,путьшинъ,A-
629,чадь,Nb
630,обѣщати,V-
631,къдѣ,Dq
632,съмотрити,V-
633,скорыи,A-
634,пролияти,V-
635,обѣщевати,V-
636,събирати,V-
637,безаконие,Nb
638,нечьстие,Nb
639,обимати,V-
640,воротити,V-
641,стати,V-
642,льто,Ne
643,шатьръ,Nb
644,дружина,Nb
645,сѣсти,V-
646,отъвѣщевати,V-
647,възяти,V-
648,акы,Df
649,разити,V-
650,отрокъ,Nb
651,суботьныи,A-
652,туга,Nb
653,удручити,V-
654,съкрутити,V-
655,жалостьныи,A-
656,испущати,V-
657,часть,Nb
658,жрѣбии,Nb
659,яко,Df
660,милостивыи,A-
661,въсылати,V-
662,мучение,Nb
663,никита,Ne
664,вячеславъ,Ne
665,подобьно,Df
666,како,Dq
667,варвара,Ne
668,убоица,Nb
669,прѣмудрыи,A-
670,правьдьникъ,Nb
671,жити,V-
672,мьзда,Nb
673,строение,Nb
674,вышьнии,A-
675,тъчию,Df
676,утѣшати,V-
677,радовати,V-
678,вечеръ,Nb
679,пѣти,V-
680,вечерьнии,A-
681,частыи,A-
682,въздыхание,Nb
683,стонание,Nb
684,лещи,V-
685,съпати,V-
686,сънъ,Nb
687,тяжькыи,A-
688,страшьныи,A-
689,пострадати,V-
690,течение,Nb
691,вѣра,Nb
692,съблюсти,V-
693,щадѣти,V-
694,вѣньць,Nb
695,вьседьржителевъ,A-
696,възбьнути,V-
697,рано,Df
698,годъ,Nb
699,утрьнии,A-
700,недѣля,Nb
701,заутрьнии,A-
702,обути,V-
703,нога,Nb
704,умыти,V-
705,подъступити,V-
706,близъ,Df
707,страстотьрпьць,Nb
708,псалътырь,Nb
709,вѣсть,Nb
710,убиение,Nb
711,умъножити,V-
712,сътужати,V-
713,псалъмъ,Nb
714,до,R-
715,коньць,Nb
716,обити,V-
717,пьсъ,Nb
718,уньць,Nb
719,тучьныи,A-
720,одьржати,V-
721,таже,C-
722,канонъ,Nb
723,коньчати,V-
724,икона,Nb
725,господьнь,A-
726,исусъ,Ne
727,христ(ос)ъ,Ne
728,явити,V-
729,изволити,V-
730,пригвоздити,V-
731,крьстъ,Nb
732,шьпътъ,Nb
733,окрьстъ,R-
734,трепетьныи,A-
735,зависть,Nb
736,прѣстрадати,V-
737,въсхотѣти,V-
738,възискати,V-
739,ничьтоже,Px
740,тьрпѣти,V-
741,имати,V-
742,искати,V-
743,отъмести,V-
744,въину,Df
745,законъ,Nb
746,годѣ,Df
747,попинъ,Nb
748,служити,V-
749,дряхлыи,A-
750,облияти,V-
751,зѣло,Df
752,расплакати,V-
753,милыи,A-
754,вѣ,Pp
755,колико,Du
756,благость,Nb
757,христ(ос)овъ,A-
758,умилити,V-
759,абие,Df
760,тещи,V-
761,блистание,Nb
762,оружие,Nb
763,мечьныи,A-
764,оцѣщение,Nb
765,пробости,V-
766,мъногомилостивыи,A-
767,насунути,V-
768,копие,Nb
769,тальць,Ne
770,еловичь,Ne
771,ляшько,Ne
772,врѣщи,V-
773,идѣже,Dq
774,увядати,V-
775,угъринъ,Nb
776,възложити,V-
777,златыи,A-
778,паче,Df
779,мѣра,Nb
780,проньзти,V-
781,уранити,V-
782,искочити,V-
783,оторопъ,Nb
784,стояти,V-
785,округъ,R-
786,приступити,V-
787,дѣяти#1,V-
788,помолити,V-
789,небо,Nb
790,горѣ,Df
791,въздъхнути,V-
792,сиции,A-
793,глаголъ,Nb
794,убѣжати,V-
795,прѣльсть,Nb
796,прѣщедрыи,A-
797,живодавець,Nb
798,человѣколюбьць,Nb
799,хотѣние,Nb
800,милосьрдие,Nb
801,направити,V-
802,мирьныи,Nb
803,бесъблазньныи,A-
804,призьрѣти,V-
805,высота,Nb
806,святыни,Nb
807,болѣзнь,Nb
808,съродьникъ,Nb
809,умьрщвляти,V-
810,въмѣнити,V-
811,овьнъ,Nb
812,сънѣдь,Nb
813,въпрекы,Df
814,умыслити,V-
815,селико,Df
816,елико,Dq
817,възмощи,V-
818,въздвигнути,V-
819,врагъ,Nb
820,поносити,V-
821,протьрпѣти,V-
822,велерѣчевати,V-
823,укрыти,V-
824,межу,R-
825,съпасти#2,V-
826,служьба,Nb
827,вашь,Ps
828,жалостьно,Df
829,водитель,Nb
830,слѣпыи,A-
831,одежа,Nb
832,нагыи,A-
833,староста,Nb
834,жьзлъ,Nb
835,казатель,Nb
836,наказати,V-
837,веселити,V-
838,вельможа,Nb
839,величие,Nb
840,почудити,V-
841,съмѣрение,Nb
842,съмѣрити,V-
843,оныи,Pd
844,усънути,V-
845,живыи,A-
846,иулии,Nb
847,девять,Ma
848,каланды,Nb
849,съняти,V-
850,отъсѣчи,V-
851,отъврѣщи,V-
852,кромѣ,R-
853,послѣдь,Df
854,познати,V-
855,коло,Nb
856,повезти,V-
857,боръ,Nb
858,въскланяти,V-
859,увѣдѣти,V-
860,варягъ,Nb
861,мечь,Nb
862,въсприяти,V-
863,неувядаемыи,A-
864,принести,V-
865,погрети,V-
866,оставити,V-
867,большии,A-
868,неистовити,V-
869,простирати,V-
870,желание,Nb
871,улучити,V-
872,въспомянути,V-
873,съблажнение,Nb
874,малы,Df
875,покаяние,Nb
876,прѣклонити,V-
877,вънити,V-
878,сотона,Ne
879,пострѣкати,V-
880,вящии,A-
881,гории,A-
882,съдѣяти,V-
883,сьдѣ,Df
884,дъвои,Ma
885,чаяти,V-
886,варити,V-
887,въздати,V-
888,изгънати,V-
889,чужии,A-
890,прѣстолъ,Nb
891,жалость,Nb
892,сънѣсти,V-
893,поношение,Nb
894,напасти,V-
895,дворъ,Nb
896,възлюбити,V-
897,погънати,V-
898,язва,Nb
899,приложити,V-
900,обаче,Df
901,оцѣстити,V-
902,потрѣбити,V-
903,послѣди,Df
904,прѣдълежати,V-
905,дияволь,A-
906,въбързѣ,Df
907,зъвати,V-
908,съдравити,V-
909,ти,Df
910,вельми,Df
911,въсѣсти,V-
912,поѣхати,V-
913,вълга,Ne
914,поле,Nb
915,потъкнути,V-
916,подъ,R-
917,ръвъ,Nb
918,наломити,V-
919,смольньскъ,Ne
920,зьрѣемо,Nb
921,смядина,Ne
922,корабльць,Nb
923,передъслава,Ne
924,присълати,V-
925,ходити,V-
926,умрѣти,V-
927,възъпити,V-
928,плачь,Nb
929,стенати,V-
930,сѣтование,Nb
931,сѣтовати,V-
932,тужити,V-
933,отъчаяти,V-
934,пагуба,Nb
935,уне,Df
936,неже,Df
937,уединеныи,A-
938,усиреныи,A-
939,пожити,V-
940,ангельскыи,A-
941,селикыи,A-
942,състичи,V-
943,умиленыи,A-
944,очужити,V-
945,уполучити,V-
946,дьрзновение,Nb
947,уныние,Nb
948,прѣльстьныи,A-
949,омачати,V-
950,призывати,V-
951,приспѣти,V-
952,вънезаапу,Df
953,слуга,Nb
954,немилостивыи,A-
955,кръвопиица,Nb
956,братоненавидьникъ,Nb
957,лютыи,A-
958,сверѣпыи,A-
959,звѣрь,Nb
960,изимати,V-
961,сърѣсти,V-
962,устие,Nb
963,възрадовати,V-
964,омрачати,V-
965,грети,V-
966,цѣлование,Nb
967,равьно,Df
968,плути,V-
969,скакати,V-
970,лодья,Nb
971,обънажити,V-
972,бльщати,V-
973,вода,Nb
974,весло,Nb
975,испасти,V-
976,омьртвѣти,V-
977,разумѣти,V-
978,умывати,V-
979,съкрушити,V-
980,утьрпати,V-
981,брѣщи,V-
982,обида,Nb
983,вести,V-
984,помиловати,V-
985,пожати,V-
986,съзьрѣти#2,V-
987,класъ,Nb
988,млѣко,Nb
989,безълобие,Nb
990,носити,V-
991,порѣзати,V-
992,лоза,Nb
993,възрасти,V-
994,плодъ,Nb
995,убояти,V-
996,апостольскыи,A-
997,зълобие,Nb
998,младеньствовати,V-
999,сырорѣзание,Nb
1000,съвѣдѣтельствовати,V-
1001,жалити,V-
1002,постыдити,V-
1003,въсхытити,V-
1004,вънимати,V-
1005,старѣишина,Nb
1006,поспѣшитель,Nb
1007,разлучати,V-
1008,нужа,Nb
1009,приклонити,V-
1010,ухо,Nb
1011,приключити,V-
1012,вина,Nb
1013,закалати,V-
1014,вънушити,V-
1015,послушати,V-
1016,рѣка,Nb
1017,никътоже,Px
1018,обьщии,A-
1019,прѣстояти,V-
1020,колѣно,Nb
1021,прѣмълчати,V-
1022,которыи,Pi
1023,съвѣдѣти,V-
1024,другъ,Nb
1025,умьртвити,V-
1026,тьрпѣние,Nb
1027,присьно,Df
1028,измълкнути,V-
1029,гъртань,Nb
1030,горясѣръ,Ne
1031,зарѣзати,V-
1032,поваръ,Nb
1033,гълѣбовъ,A-
1034,търчинъ,Ne
1035,изъяти,V-
1036,ножь,Nb
1037,яти,V-
1038,заклати,V-
1039,агня,Nb
1040,непорочьныи,A-
1041,безълобивыи,A-
1042,сентябрь,Nb
1043,понедѣльникъ,Nb
1044,жьртва,Nb
1045,благовоньныи,A-
1046,възити,V-
1047,обитель,Nb
1048,желати,V-
1049,въжелѣти,V-
1050,неизреченьныи,A-
1051,давыдъ,Ne
1052,адъ,Nb
1053,забывати,V-
1054,съвлѣщи,V-
1055,напрящи,V-
1056,лукъ,Nb
1057,погыбнути,V-
1058,възнести,V-
1059,събыти,V-
1060,псалъмопѣвьць,Nb
1061,хвалити,V-
1062,сильныи,A-
1063,зълоба,Nb
1064,благостыни,Nb
1065,потопьныи,A-
1066,льстивыи,A-
1067,раздрушити,V-
1068,въстьргнути,V-
1069,прѣселити,V-
1070,село,Nb
1071,коря,Nb
1072,поврѣщи,V-
1073,пустыи,A-
1074,колода,Nb
1075,оставляти,V-
1076,хранити,V-
1077,кость,Nb
1078,лежати,V-
1079,дългыи,A-
1080,невѣдѣние,Nb
1081,небрѣжение,Nb
1082,отъинудь,Df
1083,прѣбыти,V-
1084,неврѣженыи,A-
1085,показати,V-
1086,овъгда,Df
1087,стълпъ,Nb
1088,огньныи,A-
1089,свѣща,Nb
1090,пѣние,Nb
1091,гость,Nb
1092,ловъ,Nb
1093,пасти#2,V-
1094,възискание,Nb
1095,доньдеже,G-
1096,двигнути,V-
1097,братоубиица,Nb
1098,брань,Nb
1099,мъногыи,Nb
1100,съставити,V-
1101,вьсегда,Df
1102,пособие,Nb
1103,поспешѣние,Nb
1104,побѣдити,V-
1105,посрамити,V-
1106,възвращати,V-
1107,въздѣти,V-
1108,въпити,V-
1109,авелевъ,A-
1110,мьстити,V-
1111,трясение,Nb
1112,еи,I-
1113,прѣдъстояти,V-
1114,покрыти,V-
1115,льтьскыи,A-
1116,съступити,V-
1117,въсходити,V-
1118,сълньце,Nb
1119,сѣча,Nb
1120,съступати,V-
1121,тришьды,Df
1122,чересъ,R-
1123,одолѣти,V-
1124,побѣгнути,V-
1125,бѣсъ,Nb
1126,раслабѣти,V-
1127,нести,V-
1128,носило,Nb
1129,берестие,Ne
1130,осе,I-
1131,гънати,V-
1132,посылати,V-
1133,гонити,V-
1134,слѣдъ,Nb
1135,немощь,Nb
1136,въсхопити,V-
1137,охъ,I-
1138,пробѣгнути,V-
1139,лядьскыи,A-
1140,гнѣвъ,Nb
1141,пустыни,Nb
1142,чехъ,Nb
1143,ляхъ,Nb
1144,испроврѣщи,V-
1145,зълѣ,Df
1146,възмьздие,Nb
1147,рана,Nb
1148,мука#1,Nb
1149,лиховати,V-
1150,гонезнути,V-
1151,тамо,Df
1152,ангелъ,Nb
1153,погрѣшити,V-
1154,огнь,Nb
1155,могыла,Nb
1156,исходити,V-
1157,смрадъ,Nb
1158,якоже,Df
1159,мьсть,Nb
1160,ламехъ,Ne
1161,седмьдесятица,Nb
1162,такыи,A-
1163,отъмьстие,Nb
1164,дѣлатель,Nb
1165,иулиянъ,Ne
1166,нечеловѣчьныи,A-
1167,въдружити,V-
1168,бѣгати,V-
1169,зълострастьныи,A-
1170,отътолѣ,Df
1171,крамола,Nb
1172,прѣстати,V-
1173,прѣяти,V-
1174,волость,Nb
1175,въпрашати,V-
1176,приходити,V-
1177,отътуду,Df
1178,презвитеръ,Nb
1179,кадило,Nb
1180,въложити,V-
1181,корабль,Nb
1182,прѣблаженыи,A-
1183,раскопати,V-
1184,недоумѣти,V-
1185,лѣпыи,A-
1186,прѣчьстьнѣ,Df
1187,прѣчудьныи,A-
1188,дивьныи,A-
1189,достоиныи,A-
1190,врѣдити,V-
1191,кыиже,Px
1192,плътоядьць,Nb
1193,почьрнѣти,V-
1194,обычаи,Nb
1195,мьртвыи,A-
1196,свѣтьлыи,A-
1197,цѣлыи,A-
1198,воня,Nb
1199,градъ,Nb
1200,вьрху,R-
1201,гора,Nb
1202,въжещи,V-
1203,спудъ,Nb
1204,покрывати,V-
1205,свѣтило,Nb
1206,поставляти,V-
1207,свѣтити,V-
1208,тьмьныи,A-
1209,прѣмъногыи,A-
1210,чудо,Nb
1211,сияти,V-
1212,сторона,Nb
1213,страдати,V-
1214,прозирати,V-
1215,хромыи,A-
1216,быстро,Df
1217,сьрна,Nb
1218,ристати,V-
1219,слукыи,A-
1220,простьрение,Nb
1221,приимати,V-
1222,прѣдивьныи,A-
1223,пѣсъкъ,Nb
1224,морьскыи,A-
1225,единъде,Df
1226,прѣходити,V-
1227,отъгонити,V-
1228,тьмьница,Nb
1229,уза,Nb
1230,посѣщати,V-
1231,мученичьскыи,A-
1232,увязати,V-
1233,съзьдати,V-
1234,съдѣвати,V-
1235,ва,Pp
1236,похвалити,V-
1237,чьто,Px
1238,въскорѣ,Df
1239,обрѣтати,V-
1240,близъ,R-
1241,скърбѣти,V-
1242,плътьскы,Df
1243,человѣчьство,Nb
1244,именовати,V-
1245,человѣчьскыи,A-
1246,посѣщение,Nb
1247,немощьныи,A-
1248,ли,C-
1249,проглаголати,V-
1250,простыи,A-
1251,высокыи,A-
1252,жилище,Nb
1253,въселити,V-
1254,ибо,Df
1255,защищение,Nb
1256,въстаяти,V-
1257,дьржавьно,Df
1258,побѣжати#1,V-
1259,забрало,Nb
1260,утвьржение,Nb
1261,обоюдуострыи,A-
1262,дьрзость,Nb
1263,поганьскыи,A-
1264,низълагати,V-
1265,шатание,Nb
1266,попирати,V-
1267,несумьньно,Df
1268,земльныи,A-
1269,брати,V-
1270,отьчьство,Nb
1271,пособити,V-
1272,дьмитрии,Ne
1273,погыбати,V-
1274,милосьрдыи,A-
1275,извѣщати,V-
1276,вьсь,Nb
1277,попечение,Nb
1278,въздаяти,V-
1279,съкровище,Nb
1280,мъногоцѣньныи,A-
1281,рака,Nb
1282,угодьникъ,Nb
1283,тъчьныи,A-
1284,прѣвышии,A-
1285,городъ,Nb
1286,селунь,Ne
1287,врачьство,Nb
1288,безмьздьныи,A-
1289,подати,V-
1290,съпасение,Nb
1291,страна,Nb
1292,туне,Df
1293,почрѣпати,V-
1294,исцѣление,Nb
1295,посѣтъ,Nb
1296,ходатаи,Nb
1297,прибѣгати,V-
1298,припадати,V-
1299,гърдыни,Nb
1300,грѣшьничь,A-
1301,вьсякыи,A-
1302,наити,V-
1303,гладъ,Nb
1304,озълобление,Nb
1305,далече,Df
1306,отъгънати,V-
1307,браньныи,A-
1308,избавити,V-
1309,усобичьныи,A-
1310,нападение,Nb
1311,заступити,V-
1312,усьрдьно,Df
1313,безаконьновати,V-
1314,прѣмъного,Df
1315,бесчиньствовати,V-
1316,прѣизлиха,Df
1317,надѣяти,V-
1318,съпасъ,Nb
1319,ельмаже,G-
1320,ослабити,V-
1321,прѣтъкнути,V-
1322,прѣмѣнение,Nb
1323,блудьница,Nb
1324,мытоимьць,Nb
1325,оправити,V-
1326,въсканути,V-
1327,человѣколюбие,Nb
1328,искупити,V-
1329,настояи,A-
1330,нарицати,V-
1331,ущедрити,V-
1332,прѣчьстьныи,A-
1333,поносъ,Nb
1334,излити,V-
1335,овьца,Nb
1336,пажить,Nb
1337,сь,Pd
1338,покаряти,V-
1339,круглыи,A-
1340,плече,Nb
1341,тънъкыи,A-
1342,чрѣсла,Nb
1343,веселыи,A-
1344,борода,Nb
1345,усъ,Nb
1346,младыи,A-
1347,цѣсарьскы,Df
1348,вьсячьскы,Df
1349,украсити,V-
1350,цвѣтъ,Nb
1351,цвьсти,V-
1352,храбрыи,A-
1353,съвѣтъ,Nb
1354,мудрыи,A-
1355,разумьныи,A-
1356,цвьтѣти,V-
1357,прѣподобьныи,A-
1358,феодосии,Ne
1359,печерьскыи,A-
1360,благодарити,V-
1361,съповѣдатель,Nb
1362,въгодьникъ,Nb
1363,испьрва,Df
1364,погубление,Nb
1365,другыи,Mo
1366,исповѣдание,Nb
1367,выше,Df
1368,сила,Nb
1369,грубыи,A-
1370,неразумичьныи,A-
1371,учити,V-
1372,хытрость,Nb
1373,зьрьно,Nb
1374,горушьныи,A-
1375,прѣити,V-
1376,въврѣщи,V-
1377,море,Nb
1378,несторъ,Ne
1379,оградити,V-
1380,упъвание,Nb
1381,възможьныи,A-
1382,начатъкъ,Nb
1383,съписание,Nb
1384,усъпение,Nb
1385,праздьновати,V-
1386,въспоминати,V-
1387,богоносьныи,A-
1388,чьрноризьць,Nb
1389,прославляти,V-
1390,подвигъ,Nb
1391,укрѣпляти,V-
1392,наипаче,Df
1393,проречи,V-
1394,въстокъ,Nb
1395,западъ,Nb
1396,възлещи,V-
1397,послѣдьнии,A-
1398,пьрвыи,Mo
1399,подражати,V-
1400,чьрньчьскыи,A-
1401,мѣнити,V-
1402,антонии,Ne
1403,чудьныи,A-
1404,якоже,G-
1405,отьчьскыи,A-
1406,слабыи,A-
1407,съдѣльникъ,Nb
1408,пастухъ,Nb
1409,инокыи,A-
1410,молодыи,A-
1411,уныи,A-
1412,вьрста,Nb
1413,прилежание,Nb
1414,испълнь,A-
1415,польза,Nb
1416,грубость,Nb
1417,окусити,V-
1418,блюсти,V-
1419,лѣнивыи,A-
1420,подобати,V-
1421,тържьникъ,Nb
1422,лихва,Nb
1423,истязати,V-
1424,таити,V-
1425,ученикъ,Nb
1426,тьма,Nb
1427,проповѣдѣти,V-
1428,успѣхъ,Nb
1429,устроение,Nb
1430,бесѣдовати,V-
1431,славити,V-
1432,отъдание,Nb
1433,исповѣдати,V-
1434,вьседьржитель,Nb
1435,податель,Nb
1436,разумѣние,Nb
1437,заповѣдь,Nb
1438,устьна,Nb
1439,похваление,Nb
1440,прославити,V-
1441,помощьникъ,Nb
1442,отъстояти,V-
1443,стольныи,A-
1444,пятьдесятъ,Ma
1445,попьрище,Nb
1446,родитель,Nb
1447,крьстияньскыи,A-
1448,вьсячьскыи,A-
1449,благочьстие,Nb
1450,дѣтищь,Nb
1451,осмыи,Mo
1452,святитель,Nb
1453,крьстиянинъ,Nb
1454,дѣтище,Nb
1455,прозьрѣти,V-
1456,четыредесяте,Ma
1457,освятити,V-
1458,отроча,Nb
1459,ростяти,V-
1460,кърмити,V-
1461,благодѣть,Nb
1462,исповѣдѣти,V-
1463,избьрати,V-
1464,философъ,Nb
1465,властелинъ,Nb
1466,учитель,Nb
1467,утаение,Nb
1468,таиныи,A-
1469,отънуду,Dq
1470,начаяти,V-
1471,въсияти,V-
1472,дьньница,Nb
1473,прѣсвѣтьлыи,A-
1474,свѣтѣние,Nb
1475,еже,Df
1476,назнаменати,V-
1477,паствити,V-
1478,стадо,Nb
1479,богословесьныи,A-
1480,курьскъ,Ne
1481,доблии,A-
1482,просияти,V-
1483,звѣзда,Nb
1484,ожидати,V-
1485,въспитати,V-
1486,духовьныи,A-
1487,привести,V-
1488,научити,V-
1489,житиискыи,A-
1490,благословесьныи,A-
1491,упасти#2,V-
1492,божьствьныи,A-
1493,вѣрьныи,A-
1494,талантъ,Nb
1495,уготовати,V-
1496,овьча,Nb
1497,алъкати,V-
1498,трудити,V-
1499,съложение,Nb
1500,рьвьнитель,Nb
1501,подражатель,Nb
1502,благословеныи,A-
1503,съходити,V-
1504,поклонити,V-
1505,мъногашьды,Df
1506,страньникъ,Nb
1507,иже,Df
1508,уноша,Nb
1509,радыи,A-
1510,любьзно,Df
1511,въпросити,V-
1512,отъкуду,Du
1513,съпутьникъ,Nb
1514,сътваряти,V-
1515,допроводити,V-
1516,егда,Dq
1517,страньныи,A-
1518,възвѣстити,V-
1519,отъходъ,Nb
1520,нощь,Nb
1521,та,C-
1522,развѣ,R-
1523,попустити,V-
1524,чрѣво,Nb
1525,матерьнии,A-
1526,богогласьныи,A-
1527,опустѣти,V-
1528,тьрние,Nb
1529,вълчьць,Nb
1530,ти,C-
1531,пристигнути,V-
1532,ярость,Nb
1533,власъ,Nb
1534,пьхати,V-
1535,корити,V-
1536,нѣкыи,Px
1537,зълодѣи,Nb
1538,съвязати,V-
1539,тольми,Df
1540,изнемощи,V-
1541,възвести,V-
1542,храмъ,Nb
1543,привязати,V-
1544,затворити,V-
1545,отрѣшити,V-
1546,ясти,V-
1547,желѣзо,Nb
1548,отъбѣжати,V-
1549,умилосьрдити,V-
1550,мольба,Nb
1551,увѣщавати,V-
1552,лишати,V-
1553,литургия,Nb
1554,проскурьныи,A-
1555,непечение,Nb
1556,отълучити,V-
1557,пещи,V-
1558,проскура,Nb
1559,продаяти,V-
1560,аще,Df
1561,прибыти,V-
1562,нищии,A-
1563,купити,V-
1564,жито,Nb
1565,измлѣти,V-
1566,приносити,V-
1567,несквьрньныи,A-
1568,болии,A-
1569,съвьрстьныи,A-
1570,ругати,V-
1571,укаряхути,V-
1572,тоже,Df
1573,научати,V-
1574,мълчание,Nb
1575,добро,Nb
1576,почивати,V-
1577,отъвратити,V-
1578,поущати,V-
1579,възбранити,V-
1580,укоризна,Nb
1581,хула,Nb
1582,наносити,V-
1583,укаряти,V-
1584,дѣлати,V-
1585,отъвѣщавати,V-
1586,поубожити,V-
1587,поругати,V-
1588,опльвати,V-
1589,заушати,V-
1590,прѣтьрпѣти,V-
1591,кольми,Du
1592,хлѣбъ,Nb
1593,прѣломити,V-
1594,ломити,V-
1595,оставление,Nb
1596,плъть,Nb
1597,чудити,V-
1598,прѣмудрость,Nb
1599,оставати,V-
1600,острити,V-
1601,възбранение,Nb
1602,учьрнити,V-
1603,ожьжение,Nb
1604,пещьныи,A-
1605,съжалити,V-
1606,бранити,V-
1607,ласка,Nb
1608,гроза,Nb
1609,другоици,Df
1610,обитати,V-
1611,устрьмити,V-
1612,прѣжереченыи,A-
1613,презвитеровъ,A-
1614,вълечи,V-
1615,запрѣтити,V-
1616,покривыи,A-
1617,покорение,Nb
1618,въдати,V-
1619,тяжесть,Nb
1620,пъртъ,Nb
1621,облѣщи,V-
1622,судия,Nb
1623,кузньць,Nb
1624,съчепито,Nb
1625,съковати,V-
1626,прѣпоясати,V-
1627,узъкыи,A-
1628,грысти,V-
1629,скърбьныи,A-
1630,праздьничьныи,A-
1631,служение,Nb
1632,възлежати,V-
1633,облачати,V-
1634,неже,C-
1635,прилежьно,Df
1636,истыи,A-
1637,срачица,Nb
1638,въгрызение,Nb
1639,раждещи,V-
1640,растьрзати,V-
1641,сорочица,Nb
1642,тихость,Nb
1643,нѣкоторыи,Px
1644,тружати,V-
1645,обрѣменити,V-
1646,покоити,V-
1647,ярьмъ,Nb
1648,богодъхновеныи,A-
1649,рьвьность,Nb
1650,дышание,Nb
1651,пострѣщи,V-
1652,утаити,V-
1653,сълучаи,Nb
1654,развѣ,Df
1655,тѣлесьныи,A-
1656,направляти,V-
1657,приключаи,Nb
1658,купьць,Nb
1659,возъ,Nb
1660,брѣмя,Nb
1661,издалеча,Df
1662,являти,V-
1663,ставити,V-
1664,нощьныи,A-
1665,становище,Nb
1666,доити,V-
1667,опочивати,V-
1668,съблюдати,V-
1669,обиходити,V-
1670,мънихъ,Nb
1671,простость,Nb
1672,риза,Nb
1673,рачити,V-
1674,позъвати,V-
1675,пещера,Nb
1676,окрилатѣти,V-
1677,пасти#1,V-
1678,тѣсьныи,A-
1679,искушати,V-
1680,прозорочьныи,A-
1681,възградити,V-
1682,славьныи,A-
1683,събьрание,Nb
1684,чьрньць,Nb
1685,отъвѣщати,V-
1686,умиление,Nb
1687,проразумьникъ,Nb
1688,святость,Nb
1689,укрѣпити,V-
1690,тъщание,Nb
1691,старьць,Nb
1692,никонъ,Ne
1693,острѣщи,V-
1694,искусьныи,A-
1695,острищи,V-
1696,мънишьскыи,A-
1697,подаяти,V-
1698,бъдѣти,V-
1699,славословление,Nb
1700,съньныи,A-
1701,тягость,Nb
1702,въздьржание,Nb
1703,псалъмьскыи,A-
1704,съмѣряти,V-
1705,подвизание,Nb
1706,дручити,V-
1707,дивити,V-
1708,толикыи,A-
1709,благонравьство,Nb
1710,укрѣпление,Nb
1711,бъдрость,Nb
1712,окрьстьнии,A-
1713,лютѣ,Df
1714,пьрси,Nb
1715,заповѣдати,V-
1716,възвѣщение,Nb
1717,облѣнити,V-
1718,мало,Df
1719,помьдлити,V-
1720,дългота,Nb
1721,льсть,Nb
1722,вызывати,V-
1723,бесѣда,Nb
1724,обавити,V-
1725,оже,G-
1726,шьствовати,V-
1727,увѣщати,V-
1728,утрѣи,A-
1729,извести,V-
1730,двьрь,Nb
1731,печера,Nb
1732,ослушати,V-
1733,измѣнити,V-
1734,охапити,V-
1735,горько,Df
1736,одъва,Df
1737,потрѣба,Nb
1738,отълучати,V-
1739,сѣмо,Df
1740,отъходити,V-
1741,обращение,Nb
1742,послушание,Nb
1743,маловрѣменьныи,A-
1744,поучити,V-
1745,кънягыни,Nb
1746,пустити,V-
1747,женьскыи,A-
1748,никола,Ne
1749,постричи,V-
1750,келарь,Nb
1751,въписати,V-
1752,исправление,Nb
1753,съвьршение,Nb
1754,указати,V-
1755,благоисправляти,V-
1756,словословие,Nb
1757,побѣдоносьць,Nb
1758,острижение,Nb
1759,отъвьржение,Nb
1760,подвизати,V-
1761,рьвьние,Nb
1762,разгонити,V-
1763,бѣсовьскыи,A-
1764,алъкание,Nb
1765,идѣ,Df
1766,посрѣдѣ,R-
1767,часто,Df
1768,наслажати,V-
1769,медоточьныи,A-
1770,богатьство,Nb
1771,прикоснути,V-
1772,удобыи,A-
1773,вельблудъ,Nb
1774,сквозѣ,R-
1775,иглинъ,A-
1776,нежели,Df
1777,богатыи,A-
1778,годьныи,A-
1779,помыслъ,Nb
1780,рало,Nb
1781,управити,V-
1782,жизнь,Nb
1783,одѣти,V-
1784,область,Nb
1785,гнѣвати,V-
1786,бѣда,Nb
1787,едъва,Df
1788,никыиже,Px
1789,распудити,V-
1790,варламъ,Ne
1791,извлѣщи,V-
1792,мантия,Nb
1793,дьбрь,Nb
1794,шлѣмъ,Nb
1795,заврѣщи,V-
1796,съврѣщи,V-
1797,долу,Df
1798,теплыи,A-
1799,распалина,Nb
1800,кальныи,A-
1801,скоро,Df
1802,калъ,Nb
1803,лукавыи,A-
1804,трапеза,Nb
1805,въкусити,V-
1806,ничати,V-
1807,отъядение,Nb
1808,приставити,V-
1809,утворити,V-
1810,утварь,Nb
1811,прѣльщение,Nb
1812,клѣть,Nb
1813,угълъ,Nb
1814,одръ,Nb
1815,неистовьство,Nb
1816,таина,Nb
1817,въкушати,V-
1818,свита,Nb
1819,възъвати,V-
1820,жестъкыи,A-
1821,четвьртыи,Mo
1822,зима,Nb
1823,вещь,Nb
1824,рабыни,Nb
1825,проважати,V-
1826,воинъ,Nb
1827,пътица,Nb
1828,пругло,Nb
1829,истъргнути,V-
1830,тенето,Nb
1831,другыи,A-
1832,мина,Ne
1833,съвѣщати,V-
1834,особѣ,Df
1835,надъ,R-
1836,разлучити,V-
1837,варнава,Ne
1838,проповѣдание,Nb
1839,дѣяние,Nb
1840,костянтинь,A-
1841,островъ,Nb
1842,срѣдѣ,R-
1843,донынѣ,Df
1844,боляровъ,A-
1845,тъмутороканьскыи,A-
1846,прикладъ,Nb
1847,ефрѣмъ,Ne
1848,каженикъ,Nb
1849,послѣже,Df
1850,митрополитъ,Nb
1851,переяславль,Ne
1852,прѣдъложение,Nb
1853,отъселѣ,Df
1854,повелѣние,Nb
1855,съвьршати,V-
1856,нравъ,Nb
1857,мудрость,Nb
1858,обыкнути,V-
1859,мятежь,Nb
1860,мълва,Nb
1861,келия,Nb
1862,отътуда,Df
1863,хълмъ,Nb
1864,ископати,V-
1865,излазити,V-
1866,цьркъвица,Nb
1867,явленыи,A-
1868,тѣсьнота,Nb
1869,мощьныи,A-
1870,ядь,Nb
1871,ръжаныи,A-
1872,субота,Nb
1873,сочиво,Nb
1874,зелие,Nb
1875,съварити,V-
1876,ово,C-
1877,копытьце,Nb
1878,плести,V-
1879,клобукъ,Nb
1880,ручьныи,A-
1881,строити,V-
1882,раздѣляти,V-
1883,състроение,Nb
1884,оградъ,Nb
1885,копати,V-
1886,зелииныи,A-
1887,растение,Nb
1888,славословие,Nb
1889,въкупѣ,Df
1890,съити,V-
1891,часъ,Nb
1892,прѣспѣвати,V-
1893,поспѣшьство,Nb
1894,дръва,Nb
1895,лѣсъ,Nb
1896,опочитель,Nb
1897,раздѣлити,V-
1898,оводъ,Nb
1899,комаръ,Nb
1900,излѣзти,V-
1901,поясъ,Nb
1902,прясти,V-
1903,вълна,Nb
1904,съплетение,Nb
1905,давыдовъ,A-
1906,пити,V-
1907,неподвижимыи,A-
1908,непоступьныи,A-
1909,мясти,V-
1910,послѣже,R-
1911,къняжь,A-
1912,събьрати,V-
1913,изволение,Nb
1914,извѣсто,Df
1915,лихыи,A-
1916,старѣишиньство,Nb
1917,правило,Nb
1918,чинъ,Nb
1919,мъножити,V-
1920,фуниксъ,Nb
1921,процвьсти,V-
1922,кедръ,Nb
1923,ливанъ,Ne
1924,умъножати,V-
1925,благочьстивыи,A-
1926,нѣкакыи,Px
1927,скудьныи,A-
1928,съвъкупление,Nb
1929,поскърбѣти,V-
1930,никакоже,Df
1931,попечи,V-
1932,плътьныи,A-
1933,трѣбовати,V-
1934,нескудьно,Df
1935,подавати,V-
1936,недалече,R-
1937,довольныи,A-
1938,възгражение,Nb
1939,разбогатѣти,V-
1940,прѣславьныи,A-
1941,присьнодѣвица,Nb
1942,мария,Ne
1943,седмьдесятъ,Ma
1944,скопьць,Nb
1945,уставъ,Nb
1946,студиискыи,A-
1947,исписати,V-
1948,манастырьскыи,A-
1949,почисти,V-
1950,чьрноризьныи,A-
1951,отрѣвати,V-
1952,усьрдие,Nb
1953,искушение,Nb
1954,объходити,V-
1955,каковыи,Pi
1956,постригати,V-
1957,повелѣвати,V-
1958,извыкнути,V-
1959,устрои,Nb
1960,облѣчати,V-
1961,оболочати,V-
1962,скима,Nb
1963,мясопуща,Nb
1964,затворяти,V-
1965,вьрбьныи,A-
1966,пятъкъ,Nb
1967,цьркъвьныи,A-
1968,пощение,Nb
1969,достигнути,V-
1970,мьчьтание,Nb
1971,дьрзати,V-
1972,невидимо,Df
1973,побѣда,Nb
1974,пълкъ,Nb
1975,невидимыи,A-
1976,крѣпъко,Df
1977,съмѣти,V-
1978,приближити,V-
1979,мьчьта,Nb
1980,опочинути,V-
1981,ребро,Nb
1982,ляжати,V-
1983,коли,Df
1984,посъпати,V-
1985,поклонение,Nb
1986,хлопотъ,Nb
1987,колесьница,Nb
1988,ѣхати,V-
1989,бубънъ,Nb
1990,сопѣль,Nb
1991,сопѣти,V-
1992,кликати,V-
1993,трясти,V-
1994,плищь,Nb
1995,ужаснути,V-
1996,крьстьныи,A-
1997,трусъ,Nb
1998,исчазати,V-
1999,пакость,Nb
2000,мука#2,Nb
2001,расыпати,V-
2002,квасъ,Nb
2003,нечистыи,A-
2004,запрѣщение,Nb
2005,мъниховъ,A-
2006,ударити,V-
2007,приходъ,Nb
2008,обличати,V-
2009,притъча,Nb
2010,нагонити,V-
2011,льгъкыи,A-
2012,разорити,V-
2013,поклоняти,V-
2014,прощение,Nb
2015,просити,V-
2016,омрачение,Nb
2017,епитимия,Nb
2018,утвьрдити,V-
2019,павечерьнии,A-
2020,подвигнути,V-
2021,постъ,Nb
2022,любодѣание,Nb
2023,татьба,Nb
2024,клевета,Nb
2025,праздьнословие,Nb
2026,котора,Nb
2027,пияньство,Nb
2028,объѣдание,Nb
2029,братоненавидѣние,Nb
2030,уклонити,V-
2031,възгнушати,V-
2032,осквьрнавити,V-
2033,порода,Nb
2034,рыдание,Nb
2035,бъдѣние,Nb
2036,възненавидѣти,V-
2037,поминати,V-
2038,отрещи,V-
2039,еже,G-
2040,мьрзъкыи,A-
2041,бльвотина,Nb
2042,бесконьчьныи,A-
2043,коньчавати,V-
2044,лѣность,Nb
2045,каяти,V-
2046,ключь,Nb
2047,неудобь,Df
2048,въводити,V-
2049,плесна,Nb
2050,стопа,Nb
2051,приближати,V-
2052,змии,Nb
2053,шьствие,Nb
2054,прискърбьныи,A-
2055,радованьныи,A-
2056,получити,V-
2057,избѣгнути,V-
2058,неродивыи,A-
2059,наставьникъ,Nb
2060,жаждати,V-
2061,овъ,Px
2062,съто,Ma
2063,подобьныи,A-
2064,архистратигъ,Nb
2065,михаилъ,Ne
2066,софронии,Ne
2067,свѣтильникъ,Nb
2068,нѣчьто,Px
2069,въдавати,V-
2070,мъножицею,Df
2071,насыщати,V-
2072,възвеличати,V-
2073,вратарь,Nb
2074,отъѣдение,Nb
2075,отъвьрзати,V-
2076,врата,Nb
2077,въходити,V-
2078,полудьние,Nb
2079,хрьстолюбьць,Nb
2080,распустити,V-
2081,шесть,Ma
2082,приѣхати,V-
2083,съсѣсти,V-
2084,възвѣщати,V-
2085,потьрпѣти,V-
2086,изникнути,V-
2087,вьрховьнии,A-
2088,петръ,Ne
2089,тълкнути,V-
2090,ворота,Nb
2091,какыи,Pi
2092,полудьньныи,A-
2093,починути,V-
2094,прихожение,Nb
2095,иерусалимъ,Ne
2096,походити,V-
2097,такоже,Df
2098,доправити,V-
2099,туда,Df
2100,донести,V-
2101,десныи,A-
2102,епископъ,Nb
2103,ростиславъ,Ne
2104,умолити,V-
2105,другъ,Pc
2106,охопити,V-
2107,надълзѣ,Df
2108,обрядити,V-
2109,възворотити,V-
2110,поручати,V-
2111,поучение,Nb
2112,стефанъ,Ne
2113,ексархъ,Nb
2114,володимѣрьскыи,A-
2115,оболость,Nb
2116,послѣдъкъ,Nb
2117,феодосия,Ne
2118,пещьница,Nb
2119,тѣсто,Nb
2120,мѣшати,V-
2121,праздьникъ,Nb
2122,намѣнити,V-
2123,спѣхъ,Nb
2124,кладязь,Nb
2125,нѣколикыи,Px
2126,притещи,V-
2127,избытъкъ,Nb
2128,нѣколи,Df
2129,приготовати,V-
2130,варение,Nb
2131,праздьныи,A-
2132,приготовити,V-
2133,сѣчиво,Nb
2134,сѣчи,V-
2135,сѣщи,V-
2136,кротость,Nb
2137,истиньныи,A-
2138,навыкнути,V-
2139,възирати,V-
2140,служьбьникъ,Nb
2141,въскраи,R-
2142,нить,Nb
2143,възливати,V-
2144,власяныи,A-
2145,острыи,A-
2146,извъну,Df
2147,възволочати,V-
2148,власяница,Nb
2149,несъмысльныи,A-
2150,укорити,V-
2151,лъгати,V-
2152,възиграти,V-
2153,досажение,Nb
2154,умудити,V-
2155,посъпание,Nb
2156,допровадити,V-
2157,пороздьныи,A-
2158,трудьныи,A-
2159,въздрѣмати,V-
2160,зоря,Nb
2161,покланяти,V-
2162,въсадити,V-
2163,больми,Df
2164,въвести,V-
2165,трапезьница,Nb
2166,ѣсти,V-
2167,куна,Nb
2168,повозьникъ,Nb
2169,възносити,V-
2170,величати,V-
2171,покоривыи,A-
2172,съгъбеныи,A-
2173,прѣстаяти,V-
2174,крѣпъцѣ,Df
2175,къзнь,Nb
2176,поступати,V-
2177,напасть,Nb
2178,обычьныи,A-
2179,чьрныи,A-
2180,нельзѣ,Df
2181,трепетъ,Nb
2182,объяти,V-
2183,бѣжати,V-
2184,въспрянути,V-
2185,ужасть,Nb
2186,отъбѣгнути,V-
2187,крѣпити,V-
2188,отъпущати,V-
2189,ложе,Nb
2190,влачити,V-
2191,стѣна,Nb
2192,влѣщи,V-
2193,подавити,V-
2194,како,Df
2195,прѣкрьстити,V-
2196,сладъко,Df
2197,проныривыи,A-
2198,хытрыи,A-
2199,тихо,Df
2200,икономъ,Nb
2201,утрии,A-
2202,заимъ,Nb
2203,благодѣяти,V-
2204,дългъ,Nb
2205,утрѣшьнии,A-
2206,воинскыи,A-
2207,одѣние,Nb
2208,мълчати,V-
2209,пытати,V-
2210,еда,G-
2211,клятва,Nb
2212,анастасъ,Ne
2213,трѣбование,Nb
2214,възврѣщи,V-
2215,дьньсь,Df
2216,прѣкланяти,V-
2217,строитель,Nb
2218,вънегда,Dq
2219,тихы,Df
2220,отъступити,V-
2221,начинати,V-
2222,рамяно,Df
2223,тутьнъ,Nb
2224,умълкнути,V-
2225,благословьствити,V-
2226,кратъ,Nb
2227,нѣкъто,Px
2228,санъ,Nb
2229,дамианъ,Ne
2230,несъпание,Nb
2231,участити,V-
2232,болѣти,V-
2233,съобьщьникъ,Nb
2234,причастити,V-
2235,причисти,V-
2236,прѣдъстати,V-
2237,извѣстити,V-
2238,прошение,Nb
2239,обьщьникъ,Nb
2240,явление,Nb
2241,пригласити,V-
2242,обѣщание,Nb
2243,осклабити,V-
2244,просльзити,V-
2245,било,Nb
2246,лѣпотьныи,A-
2247,погребати,V-
2248,распространити,V-
2249,поставление,Nb
2250,городити,V-
2251,разградити,V-
2252,стрѣщи,V-
2253,разбоиникъ,Nb
2254,полата,Nb
2255,съкръвеныи,A-
2256,одинъ,Ma
2257,благоухание,Nb
2258,полунощьныи,A-
2259,поимати,V-
2260,паномонарь,Nb
2261,привидѣние,Nb
2262,искоренити,V-
2263,помудити,V-
2264,дивии,A-
2265,въздухъ,Nb
2266,дострѣлити,V-
2267,чути,V-
2268,покаяти,V-
2269,иногда,Df
2270,ѣздити,V-
2271,пятьнадесять,Ma
2272,облакъ,Nb
2273,ратьныи,A-
2274,съдравыи,A-
2275,оковати,V-
2276,сънятие,Nb
2277,бои,Nb
2278,полъдьнь,Nb
2279,храмина,Nb
2280,климентъ,Ne
2281,немъногыи,A-
2282,пазуха,Nb
2283,у,Df
2284,пьрвѣе,Df
2285,изнести,V-
2286,прѣдъставляти,V-
2287,рыба,Nb
2288,сладъкыи,A-
2289,устроити,V-
2290,различьныи,A-
2291,сладость,Nb
2292,увѣрити,V-
2293,кыи,Px
2294,пьрвое,Df
2295,олтарь,Nb
2296,възгнѣтити,V-
2297,въливати,V-
2298,котьлъ,Nb
2299,шегати,V-
2300,приставьникъ,Nb
2301,населити,V-
2302,прилогъ,Nb
2303,неимѣние,Nb
2304,сънѣдьныи,A-
2305,лише,Df
2306,уставьныи,A-
2307,пещь,Nb
2308,въметати,V-
2309,вражии,A-
2310,прѣслушание,Nb
2311,идѣ,Dq
2312,безумьныи,A-
2313,прѣдъложити,V-
2314,тряпезьница,Nb
2315,напрасьныи,A-
2316,гнѣвьливыи,A-
2317,ярыи,A-
2318,отъблудити,V-
2319,крѣпѣ,Df
2320,мужьскыи,A-
2321,печальныи,A-
2322,отъбѣгати,V-
2323,исхожение,Nb
2324,единою,Df
2325,заблужение,Nb
2326,платьно,Nb
2327,ослушание,Nb
2328,изгорѣти,V-
2329,проводити,V-
2330,проречение,Nb
2331,напаяти,V-
2332,наводити,V-
2333,прокыи,A-
2334,съповѣдание,Nb
2335,негли,Df
2336,пьшеница,Nb
2337,съмясти,V-
2338,прѣдъставити,V-
2339,непокоривыи,A-
2340,одъждити,V-
2341,источити,V-
2342,крастель,Nb
2343,пища,Nb
2344,напълнити,V-
2345,сыръ,Nb
2346,пьшено,Nb
2347,възвеселити,V-
2348,сухыи,A-
2349,масло,Nb
2350,съньзти,V-
2351,сииже,Pd
2352,красти,V-
2353,раздрѣшити,V-
2354,прѣобидѣти,V-
2355,миновати,V-
2356,пьрвомученикъ,Nb
2357,трудоватыи,A-
2358,десятыи,Mo
2359,налияти,V-
2360,викия,Nb
2361,довьлѣти,V-
2362,вълияти,V-
2363,утрие,Nb
2364,излияти,V-
2365,привезти,V-
2366,пълныи,A-
2367,кърчага,Nb
2368,парамонарь,Nb
2369,иже,Dq
2370,хлѣбьць,Nb
2371,прѣслушати,V-
2372,помыслити,V-
2373,изрѣзати,V-
2374,вьчера,Df
2375,приходити,A-
2376,кошь,Nb
2377,укрухъ,Nb
2378,въсыпати,V-
2379,рѣчьныи,A-
2380,струя,Nb
2381,въспомяновение,Nb
2382,изгънание,Nb
2383,игуменьство,Nb
2384,подвижьникъ,Nb
2385,потрудити,V-
2386,уставити,V-
2387,макъ,Nb
2388,сълъгати,V-
2389,сътворение,Nb
2390,постьныи,A-
2391,отънуду,Df
2392,испещи,V-
2393,готовити,V-
2394,мѣсити,V-
2395,лѣяти,V-
2396,укропъ,Nb
2397,жаба,Nb
2398,осквьрнити,V-
2399,съблюдение,Nb
2400,гадъ,Nb
2401,прѣсѣчение,Nb
2402,дрѣвяныи,A-
2403,кандило,Nb
2404,вълияние,Nb
2405,льняныи,A-
2406,лияти,V-
2407,мышь,Nb
2408,плавати,V-
2409,съсудъ,Nb
2410,утонути,V-
2411,съмотрѣние,Nb
2412,похулити,V-
2413,невѣрьство,Nb
2414,невѣрьствовати,V-
2415,та,Df
2416,избыти,V-
2417,боголюбивыи,A-
2418,непростыи,A-
2419,дъждь,Nb
2420,належание,Nb
2421,вечеря,Nb
2422,ключарь,Nb
2423,опроворотити,V-
2424,тъщии,A-
2425,ниць,A-
2426,пиво,Nb
2427,опровратити,V-
2428,бъчьвь,Nb
2429,правѣ,Df
2430,трѣба,Nb
2431,хлѣвина,Nb
2432,скотъ,Nb
2433,затваряти,V-
2434,покрапляти,V-
2435,доселѣ,Df
2436,въоружити,V-
2437,изгонити,V-
2438,тъкъмо#2,Df
2439,древле,Df
2440,мѣсильница,Nb
2441,пакостьствовати,V-
2442,испечение,Nb
2443,съглядати,V-
2444,сусѣкъ,Nb
2445,еда,Df
2446,помести,V-
2447,отруби,Nb
2448,трои,Ma
2449,четверъ,Ma
2450,пригърща,Nb
2451,илия,Ne
2452,вьдовица,Nb
2453,прѣпитати,V-
2454,гладьныи,A-
2455,гобино,Nb
2456,прѣсыпати,V-
2457,чрѣсъ,R-
2458,въспятити,V-
2459,земьныи,A-
2460,чьтоже,Px
2461,сѣяти,V-
2462,жати,V-
2463,ниже,C-
2464,житьница,Nb
2465,питати,V-
2466,унии,A-
2467,вьселукавыи,A-
2468,вълагати,V-
2469,запрѣщати,V-
2470,нѣкако,Df
2471,зълокъзньныи,A-
2472,вълкъ,Nb
2473,отъкрыти,V-
2474,прѣчистыи,A-
2475,показовати,V-
2476,надълежати,V-
2477,пламы,Nb
2478,вьрхъ,Nb
2479,комара,Nb
2480,зьдати,V-
2481,дуга,Nb
2482,заѣхати,V-
2483,сава#1,Ne
2484,потомь,Df
2485,разумѣвати,V-
2486,ветъхыи,A-
2487,грясти,V-
2488,прѣди,Df
2489,освящати,V-
2490,отаи,R-
2491,жидъ,Nb
2492,прѣпирати,V-
2493,досажати,V-
2494,отъметьникъ,Nb
2495,безаконьникъ,Nb
2496,жьдати,V-
2497,огражати,V-
2498,твьрдыи,A-
2499,плѣнити,V-
2500,разбои,Nb
2501,сълучити,V-
2502,мимо,R-
2503,покывати,V-
2504,съдьржание,Nb
2505,прѣдъизвѣщати,V-
2506,прикладати,V-
2507,слухъ,Nb
2508,чистота,Nb
2509,исправляти,V-
2510,съмятение,Nb
2511,боголюбьць,Nb
2512,бѣдити,V-
2513,причетати,V-
2514,неправьдьныи,A-
2515,вельзавелинъ,A-
2516,укоризньныи,A-
2517,прогнѣвати,V-
2518,прогънание,Nb
2519,иже,C-
2520,епистолия,Nb
2521,древьнии,A-
2522,гонитель,Nb
2523,убоиникъ,Nb
2524,прочисти,V-
2525,разгнѣвати,V-
2526,львъ,Nb
2527,рикнути,V-
2528,промъкнути,V-
2529,поточение,Nb
2530,осудити,V-
2531,супротивити,V-
2532,затъчение,Nb
2533,еда,Du
2534,благодатьство,Nb
2535,лишение,Nb
2536,нудити,V-
2537,отълучение,Nb
2538,опечаловати,V-
2539,жадати,V-
2540,поточити,V-
2541,дьрзнути,V-
2542,завидѣти,V-
2543,успѣшьныи,A-
2544,прѣложение,Nb
2545,обличение,Nb
2546,давьныи,A-
2547,въпустити,V-
2548,успѣти,V-
2549,дьржава,Nb
2550,обличити,V-
2551,износити,V-
2552,сътъ,Nb
2553,играти,V-
2554,гусльныи,A-
2555,органьныи,A-
2556,замарьныи,A-
2557,пискъ,Nb
2558,гласити,V-
2559,въсклонити,V-
2560,игра,Nb
2561,сърѣтати,V-
2562,сумьнѣти,V-
2563,ектения,Nb
2564,камение,Nb
2565,присьнодѣвыи,A-
2566,приятие,Nb
2567,прилежати,V-
2568,строи,Nb
2569,народъ,Nb
2570,съвратити,V-
2571,копание,Nb
2572,ино,Df
2573,съградити,V-
2574,онъдѣ,Df
2575,управление,Nb
2576,достояние,Nb
2577,искусити,V-
2578,достоино,Df
2579,осиляти,V-
2580,камыкъ,Nb
2581,приразити,V-
2582,отъскакати,V-
2583,заступьникъ,Nb
2584,сирыи,A-
2585,худость,Nb
2586,ризьныи,A-
2587,невѣгласъ,Nb
2588,усмихати,V-
2589,поругание,Nb
2590,знати,V-
2591,обидѣти,V-
2592,дома,Df
2593,насилие,Nb
2594,избавляти,V-
2595,кыпѣти,V-
2596,козьлина,Nb
2597,цѣсарьскыи,A-
2598,богоугодьно,Df
2599,отъшьствие,Nb
2600,съзъвати,V-
2601,тиунъ,Nb
2602,богоугодьныи,A-
2603,стояние,Nb
2604,братолюбие,Nb
2605,възгрозити,V-
2606,распалити,V-
2607,противьныи,A-
2608,лукавьство,Nb
2609,пронырьство,Nb
2610,мытарьство,Nb
2611,провести,V-
2612,деместикъ,Nb
2613,прѣставление,Nb
2614,възитие,Nb
2615,паства,Nb
2616,освитати,V-
2617,кричати,V-
2618,разлучение,Nb
2619,утроба,Nb
2620,сънабъдѣти,V-
2621,единоумие,Nb
2622,издыхание,Nb
2623,работати,V-
2624,прирокъ,Nb
2625,заклинати,V-
2626,омывати,V-
2627,отъсълати,V-
2628,скудѣние,Nb
2629,умаляти,V-
2630,скважьня,Nb
2631,полежати,V-
2632,обавление,Nb
2633,изрещи,V-
2634,опрятати,V-
2635,прострѣти,V-
2636,крьстообразьнѣ,Df
2637,прѣложити,V-
2638,болесть,Nb
2639,присѣдѣти,V-
2640,пооблачити,V-
2641,сънити,V-
2642,разбѣгнути,V-
2643,запечатьлѣти,V-
2644,осмьдесятъ,Ma
2645,приплодъкъ,Nb
2646,обѣтъ,Nb
2647,пограбити,V-
2648,писание,Nb
2649,печаловати,V-
2650,задъ,Nb
2651,лукъньце,Nb
2652,кононъ,Ne
2653,знаемыи,A-
2654,уязвити,V-
2655,украсти,V-
2656,наущение,Nb
2657,клиросъ,Nb
2658,софия,Ne
2659,жечи,V-
2660,ослабление,Nb
2661,палъка,Nb
2662,почути,V-
2663,отъступление,Nb
2664,прѣстатие,Nb
2665,исцѣлити,V-
2666,умьртвие,Nb
2667,зьдание,Nb
2668,осупати,V-
2669,съгражение,Nb
2670,разьно,Df
2671,умирати,V-
2672,мирьно,Df
2673,супротивъ,R-
2674,котера,Nb
2675,въздвизати,V-
2676,супостатьныи,A-
2677,въставляти,V-
2678,отъставити,V-
2679,тъщати,V-
2680,костянтинъградъ,Ne
2681,влахерна,Ne
2682,пострижение,Nb
2683,окушати,V-
2684,указание,Nb
2685,осъпытовати,V-
2686,дияконьскыи,A-
2687,объдьржати,V-
2688,купьно,Df
